date,perf
2016-08-23,-0.006452281848879425
2016-08-24,-0.005510154325477374
2016-08-25,-0.003378995043591124
2016-08-26,0.0021448972640605362
2016-08-27,-0.0156923718587129
2016-08-28,0.01004774953142493
2016-08-29,0.004054844382727146
2016-08-30,0.005214635381215103
2016-08-31,6.695383053296711e-05
2016-09-01,-0.00422271245801663
2016-09-02,0.008427190589399372
2016-09-03,0.03022721340658125
2016-09-04,0.01766838342763996
2016-09-05,-0.002188056878916268
2016-09-06,0.0029424365855218074
2016-09-07,0.003979574938025881
2016-09-08,0.014525143149525712
2016-09-09,-0.002640799701510717
2016-09-10,0.005010478234285503
2016-09-11,-0.03006033875215654
2016-09-12,0.004331246507480137
2016-09-13,0.0025423329713498656
2016-09-14,0.001970525735675556
2016-09-15,0.001850417362702814
2016-09-16,0.000918015560333422
2016-09-17,-0.0007176232051068228
2016-09-18,0.003064740490222871
2016-09-19,0.005038684390018972
2016-09-20,0.008323048095471831
2016-09-21,-0.021637623153815826
2016-09-22,-0.004309383884339561
2016-09-23,0.011307215275181625
2016-09-24,-0.0018066168189814803
2016-09-25,0.000761762353537098
2016-09-26,0.006623600338809431
2016-09-27,0.00015584339383006946
2016-09-28,0.001409436553814764
2016-09-29,-0.001570964299042981
2016-09-30,0.005924659904291237
2016-10-01,0.0015253730305116904
2016-10-02,-0.003287775227389458
2016-10-03,0.0029662142918019463
2016-10-04,-0.0053715728709419494
2016-10-05,-0.004509608121203376
2016-10-06,-0.00187839719066429
2016-10-07,0.002609392288072492
2016-10-08,-0.0009860733437670733
2016-10-09,-0.003185615981852162
2016-10-10,0.0003625883681369029
2016-10-11,0.030282495997195083
2016-10-12,-0.006494577894136246
2016-10-13,0.0014966407203418977
2016-10-14,0.0061188204249471795
2016-10-15,-0.004662634076133583
2016-10-16,0.0029527360068974267
2016-10-17,-0.0041197142349182975
2016-10-18,0.0036951265893857403
2016-10-19,-0.013407994857426062
2016-10-20,0.0026920715713948883
2016-10-21,0.0036066096289626183
2016-10-22,0.03058541187751843
2016-10-23,0.0002914328005043805
2016-10-24,-0.006153660972152412
2016-10-25,-0.0003922241931449337
2016-10-26,0.027301779581762452
2016-10-27,0.011406712250864969
2016-10-28,-0.0036642048184524646
2016-10-29,0.02422430816497273
2016-10-30,-0.007696412184600252
2016-10-31,-0.002978374512627878
2016-11-01,0.03273768335536176
2016-11-02,0.013504180976458755
2016-11-03,-0.06393838344505164
2016-11-04,0.021190261004311668
2016-11-05,0.002745850549332556
2016-11-06,0.00853374062325168
2016-11-07,-0.010345498350159214
2016-11-08,0.008409601204747676
2016-11-09,0.014757034162307902
2016-11-10,-0.010083604116889824
2016-11-11,0.00030825682363764737
2016-11-12,-0.016236753691737504
2016-11-13,-0.0019501311337884273
2016-11-14,0.002478862817280477
2016-11-15,0.008811860401515425
2016-11-16,0.03730777243417944
2016-11-17,-0.004875726678058777
2016-11-18,0.00934314267688598
2016-11-19,0.0014171166019417692
2016-11-20,-0.025786302509520104
2016-11-21,0.010459265928798953
2016-11-22,0.01631726320261805
2016-11-23,-0.00922198733578704
2016-11-24,-0.009030649089136387
2016-11-25,0.0024822997017512095
2016-11-26,-0.0066536148708197145
2016-11-27,-0.005967518649733159
2016-11-28,0.0019912270460229475
2016-11-29,-0.004821359135127742
2016-11-30,0.016001465061756558
2016-12-01,0.011468260960106287
2016-12-02,0.02029972937391994
2016-12-03,-0.00657075536960568
2016-12-04,-0.0003333106041643918
2016-12-05,-0.023063976761807197
2016-12-06,0.014908196027276362
2016-12-07,0.009150289405309596
2016-12-08,0.003013492735854723
2016-12-09,0.004116464711560127
2016-12-10,-0.0014808731206802498
2016-12-11,-0.005239737237695484
2016-12-12,0.014017913757436171
2016-12-13,-0.0008592188272035318
2016-12-14,0.0004945711609643088
2016-12-15,-0.006145171361983807
2016-12-16,0.008696521361502072
2016-12-17,0.00591498969554735
2016-12-18,0.0006418039879797892
2016-12-19,0.0007535259526101116
2016-12-20,0.008695744900846045
2016-12-21,0.037786301051399254
2016-12-22,0.03089023237585362
2016-12-23,0.059670613499075674
2016-12-24,-0.02240844729011329
2016-12-25,-0.0035186459863839384
2016-12-26,0.01273348110737353
2016-12-27,0.026928833963258948
2016-12-28,0.044074814787558855
2016-12-29,0.0023955840492279165
2016-12-30,-0.012160019464397681
2016-12-31,0.001779272571866292
2017-01-01,0.033643186368790615
2017-01-02,0.024182035427009665
2017-01-03,0.02680458764531362
2017-01-04,0.10292206808750902
2017-01-05,-0.1266287755248205
2017-01-06,-0.10737409490549202
2017-01-07,0.0040010122350020855
2017-01-08,0.005075029851953284
2017-01-09,-0.007240877052041353
2017-01-10,0.007866831380833194
2017-01-11,-0.14739783100844803
2017-01-12,0.03280563807217933
2017-01-13,0.020381434372062378
2017-01-14,-0.0062418084261360186
2017-01-15,0.004873750582705525
2017-01-16,0.009652411583438531
2017-01-17,0.08424130754459053
2017-01-18,-0.022370535532235097
2017-01-19,0.01458464465596071
2017-01-20,-0.003967581817368485
2017-01-21,0.02818838332688953
2017-01-22,0.0016987241876664052
2017-01-23,-0.0028510844395654694
2017-01-24,-0.030453023873299914
2017-01-25,0.008818560912904694
2017-01-26,0.0174646799375592
2017-01-27,0.001579721978250571
2017-01-28,0.0026041316843527593
2017-01-29,-0.002031817508834678
2017-01-30,0.0021905894063572024
2017-01-31,0.04818731083384276
2017-02-01,0.01781797767042737
2017-02-02,0.021358384501252294
2017-02-03,0.017613842108647085
2017-02-04,0.012978964800661687
2017-02-05,-0.014490410744805164
2017-02-06,0.009638658690986077
2017-02-07,0.02036539384525915
2017-02-08,0.0012465156421610083
2017-02-09,-0.06371316408728356
2017-02-10,-0.004314670230540325
2017-02-11,0.015490192461275056
2017-02-12,-0.004795340852715213
2017-02-13,-0.009115669266917072
2017-02-14,0.0231486877953891
2017-02-15,0.0035529623340649027
2017-02-16,0.01657820565999293
2017-02-17,0.01515669823929316
2017-02-18,0.006957226227900797
2017-02-19,-0.0051894912184386
2017-02-20,0.02452537450498243
2017-02-21,0.029261250954595645
2017-02-22,0.0024073230443374433
2017-02-23,0.042649649031034756
2017-02-24,0.0043026374406481705
2017-02-25,-0.02100371881360161
2017-02-26,0.021365087479332495
2017-02-27,0.014804606298034975
2017-02-28,0.0032402905196527
2017-03-01,0.04162461116014894
2017-03-02,0.029588698384855783
2017-03-03,0.020840507600204408
2017-03-04,-0.018175857057205334
2017-03-05,0.012480364668928889
2017-03-06,0.006239061165462954
2017-03-07,-0.03769095971504241
2017-03-08,-0.06628888494326637
2017-03-09,0.037024572229977556
2017-03-10,-0.04723112836141537
2017-03-11,0.06304440132859075
2017-03-12,0.04398226462107908
2017-03-13,0.030312334927018236
2017-03-14,0.010546713745560621
2017-03-15,0.03542742726573106
2017-03-16,0.008162921488407674
2017-03-17,-0.053615125166489946
2017-03-18,-0.13635380440210573
2017-03-19,0.09937245269133876
2017-03-20,0.004087757975925308
2017-03-21,0.043845181420071516
2017-03-22,-0.04871715597787238
2017-03-23,0.004417024414442023
2017-03-24,-0.030988253283934588
2017-03-25,0.015846344903693597
2017-03-26,-0.0058465529605836
2017-03-27,0.05095434636828341
2017-03-28,0.010433543654376485
2017-03-29,0.005235162147354739
2017-03-30,-0.0001500566642734233
2017-03-31,0.036602351318185705
2017-04-01,0.010833242356768375
2017-04-02,0.09494128625291501
2017-04-03,-0.014913286634589499
2017-04-04,0.003430391978514992
2017-04-05,0.0010055340141641525
2017-04-06,0.02139185375792461
2017-04-07,-0.00428895465456416
2017-04-08,0.010210895569836429
2017-04-09,-0.0013577858792444856
2017-04-10,6.648446351902246e-05
2017-04-11,0.009430464468464092
2017-04-12,0.01629150968585519
2017-04-13,-0.004443879774929629
2017-04-14,-0.010705380215600602
2017-04-15,0.012383993334259056
2017-04-16,0.005569521541530683
2017-04-17,0.006079035013518541
2017-04-18,0.01848717876136223
2017-04-19,-0.01263195691416457
2017-04-20,0.014817350046688986
2017-04-21,-0.0012811952259037037
2017-04-22,0.008818965654167336
2017-04-23,-0.014085627399099913
2017-04-24,0.035135549526849524
2017-04-25,0.011025318085549537
2017-04-26,0.022370920839732814
2017-04-27,0.05391768319184694
2017-04-28,0.03811377511385159
2017-04-29,0.01625077282665236
2017-04-30,0.04277906681223759
2017-05-01,0.030967558476778803
2017-05-02,0.014878516888159778
2017-05-03,0.0404610154501926
2017-05-04,0.09004681476706286
2017-05-05,0.026766699353543755
2017-05-06,0.03304205163785439
2017-05-07,0.058811543450176765
2017-05-08,0.09567318999190777
2017-05-09,-0.019652457758757146
2017-05-10,0.0292091864680846
2017-05-11,0.017233872179299448
2017-05-12,-0.022422238947891058
2017-05-13,0.03789699314840028
2017-05-14,0.006538963175875792
2017-05-15,0.0186187244595271
2017-05-16,0.05496657471244657
2017-05-17,0.07301867672472921
2017-05-18,0.030546636301752698
2017-05-19,0.06272958729702137
2017-05-20,0.0451175789419864
2017-05-21,0.040759311096179585
2017-05-22,0.04466649200616903
2017-05-23,0.061686492105863466
2017-05-24,0.021624942418096284
2017-05-25,-0.09302514376369897
2017-05-26,-0.039751638146116285
2017-05-27,-0.0783413450337935
2017-05-28,0.06330315233626505
2017-05-29,0.06291186732932881
2017-05-30,0.015307982601265731
2017-05-31,0.05204808494783057
2017-06-01,0.07351121505927953
2017-06-02,0.014429963231892981
2017-06-03,0.002444315255505382
2017-06-04,0.026467079822579346
2017-06-05,0.04448210760937682
2017-06-06,0.050902503213939375
2017-06-07,-0.038348589387987256
2017-06-08,0.03184006028641925
2017-06-09,0.02522480198406859
2017-06-10,0.06822322708430553
2017-06-11,0.01807891520863534
2017-06-12,-0.0025890383406767486
2017-06-13,0.01682263193126592
2017-06-14,-0.07497850512934606
2017-06-15,-0.013448366317273336
2017-06-16,0.02320192832419644
2017-06-17,0.04569215088716021
2017-06-18,-0.020236892544482094
2017-06-19,0.014907971809014884
2017-06-20,0.020697020801912908
2017-06-21,-0.03950479405995673
2017-06-22,0.002537013847217119
2017-06-23,0.02561131728429509
2017-06-24,-0.04950214205665032
2017-06-25,-0.033102659892401416
2017-06-26,-0.06988443367273581
2017-06-27,0.035341089903764826
2017-06-28,0.048639863692274424
2017-06-29,-0.043342937533258435
2017-06-30,-0.023174252537008767
2017-07-01,-0.03950440958748899
2017-07-02,0.034399261165748284
2017-07-03,0.013422404369137584
2017-07-04,0.0024531496349256337
2017-07-05,-0.004920981302353418
2017-07-06,0.0014642716440773874
2017-07-07,-0.06347495392767015
2017-07-08,0.022312266075036797
2017-07-09,-0.029113861715113105
2017-07-10,-0.09143108815201442
2017-07-11,-0.04569396461695556
2017-07-12,0.08104868989413633
2017-07-13,-0.04365520550361176
2017-07-14,-0.05449594638273555
2017-07-15,-0.12154149749663141
2017-07-16,-0.05769336240878044
2017-07-17,0.1653704552795863
2017-07-18,0.0864729221590327
2017-07-19,-0.07031577182850238
2017-07-20,0.17732255697432994
2017-07-21,-0.043318822357025694
2017-07-22,0.0579630405444075
2017-07-23,-0.023189261302499646
2017-07-24,0.005021698028386306
2017-07-25,-0.07466562154200956
2017-07-26,-0.015290595280855048
2017-07-27,0.03299548743309388
2017-07-28,0.008682302080816915
2017-07-29,0.0024787828410642154
2017-07-30,-0.009926809336151247
2017-07-31,0.0358193984716537
2017-08-01,0.00743483885595052
2017-08-02,-0.006874545068251676
2017-08-03,0.027589915313086664
2017-08-04,0.016651954412674492
2017-08-05,0.11196522546041762
2017-08-06,-0.00421536664517264
2017-08-07,0.04024003170347478
2017-08-08,0.041729210716061414
2017-08-09,-0.018260848164774517
2017-08-10,0.004655466229876192
2017-08-11,0.056771904207179424
2017-08-12,0.03363647608668631
2017-08-13,0.012289494133296323
2017-08-14,0.03840232507050558
2017-08-15,-0.03293420255256069
2017-08-16,0.041264678927172074
2017-08-17,-0.010212098120603851
2017-08-18,-0.02934421203765146
2017-08-19,0.01261523529699321
2017-08-20,-0.0063505569332709105
2017-08-21,0.01793239779577327
2017-08-22,0.028418715958484976
2017-08-23,0.015321411401689094
2017-08-24,0.025521962233120248
2017-08-25,0.014418627695002524
2017-08-26,0.009607166290344166
2017-08-27,0.014750937550120557
2017-08-28,0.009205274322445039
2017-08-29,0.03920590388416844
2017-08-30,0.010681037898805118
2017-08-31,0.03589603311553909
2017-09-01,0.0320651743158961
2017-09-02,-0.08288045451685352
2017-09-03,0.0015948480930563036
2017-09-04,-0.10872314930165053
2017-09-05,0.043912411046824404
2017-09-06,0.057181313687388366
2017-09-07,-0.005720738300517271
2017-09-08,-0.08838725212199035
2017-09-09,-0.003966081614860482
2017-09-10,-0.023067399531390295
2017-09-11,0.013111700140808919
2017-09-12,-0.009063531553834301
2017-09-13,-0.056569561855309786
2017-09-14,-0.2307943652901097
2017-09-15,0.14675895836071615
2017-09-16,-0.006590283005195736
2017-09-17,-0.0017060207050732471
2017-09-18,0.12881055248701537
2017-09-19,-0.036455059485444787
2017-09-20,-0.0026945463522451696
2017-09-21,-0.07858196099497379
2017-09-22,0.008611116805727242
2017-09-23,0.05128474662941584
2017-09-24,-0.024680358425006793
2017-09-25,0.054390407016084066
2017-09-26,-0.008483695307242526
2017-09-27,0.07311501155336221
2017-09-28,-0.014296141310256916
2017-09-29,-0.010694248045100434
2017-09-30,0.03538876002422261
2017-10-01,0.01164790349295656
2017-10-02,-0.007251246404270409
2017-10-03,-0.01909797579568159
2017-10-04,-0.009654458091949477
2017-10-05,0.023953186820893348
2017-10-06,0.016118889369521373
2017-10-07,0.011967540419096374
2017-10-08,0.03277477030945869
2017-10-09,0.001775922151335392
2017-10-10,0.008374564183832311
2017-10-11,0.011338747456373418
2017-10-12,0.07633360532509531
2017-10-13,0.05172884272282135
2017-10-14,0.022803756474537792
2017-10-15,-0.017600607262921418
2017-10-16,0.004851122313232295
2017-10-17,-0.03196389425224311
2017-10-18,-0.007933396696476885
2017-10-19,0.007520723481217254
2017-10-20,0.030029302782877507
2017-10-21,-0.0009057405318966286
2017-10-22,-0.008700758234157847
2017-10-23,-0.017867670605559417
2017-10-24,-0.03153527568507334
2017-10-25,0.025215748558298005
2017-10-26,0.015351866482676033
2017-10-27,-0.014732629833025705
2017-10-28,-0.005557482675236672
2017-10-29,0.054003562564075576
2017-10-30,-0.0009067054355454192
2017-10-31,0.03405646178238446
2017-11-01,0.01892659849813628
2017-11-02,0.03237378242663052
2017-11-03,0.026612405351255704
2017-11-04,0.012640234020156967
2017-11-05,-1.5243979981251824e-05
2017-11-06,-0.032994562571728135
2017-11-07,0.01405498424973779
2017-11-08,0.04536962152768987
2017-11-09,-0.018338701398532914
2017-11-10,-0.074983725042005
2017-11-11,-0.012813978563742017
2017-11-12,-0.042458539076971905
2017-11-13,0.071871595738135
2017-11-14,0.023819208725512245
2017-11-15,0.06756424259740999
2017-11-16,0.05548938774286705
2017-11-17,-0.014720325508296949
2017-11-18,0.01918621508231896
2017-11-19,0.02633289019175482
2017-11-20,0.025321352639587538
2017-11-21,-0.01508968844717456
2017-11-22,0.03362392636880588
2017-11-23,-0.003580742848129786
2017-11-24,0.051668729567500155
2017-11-25,0.04736721011565075
2017-11-26,0.04103329181460156
2017-11-27,0.0440987532317859
2017-11-28,0.027281825044938986
2017-11-29,-0.04504616991433998
2017-11-30,0.04010776550286643
2017-12-01,0.06341974765023059
2017-12-02,0.00727511404784716
2017-12-03,0.017558912922695413
2017-12-04,0.02671833085095687
2017-12-05,0.01773333334270555
2017-12-06,0.12554927287901915
2017-12-07,0.1800187333276165
2017-12-08,-0.02870331987256327
2017-12-09,-0.061908492669649345
2017-12-10,-0.0008628605388048134
2017-12-11,0.10991521522763315
2017-12-12,0.09364994951611005
2017-12-13,-0.02030062151305247
2017-12-14,0.05762379920199018
2017-12-15,0.03527626896428247
2017-12-16,0.07804342372946863
2017-12-17,-0.0009044708680357957
2017-12-18,0.03230224626484242
2017-12-19,-0.03547732582463885
2017-12-20,-0.03256246076981933
2017-12-21,0.014804663871488733
2017-12-22,-0.14052712728995895
2017-12-23,0.06901615543082368
2017-12-24,-0.04899060351652287
2017-12-25,0.02770866394874042
2017-12-26,0.09477681552312694
2017-12-27,0.0030862043801491777
2017-12-28,-0.05675308462892127
2017-12-29,0.09462291766819443
2017-12-30,-0.08955633324712055
2017-12-31,0.07909863582465489
2018-01-01,-0.001293674730433204
2018-01-02,0.09129765319078978
2018-01-03,0.09782011825255124
2018-01-04,0.015422455743331844
2018-01-05,0.0524683823543944
2018-01-06,0.028821201917736728
2018-01-07,0.012587526311184545
2018-01-08,-0.11189726042436426
2018-01-09,-0.01730729743527377
2018-01-10,-0.008722119902895651
2018-01-11,-0.08653247693969583
2018-01-12,0.06444596338051871
2018-01-13,0.03946060969430633
2018-01-14,-0.04710754937817917
2018-01-15,-0.031736428853307436
2018-01-16,-0.220227966142158
2018-01-17,-0.004891323050859081
2018-01-18,0.053869641954783755
2018-01-19,0.004921412269899554
2018-01-20,0.09062162952771771
2018-01-21,-0.1095514837833017
2018-01-22,-0.04830000599751009
2018-01-23,-0.010978118755024845
2018-01-24,0.042875486082265137
2018-01-25,7.183926231725275e-05
2018-01-26,-0.01499964989621275
2018-01-27,0.030648567159921324
2018-01-28,0.06829301003902828
2018-01-29,-0.050126738393275055
2018-01-30,-0.1167398325029961
2018-01-31,0.025585756630346186
2018-02-01,-0.11286897969394943
2018-02-02,-0.07049630183595579
2018-02-03,0.04987434694998157
2018-02-04,-0.12037392078897159
2018-02-05,-0.17663933267312193
2018-02-06,0.12206964223006973
2018-02-07,-0.034308581284239914
2018-02-08,0.0847817086689731
2018-02-09,0.07979135979382608
2018-02-10,-0.0004809462579810595
2018-02-11,-0.06116190159459462
2018-02-12,0.08076935893030852
2018-02-13,-0.03465366560633741
2018-02-14,0.10489876907227041
2018-02-15,0.04280702849257301
2018-02-16,0.0053214535785379696
2018-02-17,0.06178199508907356
2018-02-18,-0.05782719793945948
2018-02-19,0.04302655633961008
2018-02-20,-0.016046585047411133
2018-02-21,-0.05987457781546344
2018-02-22,-0.06361752101703277
2018-02-23,0.0419190244279303
2018-02-24,-0.042410760841060616
2018-02-25,-0.005430261895493708
2018-02-26,0.047886494860653175
2018-02-27,0.019223871756352973
2018-02-28,-0.034632903445404144
2018-03-01,0.04048886770275598
2018-03-02,-0.0005113409336962267
2018-03-03,0.020670656074952273
2018-03-04,0.016331180239999625
2018-03-05,-0.006755222655669126
2018-03-06,-0.06076216432955012
2018-03-07,-0.07609983789686177
2018-03-08,-0.05966070638336193
2018-03-09,0.011172178958763941
2018-03-10,-0.05557285212572379
2018-03-11,0.06569315261186028
2018-03-12,-0.037566813295854894
2018-03-13,-0.004478913200974384
2018-03-14,-0.11212856868294391
2018-03-15,0.00014140274362448734
2018-03-16,-0.0035415597520831676
2018-03-17,-0.06721948300959996
2018-03-18,0.02186357288928238
2018-03-19,0.05556805427369782
2018-03-20,0.018844783610347148
2018-03-21,-0.001423858924931138
2018-03-22,-0.029258951789122734
2018-03-23,0.007066830427121844
2018-03-24,-0.021131036112389937
2018-03-25,-0.012182775390889395
2018-03-26,-0.04713301893848254
2018-03-27,-0.0566299742125386
2018-03-28,0.007930390769878485
2018-03-29,-0.11677212818723194
2018-03-30,-0.020137242801254934
2018-03-31,0.010555135043199512
2018-04-01,-0.02724054583935014
2018-04-02,0.03362502540434312
2018-04-03,0.0690792079648823
2018-04-04,-0.09318405183553549
2018-04-05,-0.003514731290447436
2018-04-06,-0.03037331838197813
2018-04-07,0.03869002060779347
2018-04-08,0.022629557280777236
2018-04-09,-0.027080575711347605
2018-04-10,0.014892204606686164
2018-04-11,0.033294831218597616
2018-04-12,0.12885711757641063
2018-04-13,0.0021202834167709317
2018-04-14,0.011130970280145614
2018-04-15,0.05532566761771244
2018-04-16,-0.03356547762036209
2018-04-17,-0.014107814858867898
2018-04-18,0.04831611263870091
2018-04-19,0.04428456117853322
2018-04-20,0.07932187229725471
2018-04-21,-0.012618839449602336
2018-04-22,0.00023812081688377945
2018-04-23,0.02033084583806255
2018-04-24,0.08231862113603002
2018-04-25,-0.11460730852360178
2018-04-26,0.06081784324405548
2018-04-27,-0.032044239025563886
2018-04-28,0.04752361302143297
2018-04-29,0.009445160512590135
2018-04-30,-0.026126214408667966
2018-05-01,-0.004302767777823391
2018-05-02,0.016510918173419847
2018-05-03,0.06565512868943428
2018-05-04,0.0006333460366428375
2018-05-05,0.020899057096539192
2018-05-06,-0.02627518775600607
2018-05-07,-0.037751047968027265
2018-05-08,0.01422044965877177
2018-05-09,0.002621302692779976
2018-05-11,-0.07544674559803831
2018-05-12,0.013038193516310586
2018-05-13,0.04402438280659354
2018-05-14,0.002941265876745009
2018-05-15,-0.03622573841221382
2018-05-16,-0.010437691815035087
2018-05-17,-0.04292448371990342
2018-05-18,0.02352350821480634
2018-05-19,-0.0010505104548953423
2018-05-20,0.03166255518436283
2018-05-21,-0.01853601039898228
2018-05-22,-0.05745594065510784
2018-05-23,-0.07479940193718028
2018-05-24,0.017697856215198145
2018-05-25,-0.020482632071145986
2018-05-26,-0.010698620975792812
2018-05-27,-0.007527125643523134
2018-05-28,-0.061436669687398325
2018-05-29,0.06580265630521555
2018-05-30,-0.008806303090818559
2018-05-31,0.017946256205102495
2018-06-01,0.0069954380522748594
2018-06-02,0.018993021254804527
2018-06-03,0.023050207552535132
2018-06-04,-0.0314952490887466
2018-06-05,0.019170611583074856
2018-06-06,7.066636596209969e-05
2018-06-07,0.001271090437280568
2018-06-08,-0.007333541285998449
2018-06-09,-0.013129026657232127
2018-06-10,-0.1127097264038915
2018-06-11,0.017256496646394604
2018-06-12,-0.059676293818305116
2018-06-13,-0.04031691249315327
2018-06-14,0.06219157171788068
2018-06-15,-0.04186204019883701
2018-06-16,0.012616338473572422
2018-06-17,-0.006338028127962847
2018-06-18,0.03228563993127343
2018-06-19,0.01417534228989481
2018-06-20,-0.0035644659704915553
2018-06-21,-0.01048837359676895
2018-06-22,-0.10843136560320808
2018-06-23,0.012615079879894039
2018-06-24,-0.01331881677649772
2018-06-25,0.011474033506212372
2018-06-26,-0.03955192351251215
2018-06-27,0.016681515564443562
2018-06-28,-0.04630078256898527
2018-06-29,0.044066328022943586
2018-06-30,0.034943385295189006
2018-07-01,-0.004227683228858512
2018-07-02,0.04343079107047972
2018-07-03,-0.012542938353974208
2018-07-04,0.007885507397898823
2018-07-05,0.003327656177932978
2018-07-06,0.002065758655221034
2018-07-07,0.02889563855518052
2018-07-08,-0.011938457103723554
2018-07-09,-0.012388729397777564
2018-07-10,-0.07065058816591348
2018-07-11,0.01459936739812908
2018-07-12,-0.030195324810532973
2018-07-13,0.006555978685373806
2018-07-14,0.0052816028895483315
2018-07-15,0.01969829247818341
2018-07-16,0.06448173423830718
2018-07-17,0.06703046153779949
2018-07-18,-0.004695412259644906
2018-07-19,0.0006850124923588806
2018-07-20,-0.030860521598126085
2018-07-21,0.015511458116553654
2018-07-22,-0.0036555626084436225
2018-07-23,0.018555458655727938
2018-07-24,0.07522547955263202
2018-07-25,-0.019507765497685348
2018-07-26,-0.02704006576757091
2018-07-27,0.020886989733213054
2018-07-28,0.00032594624715959154
2018-07-29,0.0009078934998360445
2018-07-30,-0.011249350892590682
2018-07-31,-0.04919802712080542
2018-08-01,-0.017196972817459393
2018-08-02,-0.01528669914753509
2018-08-03,-0.0063918184070727024
2018-08-04,-0.04754783180079051
2018-08-05,0.007495871795469583
2018-08-06,-0.01848629610619844
2018-08-07,-0.04291070945097173
2018-08-08,-0.07661955884514374
2018-08-09,0.03927893185197009
2018-08-10,-0.06708464038804521
2018-08-11,-0.00204100105335022
2018-08-12,0.0014799969366222235
2018-08-13,-0.031241725818564253
2018-08-14,-0.019053981076336553
2018-08-15,0.017461005298608244
2018-08-16,0.009673265528467447
2018-08-17,0.07005370919949064
2018-08-18,-0.042457978245887866
2018-08-19,0.01646871751650384
2018-08-20,-0.047050763027939035
2018-08-21,0.02989377173576166
2018-08-22,-0.025838472838463026
2018-08-23,0.0256690421577768
2018-08-24,0.02371514527390234
2018-08-25,0.0022708245720828185
2018-08-26,-0.009770744703757208
2018-08-27,0.033108503690537354
2018-08-28,0.03383895312397845
2018-08-29,-0.012866166555900551
2018-08-30,-0.013174020738987744
2018-08-31,0.009337276238274609
2018-09-01,0.030908109485368238
2018-09-02,0.0038888065232177424
2018-09-03,-0.0035776530236316553
2018-09-04,0.008671256858054964
2018-09-05,-0.11007053059612452
2018-09-06,-0.02267115423427256
2018-09-07,-0.01914071650782903
2018-09-08,-0.04658165244037872
2018-09-09,0.009197618640192896
2018-09-10,0.0017305830708430436
2018-09-11,-0.012119905053461376
2018-09-12,0.003478119216097786
2018-09-13,0.04407978621326164
2018-09-14,-0.0009863987687795475
2018-09-15,0.012515257221784025
2018-09-16,-0.0038166543896477664
2018-09-17,-0.04840334762904374
2018-09-18,0.034859474275737705
2018-09-19,0.003259799612184362
2018-09-20,0.0615240537869024
2018-09-21,0.06715986305879894
2018-09-22,-0.004583648213805861
2018-09-23,0.00745985424972359
2018-09-24,-0.0421594555271751
2018-09-25,-0.014867091447909032
2018-09-26,-0.00012091108893632871
2018-09-27,0.036829841324305355
2018-09-28,-0.008849882206822875
2018-09-29,0.00821598031347645
2018-09-30,0.006133291049901391
2018-10-01,-0.006441335377642619
2018-10-02,-0.018743141049176126
2018-10-03,-0.010233700545761676
2018-10-04,0.009671726004851942
2018-10-05,0.0067608584820146
2018-10-06,-0.01321670598023139
2018-10-07,0.0013290433347589912
2018-10-08,0.010005398137884128
2018-10-09,-0.005492959019818727
2018-10-10,-0.012238501444853873
2018-10-11,-0.08727860710514171
2018-10-12,0.018854905069645718
2018-10-13,0.0032290963921963053
2018-10-14,-0.0072393543408768996
2018-10-15,0.056881954984717965
2018-10-16,0.0059535875938550075
2018-10-17,-0.007632348204855345
2018-10-18,-0.013351941935648112
2018-10-19,-0.00120676789391785
2018-10-20,0.005528176716635036
2018-10-21,-0.001876821955416382
2018-10-22,-0.0011707367617555216
2018-10-23,0.0022747080279044533
2018-10-24,2.440746870073093e-05
2018-10-25,-0.0036637581458645826
2018-10-26,0.00015625584335651963
2018-10-27,-7.507959755007614e-05
2018-10-28,0.003004105442081201
2018-10-29,-0.030290602774422384
2018-10-30,0.0019663912411865474
2018-10-31,-0.0011291334977059607
2018-11-01,0.009567813316357053
2018-11-02,0.00526202913972599
2018-11-03,-0.003799691004977604
2018-11-04,0.01050055666952947
2018-11-05,0.014295122170521661
2018-11-06,0.026659549416084304
2018-11-07,0.000736865774341171
2018-11-08,-0.02180830994956409
2018-11-09,-0.007573165927274871
2018-11-10,0.006076859668157123
2018-11-11,0.00037243663242293593
2018-11-12,-0.0019608612561263883
2018-11-13,-0.007221054227771652
2018-11-14,-0.10389373753326256
2018-11-15,-0.008483141837973659
2018-11-16,-0.016761215738964032
2018-11-17,0.002257873430874102
2018-11-18,0.01669889008396871
2018-11-19,-0.1365070393508204
2018-11-20,-0.09676804793657982
2018-11-21,0.03631677004387006
2018-11-22,-0.05606635255146773
2018-11-23,-0.014387905101055212
2018-11-24,-0.10720364094388708
2018-11-25,0.027513722057847495
2018-11-26,-0.06035550975308102
2018-11-27,0.013512463256765146
2018-11-28,0.10462072150035871
2018-11-29,-0.005002138298641173
2018-11-30,-0.05749938873367188
2018-12-01,0.04523242889604504
2018-12-02,-0.01804484837241542
2018-12-03,-0.06137182502216929
2018-12-04,0.013900648369804666
2018-12-05,-0.05476032357165484
2018-12-06,-0.07461074693836495
2018-12-07,-0.024322164097269935
2018-12-08,0.012634548144727016
2018-12-09,0.03614778464315485
2018-12-10,-0.0339994467082663
2018-12-11,-0.02245696161188015
2018-12-12,0.018227293909579854
2018-12-13,-0.047000574786145506
2018-12-14,-0.02602886877830859
2018-12-15,-0.0028932559147537523
2018-12-16,0.007514674165709889
2018-12-17,0.09806604721539476
2018-12-18,0.04699744950165579
2018-12-19,0.01026823442371534
2018-12-20,0.10112549940641077
2018-12-21,-0.058899059656199966
2018-12-22,0.030657137616078523
2018-12-23,0.017721475059373767
2018-12-24,0.03770677334713976
2018-12-25,-0.06871076451794324
2018-12-26,0.007450005493582097
2018-12-27,-0.07264813262601706
2018-12-28,0.09060683095101413
2018-12-29,-0.022784687359088677
2018-12-30,0.010920959214019449
2018-12-31,-0.0375825893711272
2019-01-01,0.032167415160230146
2019-01-02,0.03744789159256282
2019-01-03,-0.031975305740739875
2019-01-04,0.008360665670150716
2019-01-05,-0.0004744585801613003
2019-01-06,0.04999815807364265
2019-01-07,-0.016383521997957454
2019-01-08,0.0006609108628960546
2019-01-09,0.0031313716834891463
2019-01-10,-0.10616965434945001
2019-01-11,-0.0006313440393510636
2019-01-12,-0.008320736047868751
2019-01-13,-0.03772034918562552
2019-01-14,0.052110522833236105
2019-01-15,-0.025812488718943965
2019-01-16,0.00859242338603457
2019-01-17,0.005156111329036076
2019-01-18,-0.009598219467857834
2019-01-19,0.021316668165841372
2019-01-20,-0.03530535356487904
2019-01-21,-0.007449140419569003
2019-01-22,0.007205369475161714
2019-01-23,-0.006898702482126093
2019-01-24,0.0041271738447238955
2019-01-25,-0.0013258306801787515
2019-01-26,-0.0012202065313474146
2019-01-27,-0.010701352979170655
2019-01-28,-0.04042498407263304
2019-01-29,-0.009149680062961277
2019-01-30,0.02729301569190681
2019-01-31,-0.014140849758795615
2019-02-01,0.006807124902774135
2019-02-02,0.011870879872984276
2019-02-03,-0.020122246925001686
2019-02-04,-0.0011112775831587226
2019-02-05,3.7608303334054445e-05
2019-02-06,-0.019391414517804025
2019-02-07,-0.002066555865316241
2019-02-08,0.08731394792757834
2019-02-09,0.0017619536153109872
2019-02-10,0.010274578166765868
2019-02-11,-0.017296642269091354
2019-02-12,0.004296779394130983
2019-02-13,-0.005700200208409732
2019-02-14,-0.005855813595807179
2019-02-15,0.002782541161890669
2019-02-16,0.003418860931610081
2019-02-17,0.02102674144412039
2019-02-18,0.06720907741263825
2019-02-19,0.006704384067178973
2019-02-20,0.019034154918967622
2019-02-21,-0.017983053505667437
2019-02-22,0.01299148167731518
2019-02-23,0.03823162254737773
2019-02-24,-0.09816001463860809
2019-02-25,0.02989682428521137
2019-02-26,-0.010794410576718202
2019-02-27,-0.005590954367518079
2019-02-28,0.0027092142113914895
2019-03-01,0.002473857623131886
2019-03-02,-0.0016163872270577174
2019-03-03,-0.005659571586086568
2019-03-04,-0.02707854474338222
2019-03-05,0.04611098469679469
2019-03-06,0.0035093724145519698
2019-03-07,0.0005785522288906524
2019-03-08,-0.007532118936978655
2019-03-09,0.01773318605803427
2019-03-10,-0.0017833251070557398
2019-03-11,-0.011981082157320718
2019-03-12,0.0039377008845885506
2019-03-13,-5.594704470024636e-05
2019-03-14,0.0037624871135485322
2019-03-15,0.01290512369152848
2019-03-16,0.022992351740002408
2019-03-17,-0.007306210782485336
2019-03-18,0.0007469608647362533
2019-03-19,0.007932741555962224
2019-03-20,0.003222188550352311
2019-03-21,-0.018417861912425892
2019-03-22,4.2567145446055964e-05
2019-03-23,0.00441977280907094
2019-03-24,-0.006103454744278311
2019-03-25,-0.015122979413893168
2019-03-26,0.004469590672064659
2019-03-27,0.028906714357615357
2019-03-28,-0.00643053654533935
2019-03-29,0.0075389688732961846
2019-03-30,0.0016579620559841785
2019-03-31,0.0001924932950268422
2019-04-01,0.012186937189710005
2019-04-02,0.15350037617893364
2019-04-03,0.012258968364453698
2019-04-04,-0.012902615415260525
2019-04-05,0.03566122251830491
2019-04-06,0.002132050434409485
2019-04-07,0.027993463751576863
2019-04-08,0.014581126265593153
2019-04-09,-0.020175994042762616
2019-04-10,0.018804352119400514
2019-04-11,-0.05799421723405771
2019-04-12,0.0007503783010388287
2019-04-13,0.00045110183347738995
2019-04-14,0.016010073923198313
2019-04-15,-0.024377289681304183
2019-04-16,0.03180314457408719
2019-04-17,0.0028165701049294766
2019-04-18,0.013989848000779022
2019-04-19,-0.0011351838932415245
2019-04-20,0.0028402188079613274
2019-04-21,-0.01046261780840734
2019-04-22,0.013318553931005202
2019-04-23,0.01911553848996373
2019-04-24,-0.026559594375407013
2019-04-25,-0.049960593014776684
2019-04-26,0.014893595494299316
2019-04-27,1.2542206252078533e-05
2019-04-28,-0.00048746267863344184
2019-04-29,-0.009717158469642469
2019-04-30,0.028395215228583986
2019-05-01,0.004866244212818948
2019-05-02,0.013783942695235269
2019-05-03,0.04255741951858062
2019-05-04,0.002757775873002133
2019-05-05,-0.00693669232154477
2019-05-06,0.00015080701292368915
2019-05-07,0.006413394857640987
2019-05-08,0.019712386221300723
2019-05-09,0.019804829708858197
2019-05-10,0.029197183495489134
2019-05-11,0.1180014326618615
2019-05-12,-0.03556553881454761
2019-05-13,0.09710520449660445
2019-05-14,0.05235129135011711
2019-05-15,0.05449719962413777
2019-05-16,-0.02779005434059219
2019-05-17,-0.07371165820580068
2019-05-18,-0.016595571275880537
2019-05-19,0.11701381847054462
2019-05-20,-0.030962577957576686
2019-05-21,0.0005027008954852998
2019-05-22,-0.03980764314996108
2019-05-23,0.020869336462187967
2019-05-24,0.016297068304801404
2019-05-25,0.008626659943364284
2019-05-26,0.069439665318669
2019-05-27,0.021944715236362308
2019-05-28,-0.005803786860067208
2019-05-29,-0.007151578659552475
2019-05-30,-0.04246757633403399
2019-05-31,0.03374555984340856
2019-06-01,-0.004634640338290756
2019-06-02,0.021133587495408394
2019-06-03,-0.06182849317679898
2019-06-04,-0.06035273993345733
2019-06-05,0.015295695295954424
2019-06-06,0.007428922323101622
2019-06-07,0.024454870942744705
2019-06-08,-0.01344546537032525
2019-06-09,-0.0384423304309619
2019-06-10,0.044735183853035335
2019-06-11,-0.006803201957319464
2019-06-12,0.029724352051900993
2019-06-13,0.0030472112320503626
2019-06-14,0.04461285882788198
2019-06-15,0.017161453299200817
2019-06-16,0.015699503477281274
2019-06-17,0.032173368830190056
2019-06-18,-0.02739768319703442
2019-06-19,0.019702863686285398
2019-06-20,0.01899636257060844
2019-06-21,0.060113977817300566
2019-06-22,0.052460866055358636
2019-06-23,0.0074450806164130245
2019-06-24,0.011769503542416137
2019-06-25,0.05361654563248237
2019-06-26,0.08034526478131646
2019-06-27,-0.14693594822982792
2019-06-28,0.0920053492649045
2019-06-29,-0.022587913048510867
2019-06-30,-0.09615928800033308
2019-07-01,-0.013224063929627205
2019-07-02,0.012073271363232366
2019-07-03,0.08563023906266261
2019-07-04,-0.06133177678002681
2019-07-05,-0.016504751933084198
2019-07-06,0.017705720906567152
2019-07-07,0.02695376774863664
2019-07-08,0.05800752318818709
2019-07-09,0.013915186349733015
2019-07-10,-0.04171081808389967
2019-07-11,-0.07011938684145334
2019-07-12,0.03876001834613235
2019-07-13,-0.035262583635855486
2019-07-14,-0.11072273337042592
2019-07-15,0.051644100104943774
2019-07-16,-0.13525816563298607
2019-07-17,0.03077261564701115
2019-07-18,0.08905849065619793
2019-07-19,-0.012444292337450782
2019-07-20,0.024636335743022864
2019-07-21,-0.015063293016819789
2019-07-22,-0.026193264244121033
2019-07-23,-0.041304182087907856
2019-07-24,-0.002507767183071395
2019-07-25,0.008780466584654213
2019-07-26,-0.0010815855749991409
2019-07-27,-0.042753851210757816
2019-07-28,0.008079487350993415
2019-07-29,-0.0022139573370030296
2019-07-30,0.007744679909553277
2019-07-31,0.045656223196307764
2019-08-01,0.02341363082330496
2019-08-02,0.006870710324004806
2019-08-03,0.025673764267787117
2019-08-04,0.011038408681601778
2019-08-05,0.0667798557626621
2019-08-06,-0.03056756441131046
2019-08-07,0.032444546805372475
2019-08-08,-0.0018564594382853071
2019-08-09,-0.015302026629890426
2019-08-10,-0.037003359400878136
2019-08-11,0.01863077402419711
2019-08-12,-0.013764984568608104
2019-08-13,-0.03833049182195961
2019-08-14,-0.08559637375617986
2019-08-15,0.02255908099934036
2019-08-16,0.0024261979928433385
2019-08-17,-0.011112465984725048
2019-08-18,0.01838969860559208
2019-08-19,0.04854246895905391
2019-08-20,-0.017095514248519208
2019-08-21,-0.05672219075540336
2019-08-22,0.0028660417385401485
2019-08-23,0.025537753344345885
2019-08-24,-0.022901856526035273
2019-08-25,-0.004396924101615524
2019-08-26,0.019894259796124927
2019-08-27,-0.01637155570965573
2019-08-28,-0.04727811857294711
2019-08-29,-0.025165364560143524
2019-08-30,0.007259657217269058
2019-08-31,0.005259966264829749
2019-09-01,0.010991799607752798
2019-09-02,0.05275993500291596
2019-09-03,0.023336992289743782
2019-09-04,-0.005092451124495237
2019-09-05,-0.0036810071285861543
2019-09-06,-0.02072204203638114
2019-09-07,0.020196191494833222
2019-09-08,-0.0033263715439057436
2019-09-09,-0.009626065576863909
2019-09-10,-0.018974485128462736
2019-09-11,0.00382111878997167
2019-09-12,0.01934572703404331
2019-09-13,-0.0034360456607763845
2019-09-14,0.004782670700962193
2019-09-15,-9.07036698549826e-05
2019-09-16,-0.001556018998091278
2019-09-17,0.008667364387551394
2019-09-18,0.007864087015953189
2019-09-19,0.007101552333747279
2019-09-20,-0.01108364172773456
2019-09-21,-0.0160002297968126
2019-09-22,-0.0006131518668888994
2019-09-23,-0.03710979239039693
2019-09-24,-0.1293040516246093
2019-09-25,-0.007250847794377229
2019-09-26,-0.03960691100577536
2019-09-27,0.01861248170253232
2019-09-28,-0.001299547510345709
2019-09-29,-0.017578579765196157
2019-09-30,0.028736405142582702
2019-10-01,0.0014221718664146953
2019-10-02,0.007824623102040096
2019-10-03,-0.017392765220078193
2019-10-04,-0.002342036182317932
2019-10-05,-0.005872103336801974
2019-10-06,-0.01768812091787953
2019-10-07,0.0356402757081104
2019-10-08,-0.000578831072741411
2019-10-09,0.04275583486578789
2019-10-10,-0.0048363382892172985
2019-10-11,-0.03110917716316926
2019-10-12,0.0007161026748881019
2019-10-13,0.0005995500839299046
2019-10-14,0.012792184142832059
2019-10-15,-0.021982555011234278
2019-10-16,-0.020284159670767007
2019-10-17,0.012447811484716674
2019-10-18,-0.017905602891118023
2019-10-19,0.0005822817550260806
2019-10-20,0.025102038041709566
2019-10-21,0.0016344534657257966
2019-10-22,-0.018912655850915415
2019-10-23,-0.06997766964492926
2019-10-24,-0.000801440432355002
2019-10-25,0.13540243535711746
2019-10-26,0.049774922551101865
2019-10-27,0.031149392254414345
2019-10-28,-0.027012724009812916
2019-10-29,0.020737227939039145
2019-10-30,-0.023996515424188854
2019-10-31,-0.000731445175307561
2019-11-01,0.0051979484411532086
2019-11-02,0.006856373112569813
2019-11-03,-0.009620160168371864
2019-11-04,0.020865186179947877
2019-11-05,-0.0030391602913885643
2019-11-06,0.004607977230364638
2019-11-07,-0.01453403247918677
2019-11-08,-0.04751437288378775
2019-11-09,0.002672264060928448
2019-11-10,0.025532682871754652
2019-11-11,-0.030643485154460786
2019-11-12,0.005127887119106507
2019-11-13,0.0002733199013727364
2019-11-14,-0.011593912399876978
2019-11-15,-0.026003047743422023
2019-11-16,0.007991309605805932
2019-11-17,0.004024203900544496
2019-11-18,-0.03198043195787049
2019-11-19,-0.01264059052511239
2019-11-20,-0.019718934078590877
2019-11-21,-0.05249007039237263
2019-11-22,-0.04957931945448213
2019-11-23,0.01515540301498998
2019-11-24,-0.05228404077260891
2019-11-25,0.0130976659268019
2019-11-26,0.011686353991709367
2019-11-27,0.038542246287626675
2019-11-28,-0.008946524998285648
2019-11-29,0.036811587127759955
2019-11-30,-0.023705289879672835
2019-12-01,-0.01714731521619444
2019-12-02,-0.015127267679418771
2019-12-03,-0.0011827530929002267
2019-12-04,-0.009524047934772012
2019-12-05,0.025218242930629284
2019-12-06,0.011514876101016102
2019-12-07,0.001587631153060224
2019-12-08,0.0028578683228455836
2019-12-09,-0.021292183776289043
2019-12-10,-0.015559137605169186
2019-12-11,-0.009536182282216355
2019-12-12,0.0037749548178628942
2019-12-13,0.0027444479027257727
2019-12-14,-0.018901276617138193
2019-12-15,0.0034411790227829326
2019-12-16,-0.03722077978555591
2019-12-17,-0.05724123901144019
2019-12-18,0.0932486021517146
2019-12-19,-0.013070820994363777
2019-12-20,0.0030655675013587093
2019-12-21,-0.004614594297207702
2019-12-22,0.04126327022999002
2019-12-23,-0.022810895485316087
2019-12-24,-0.005069664675398418
2019-12-25,-0.0065531959833168745
2019-12-26,-0.0035970862599075263
2019-12-27,0.0071570982480949384
2019-12-28,0.0047424169329924465
2019-12-29,0.01767762536170521
2019-12-30,-0.016035385573918263
2019-12-31,-0.015143093678308097
2020-01-01,0.0013975735218498223
2020-01-02,-0.0297824002807363
2020-01-03,0.049902438588843065
2020-01-04,0.008518561733079882
2020-01-05,0.002084498646607827
2020-01-06,0.054170347063500594
2020-01-07,0.03719526678877308
2020-01-08,-0.011536038292543975
2020-01-09,-0.023711760799294008
2020-01-10,0.03598788907811666
2020-01-11,-0.013205530172413361
2020-01-12,0.019767284829234268
2020-01-13,-0.007308389766010947
2020-01-14,0.08897074586869734
2020-01-15,0.0018456992419518612
2020-01-16,-0.010422144259986086
2020-01-17,0.026673259357313163
2020-01-18,0.0034498703203701127
2020-01-19,-0.02896787573299825
2020-01-20,-0.004651545859026021
2020-01-21,0.010917104527794
2020-01-22,-0.007216248521996377
2020-01-23,-0.0334125650364498
2020-01-24,0.0028581348805269535
2020-01-25,-0.009531825660681711
2020-01-26,0.02994014761344648
2020-01-27,0.032218085898846935
2020-01-28,0.0455357250882949
2020-01-29,-0.004610932707451979
2020-01-30,0.026657143547613147
2020-01-31,-0.017466505748338194
2020-02-01,0.007508600009312493
2020-02-02,0.0005730757005944329
2020-02-03,-0.0027223194298009123
2020-02-04,-0.00790637775988158
2020-02-05,0.049913667061753646
2020-02-06,0.014726428360756107
2020-02-07,0.010578524996656482
2020-02-08,0.006645721277736267
2020-02-09,0.02505939687223349
2020-02-10,-0.026129993145544584
2020-02-11,0.03683969180561555
2020-02-12,0.029947698498588596
2020-02-13,-0.0035462051657105705
2020-02-14,0.018356360090601462
2020-02-15,-0.050076739892560014
2020-02-16,-0.0020168657205157188
2020-02-17,-0.019206894549096017
2020-02-18,0.04662112970878735
2020-02-19,-0.0575477345139105
2020-02-20,-0.004508850313047147
2020-02-21,0.012114465282233837
2020-02-22,-0.0033783304666458137
2020-02-23,0.029847946603510863
2020-02-24,-0.030537271215389537
2020-02-25,-0.03984886419318069
2020-02-26,-0.06624316638487646
2020-02-27,-0.0008605001854020239
2020-02-28,-0.011107944769647743
2020-02-29,-0.012315322120199828
2020-03-01,-0.004755744002379274
2020-03-02,0.03829477705465436
2020-03-03,-0.011593115886016995
2020-03-04,-0.0032337400951607926
2020-03-05,0.033307670671017156
2020-03-06,0.012980896154038189
2020-03-07,-0.024501322920317464
2020-03-08,-0.10765562770246334
2020-03-09,-0.01751596231770614
2020-03-10,-0.0010155946185630635
2020-03-11,-0.005605652361102403
2020-03-12,-0.4615937457910119
2020-03-13,0.11399726043598551
2020-03-14,-0.06902023275455364
2020-03-15,0.03475948059696309
2020-03-16,-0.08006160751560507
2020-03-17,0.039019349931556084
2020-03-18,0.00395093821591519
2020-03-19,0.16583433659263808
2020-03-20,-0.005566928624908875
2020-03-21,-0.001125430681909894
2020-03-22,-0.0608155037433798
2020-03-23,0.092468329917195
2020-03-24,0.044834528643694076
2020-03-25,-0.009337396526785944
2020-03-26,0.011233474913600626
2020-03-27,-0.03406537385394683
2020-03-28,-0.031984353302300296
2020-03-29,-0.05226696821739267
2020-03-30,0.0767491734536393
2020-03-31,0.0026124733400392343
2020-04-01,0.022695785965347905
2020-04-02,0.029037676969415394
2020-04-03,-0.006316357701119496
2020-04-04,0.019279942428878396
2020-04-05,-0.010962703151666765
2020-04-06,0.08089404231433252
2020-04-07,-0.014585167607915785
2020-04-08,0.02614115616414263
2020-04-09,-0.004401538402640705
2020-04-10,-0.06410606977042305
2020-04-11,-0.0006584842100232506
2020-04-12,0.015892281608030107
2020-04-13,-0.019522582315154184
2020-04-14,0.0001325721499267926
2020-04-15,-0.029293414032114124
2020-04-16,0.07357461504620277
2020-04-17,-0.002755188213002863
2020-04-18,0.030599602314228376
2020-04-19,-0.012789008220795223
2020-04-20,-0.04439930235167266
2020-04-21,0.0006476461461063076
2020-04-22,0.03598125891155774
2020-04-23,0.038294620731819426
2020-04-24,0.017162894172179075
2020-04-25,0.007013428289206091
2020-04-26,0.013172277244140662
2020-04-27,0.012519500908687822
2020-04-28,0.007231545272269269
2020-04-29,0.11052785851880735
2020-04-30,-0.02327108870226343
2020-05-01,0.025130454954047254
2020-05-02,0.0138624264599918
2020-05-03,-0.012453634884065848
2020-05-04,-0.0005905858668902303
2020-05-05,0.0066152052464707395
2020-05-06,0.021692848191490192
2020-05-07,0.06391314559110899
2020-05-08,-0.00817552788391329
2020-05-09,-0.022888848564630016
2020-05-10,-0.0940182434281296
2020-05-11,-0.01747362712332105
2020-05-12,0.023292098703813987
2020-05-13,0.04906219655628847
2020-05-14,0.04262978736367145
2020-05-15,-0.040512739027185996
2020-05-16,0.0076740828642377305
2020-05-17,0.029098672500810933
2020-05-18,0.00996703899479485
2020-05-19,-0.0009122324784423157
2020-05-20,-0.019656223379864404
2020-05-21,-0.04691402766920998
2020-05-22,0.01540030545948488
2020-05-23,0.00280386602610976
2020-05-24,-0.043179630842258634
2020-05-25,0.01354257034334405
2020-05-26,-0.009538265650455515
2020-05-27,0.03654755281381607
2020-05-28,0.037081945453452836
2020-05-29,-0.007720635418533822
2020-05-30,0.03670418419283921
2020-05-31,-0.0276265553367714
2020-06-01,0.06910073268765489
2020-06-02,-0.05878173536491669
2020-06-03,0.015286077950005677
2020-06-04,0.012623574921372126
2020-06-05,-0.013472017377419243
2020-06-06,-0.0008172864409734196
2020-06-07,0.010196912487555942
2020-06-08,0.0018381720265711167
2020-06-09,0.0006711669634075267
2020-06-10,0.008156172225282348
2020-06-11,-0.059425237067271396
2020-06-12,0.018865135575172904
2020-06-13,0.0005454233165394848
2020-06-14,-0.011182272545005237
2020-06-15,0.0035804311457577473
2020-06-16,0.009606632954145234
2020-06-17,-0.005148261708432693
2020-06-18,-0.0072044023362052255
2020-06-19,-0.014849716251224413
2020-06-20,0.005692683630783328
2020-06-21,-0.0034751404565637203
2020-06-22,0.038199552083838705
2020-06-23,-0.0007515443375226858
2020-06-24,-0.03320503039173309
2020-06-25,-0.006716261545570396
2020-06-26,-0.010386893520235628
2020-06-27,-0.016680460462108988
2020-06-28,0.010458496414684411
2020-06-29,0.006310448049715111
2020-06-30,-0.006128286960244506
2020-07-01,0.011545789273883628
2020-07-02,-0.010408390891781898
2020-07-03,-0.006354307516730588
2020-07-04,0.007055553797122919
2020-07-05,-0.006513077420160246
2020-07-06,0.038026292859067855
2020-07-07,-0.012406444470548363
2020-07-08,0.026678504522904864
2020-07-09,-0.014765716145854648
2020-07-10,-0.002769288964783977
2020-07-11,-0.0024606844077101663
2020-07-12,0.0042648587863859415
2020-07-13,-0.005473692964084442
2020-07-14,0.00045371028364637615
2020-07-15,-0.005652751328163612
2020-07-16,-0.008653192496567345
2020-07-17,0.001727945486695487
2020-07-18,0.003677429621754874
2020-07-19,0.003670145051687266
2020-07-20,-0.004630236391989452
2020-07-21,0.024517432853071508
2020-07-22,0.023265908764365344
2020-07-23,0.011952003892171206
2020-07-24,-0.002649784981763164
2020-07-25,0.027884841250782957
2020-07-26,0.02065627504030201
2020-07-27,0.08931216612070093
2020-07-28,-0.005248702878512983
2020-07-29,0.016011885554289368
2020-07-30,0.00894217214920834
2020-07-31,0.022272342122997467
2020-08-01,0.05334708623142179
2020-08-02,-0.05590678386152339
2020-08-03,0.024725694967323544
2020-08-04,-0.0027267769404261803
2020-08-05,0.04151472322902898
2020-08-06,0.00044700700937776373
2020-08-07,-0.0200444161687241
2020-08-08,0.01606773065885376
2020-08-09,-0.007232062379478389
2020-08-10,0.016717025071889678
2020-08-11,-0.04081558099940107
2020-08-12,0.016696073940705887
2020-08-13,0.031172109838369762
2020-08-14,0.002808597265968079
2020-08-15,0.005457022386622948
2020-08-16,0.004512391196370785
2020-08-17,0.023698942857025833
2020-08-18,-0.021458825043186254
2020-08-19,-0.02536440485992431
2020-08-20,0.01340804232879891
2020-08-21,-0.032954115420773
2020-08-22,0.011010989972246003
2020-08-23,-0.002657759475883494
2020-08-24,0.014764572676636554
2020-08-25,-0.040266077233613175
2020-08-26,0.009314276580187797
2020-08-27,-0.016164804139057947
2020-08-28,0.022768588629256122
2020-08-29,0.0011825869645403218
2020-08-30,0.027138076789813486
2020-08-31,0.00043409380010043364
2020-09-01,0.037985006307800204
2020-09-02,-0.05463687604407483
2020-09-03,-0.11471663179774931
2020-09-04,0.023577563819996334
2020-09-05,-0.05404847725908034
2020-09-06,0.01875057830680927
2020-09-07,0.007248657450132989
2020-09-08,-0.02641167543268673
2020-09-09,0.015497929323615673
2020-09-10,0.01792110258825947
2020-09-11,0.006222810881244034
2020-09-12,0.009523975142906026
2020-09-13,-0.020411498766275186
2020-09-14,0.03223222506247469
2020-09-15,0.0018740239519694456
2020-09-16,0.013315348851019777
2020-09-17,0.009359600699347173
2020-09-18,-0.003710058961680555
2020-09-19,0.012616621097490541
2020-09-20,-0.018435130539520447
2020-09-21,-0.051855285238159514
2020-09-22,0.007818205161483112
2020-09-23,-0.036151715625567245
2020-09-24,0.05422704661024066
2020-09-25,-0.0009972692463741711
2020-09-26,0.00606164517074346
2020-09-27,0.002653819913572111
2020-09-28,-0.006167517246426004
2020-09-29,0.0124474303869861
2020-09-30,-0.0037034179608393275
2020-10-01,-0.01596487444825317
2020-10-02,-0.007778863415673077
2020-10-03,-0.0017923222672448585
2020-10-04,0.014787287749171466
2020-10-05,0.010593579130830443
2020-10-06,-0.02126647948268137
2020-10-07,0.006085218299999288
2020-10-08,0.022430093105950996
2020-10-09,0.017972880257306777
2020-10-10,0.01883741335829584
2020-10-11,0.009166783289415956
2020-10-12,0.016965915585261584
2020-10-13,-0.011766486092609236
2020-10-14,-0.0019031831087663053
2020-10-15,0.0027786793216568323
2020-10-16,-0.018119480777307264
2020-10-17,0.003765712902082646
2020-10-18,0.012781603369810653
2020-10-19,0.019283562435751928
2020-10-20,0.005488634153774209
2020-10-21,0.06936532690002203
2020-10-22,0.01837589607998538
2020-10-23,-0.0039306368050114745
2020-10-24,0.012814072796562536
2020-10-25,-0.007590542338446797
2020-10-26,-0.0032314205426975957
2020-10-27,0.038660445452438054
2020-10-28,-0.030162534897408142
2020-10-29,0.008323921705189731
2020-10-30,0.004206509692835902
2020-10-31,0.015762424277305048
2020-11-01,0.0010915335358682157
2020-11-02,-0.017345427714933238
2020-11-03,0.02542212039519165
2020-11-04,0.015140978987709686
2020-11-05,0.08522073383726785
2020-11-06,0.016175739627096213
2020-11-07,-0.04728425055183975
2020-11-08,0.04156790976342136
2020-11-09,-0.01174404860979121
2020-11-10,5.330029211889997e-05
2020-11-11,0.025724455421766747
2020-11-12,0.02833609157420832
2020-11-13,0.008656290100430434
2020-11-14,-0.01636874779185795
2020-11-15,-0.009908490981350188
2020-11-16,0.045656919670559744
2020-11-17,0.05203571144849403
2020-11-18,0.005486229351107003
2020-11-19,0.00019585471530273563
2020-11-20,0.04938781217139254
2020-11-21,0.03037428500300365
2020-11-22,-0.012319571977424264
2020-11-23,0.036313040581571324
2020-11-24,0.04173351959247733
2020-11-25,-0.029118529192888536
2020-11-26,-0.09667912984793353
2020-11-27,0.0030435838847132726
2020-11-28,0.040536773211175416
2020-11-29,0.02829623187875784
2020-11-30,0.07551064852461743
2020-12-01,-0.04536916771887981
2020-12-02,0.021131520211652485
2020-12-03,0.014785168143950783
2020-12-04,-0.05051775284960852
2020-12-05,0.029303693843015583
2020-12-06,0.0114325819878184
2020-12-07,-0.009108239959337067
2020-12-08,-0.052147018141666245
2020-12-09,0.01792003145879791
2020-12-10,-0.017307154740836977
2020-12-11,-0.015732969234649712
2020-12-12,0.03535384257985189
2020-12-13,0.021358967090868927
2020-12-14,0.001723594217294557
2020-12-15,0.004647310090068195
2020-12-16,0.09573257427124789
2020-12-17,0.056410144152646446
2020-12-18,0.016110648858534412
2020-12-19,0.026148585076362918
2020-12-20,-0.019970806176771282
2020-12-21,-0.03445172798462163
2020-12-22,0.02368042124158631
2020-12-23,-0.03433497912244929
2020-12-24,0.0351363207178706
2020-12-25,0.03390555058131029
2020-12-26,0.05758635204045528
2020-12-27,0.0027336674567047738
2020-12-28,0.03186189102285937
2020-12-29,0.006103470553337785
2020-12-30,0.04581045658306326
2020-12-31,0.002170412934662105
2021-01-01,0.010580993668498264
2021-01-02,0.0833300715380525
2021-01-03,0.053326510116450905
2021-01-04,-0.008964486779954907
2021-01-05,0.05857356504806429
2021-01-06,0.08665949628058815
2021-01-07,0.059573986749835
2021-01-08,0.0282074949748788
2021-01-09,-0.0023412330741205203
2021-01-10,-0.04105220617917616
2021-01-11,-0.088556438202317
2021-01-12,-0.04480055718507711
2021-01-13,0.09200867551395364
2021-01-14,0.05051976215231118
2021-01-15,-0.058082159468530035
2021-01-16,-0.005162479148270385
2021-01-17,-0.008877689764130815
2021-01-18,0.02324030718488597
2021-01-19,0.0052020433218230595
2021-01-20,-0.010979938973220036
2021-01-21,-0.15351627380990943
2021-01-22,0.07222659533819004
2021-01-23,-0.023025887896442682
2021-01-24,0.030217476892463877
2021-01-25,-0.008407265365233223
2021-01-26,0.009449165553435892
2021-01-27,-0.0704972411489018
2021-01-28,0.09598829866804193
2021-01-29,0.03028950283926997
2021-01-30,0.00684770533756211
2021-01-31,-0.030165539184847427
2021-02-01,0.0182457347046392
2021-02-02,0.058164320919074454
2021-02-03,0.0622839996655319
2021-02-04,-0.015054881101746942
2021-02-05,0.040667130010760846
2021-02-06,0.01850919969060476
2021-02-07,-0.011998815278923948
2021-02-08,0.14932813946971313
2021-02-09,0.008276225476512153
2021-02-10,-0.025834309809172118
2021-02-11,0.055776920972371004
2021-02-12,0.006051468915701711
2021-02-13,-0.004498779901257697
2021-02-14,0.02097886923627004
2021-02-15,-0.017411642905786156
2021-02-16,0.01862284657942952
2021-02-17,0.054343349117992885
2021-02-18,0.002286020127187416
2021-02-19,0.06559849992417613
2021-02-20,-0.003689955247713166
2021-02-21,0.02302153672843488
2021-02-22,-0.0604728080179244
2021-02-23,-0.11173218195350532
2021-02-24,0.021345104104815524
2021-02-25,-0.06103042720977709
2021-02-26,-0.016345771179243088
2021-02-27,0.001119218736732149
2021-02-28,-0.025168703195737094
2021-03-01,0.09440033903290701
2021-03-02,-0.0272584043347744
2021-03-03,0.04440674720106993
2021-03-04,-0.03506875058381286
2021-03-05,0.003931543724525596
2021-03-06,0.012922468485915804
2021-03-07,0.043206820179403325
2021-03-08,0.027863366329640586
2021-03-09,0.04200377383546571
2021-03-10,0.008871827420698178
2021-03-11,0.027071181875090524
2021-03-12,-0.012091865424409773
2021-03-13,0.06766281167904618
2021-03-14,-0.033452107615427926
2021-03-15,-0.0531013477968931
2021-03-16,0.015413448231700344
2021-03-17,0.030906462146273034
2021-03-18,-0.017809032297633563
2021-03-19,0.009990527724429932
2021-03-20,0.0013624558382631467
2021-03-21,-0.013770898765227465
2021-03-22,-0.0511504295765876
2021-03-23,0.00234361822396553
2021-03-24,-0.04135676272152845
2021-03-25,-0.015667434678065768
2021-03-26,0.06486487735550726
2021-03-27,0.012892511808634793
2021-03-28,-0.0017726503274497678
2021-03-29,0.03808416291128198
2021-03-30,0.018554291397356083
2021-03-31,0.006610444320207286
2021-04-01,0.009221016326155311
2021-04-02,0.019509066488472296
2021-04-03,-0.03552136070628302
2021-04-04,0.02441681497265474
2021-04-05,0.0177666538866824
2021-04-06,-0.0015825542045203834
2021-04-07,-0.05020106660205764
2021-04-08,0.04654597938710847
2021-04-09,-0.0037010993607275505
2021-04-10,0.04066119204905822
2021-04-11,0.008194455967229182
2021-04-12,-0.002931601931802378
2021-04-13,0.07035329636313749
2021-04-14,0.009607317850775943
2021-04-15,0.013155776555891176
2021-04-16,-0.008621680832203835
2021-04-17,-0.02233713465666166
2021-04-18,-0.06812927003716096
2021-04-19,-0.007669239296444806
2021-04-20,0.019331136636684034
2021-04-21,-0.03502724600462162
2021-04-22,-0.035841534895235415
2021-04-23,-0.01413793259788706
2021-04-24,-0.030821820696742216
2021-04-25,-0.008344460300234464
2021-04-26,0.10454156199607363
2021-04-27,0.025989843015381014
2021-04-28,0.0070803057145292685
2021-04-29,-0.015851313826703628
2021-04-30,0.06400134030123564
2021-05-01,0.02097679520392682
2021-05-02,-0.017920668902548786
2021-05-03,0.049271580579028224
2021-05-04,-0.05412159799651501
2021-05-05,0.08692986366901057
2021-05-06,-0.018276747608235677
2021-05-07,0.01861327057897824
2021-05-08,0.04087101344466538
2021-05-09,-0.00781343936403914
2021-05-10,-0.03738451141322314
2021-05-11,0.0321028290298651
2021-05-12,-0.13435134670349688
2021-05-13,0.015376185528800976
2021-05-14,0.038005336674373634
2021-05-15,-0.07578803612305422
2021-05-16,-0.007454073522517418
2021-05-17,-0.06826888622635846
2021-05-18,0.002415672172295016
2021-05-19,-0.21787769206545263
2021-05-20,0.10986690285002276
2021-05-21,-0.10687908827057983
2021-05-22,-0.018064755107121553
2021-05-23,-0.0824302797302523
2021-05-24,0.148449007364231
2021-05-25,-0.0016210454684216604
2021-05-26,0.03763200284801874
2021-05-27,-0.03463210313050525
2021-05-28,-0.08625684145464899
2021-05-29,-0.04114832198511534
2021-05-30,0.036189557736436416
2021-05-31,0.07426563657910643
2021-06-01,-0.014880795697719157
2021-06-02,0.029802818342606383
2021-06-03,0.04005447144536731
2021-06-04,-0.06187393927672701
2021-06-05,-0.03213622215503621
2021-06-06,0.015816986798586546
2021-06-07,-0.0646669199096983
2021-06-08,-0.009372147554790806
2021-06-09,0.0831796103936575
2021-06-10,-0.0305584242811455
2021-06-11,-0.004224608614502846
2021-06-12,-0.030627096556820825
2021-06-13,0.0807552937612208
2021-06-14,0.029042386254794113
2021-06-15,-0.008624764383012207
2021-06-16,-0.052647590448067424
2021-06-17,-0.004059610896111258
2021-06-18,-0.06041698412268895
2021-06-19,-0.01157082499702336
2021-06-20,0.00933961994860321
2021-06-21,-0.14847836810174275
2021-06-22,0.013750087607245704
2021-06-23,0.04884511697320396
2021-06-24,0.028629366292745474
2021-06-25,-0.09140954258216966
2021-06-26,0.015056786581627499
2021-06-27,0.07344597389688699
2021-06-28,0.008367464745335833
2021-06-29,0.04138030741251241
2021-06-30,-0.002325222595276529
2021-07-01,-0.05129139791550899
2021-07-02,0.01061711034132823
2021-07-03,0.0250386331554152
2021-07-04,0.02408646762963635
2021-07-05,-0.048208505277057015
2021-07-06,0.02571163151974753
2021-07-07,-0.010581614950069915
2021-07-08,-0.047175225535807164
2021-07-09,0.02426916848602683
2021-07-10,-0.01121160961828389
2021-07-11,0.0183430223930061
2021-07-12,-0.035550259555351245
2021-07-13,-0.023410998572308755
2021-07-14,0.009008281326265206
2021-07-15,-0.03565062898610183
2021-07-16,-0.014166336293212583
2021-07-17,0.006638460455698314
2021-07-18,0.004623365911993909
2021-07-19,-0.035378913817811906
2021-07-20,-0.0292910281504949
2021-07-21,0.08405470970334128
2021-07-22,0.011238206378970696
2021-07-23,0.03967006995575858
2021-07-24,0.022606437569306286
2021-07-25,0.020606152483650515
2021-07-26,0.043495132063465176
2021-07-27,0.04525514567962286
2021-07-28,0.014078336013488705
2021-07-29,0.01059099474399461
2021-07-30,0.04666454472069274
2021-07-31,-0.0025646008837187546
2021-08-01,-0.025953203487705193
2021-08-02,-0.007199548444231357
2021-08-03,-0.0316425806733936
2021-08-04,0.05238575575011885
2021-08-05,0.028596640318525643
2021-08-06,0.038113246833286006
2021-08-07,0.061076944328497314
2021-08-08,-0.02854539852001101
2021-08-09,0.055326610086409475
2021-08-10,-0.011868438490082275
2021-08-11,0.009872681245727898
2021-08-12,-0.029625698213690953
2021-08-13,0.07952768897576093
2021-08-14,-0.005913917448578816
2021-08-15,0.008399135825994808
2021-08-16,-0.0328988853897252
2021-08-17,-0.037577019844000636
2021-08-18,0.004089637750649157
2021-08-19,0.04624370501537438
2021-08-20,0.046604067221669786
2021-08-21,-0.013296121629458008
2021-08-22,0.007649555915048098
2021-08-23,0.010632080383378456
2021-08-24,-0.0442790106650861
2021-08-25,0.02338373802642548
2021-08-26,-0.044785602130323766
2021-08-27,0.05022130434739977
2021-08-28,-0.006910035443261607
2021-08-29,-0.003211096551074118
2021-08-30,-0.027028223534472616
2021-08-31,0.02355120028661922
2021-09-01,0.058639338158024024
2021-09-02,0.003607867666909278
2021-09-03,0.022952049679850872
2021-09-04,-0.0055898518745951175
2021-09-05,0.031223104021223906
2021-09-06,0.010617173193810515
2021-09-07,-0.13049814217570238
2021-09-08,-0.0042244495480554135
2021-09-09,-0.002365572947545687
2021-09-10,-0.042645316545151926
2021-09-11,0.01100408434221817
2021-09-12,0.026779706278901277
2021-09-13,-0.029810361332681203
2021-09-14,0.04369375104141868
2021-09-15,0.03175839911980968
2021-09-16,-0.010618205438156822
2021-09-17,-0.022738034259266907
2021-09-18,0.017044534249088427
2021-09-19,-0.024540336864789465
2021-09-20,-0.10589118230223336
2021-09-21,-0.05559717320171928
2021-09-22,0.08352538819143561
2021-09-23,0.026407625792252597
2021-09-24,-0.05562463272521844
2021-09-25,-0.0028398925901103045
2021-09-26,0.01985404938920983
2021-09-27,-0.02859044552056997
2021-09-28,-0.03319419941730057
2021-09-29,0.015084582310553025
2021-09-30,0.05038099930850451
2021-10-01,0.0941950434964237
2021-10-02,0.001684520229344591
2021-10-03,0.00969925667476063
2021-10-04,0.010259919006325044
2021-10-05,0.045108965660488824
2021-10-06,0.053158483624535444
2021-10-07,-0.019581818538754635
2021-10-08,-9.863768606974204e-05
2021-10-09,0.01674940940720937
2021-10-10,-0.01628438172723452
2021-10-11,0.04169787961709717
2021-10-12,-0.022972007174434435
2021-10-13,0.02644397509209966
2021-10-14,0.01247369136760041
2021-10-15,0.05399236105919388
2021-10-16,-0.009437981870312927
2021-10-17,0.007941565878557
