,ponderated_index
2014-04-28,24.824507601630003
2014-04-29,25.23878821842001
2014-04-30,25.215614728725
2014-05-01,25.752225353089997
2014-05-02,25.179621698854998
2014-05-03,24.484529933604996
2014-05-04,24.382020636970005
2014-05-05,24.186091440255
2014-05-06,24.008276776395
2014-05-07,24.587223892635002
2014-05-08,24.699326592620004
2014-05-09,25.200388175959993
2014-05-10,25.439661990019996
2014-05-11,24.540871469930003
2014-05-12,24.61555838708
2014-05-13,24.543645700805005
2014-05-14,24.824062090589997
2014-05-15,24.848769816635002
2014-05-16,24.860100629990004
2014-05-17,24.824202286565
2014-05-18,24.699299580565004
2014-05-19,24.696856356855
2014-05-20,26.838799471309997
2014-05-21,27.255101933174995
2014-05-22,28.679094238409995
2014-05-23,28.951569322770002
2014-05-24,29.114169852165002
2014-05-25,31.848989196724993
2014-05-26,32.17539239348001
2014-05-27,31.340792860069993
2014-05-28,31.287561595545
2014-05-29,30.633282718435005
2014-05-30,33.16460824629
2014-05-31,33.882740531
2014-06-01,33.98159143733002
2014-06-02,35.487513968005004
2014-06-03,35.76517250565501
2014-06-04,34.447588952950014
2014-06-05,35.326580881350004
2014-06-06,35.60774169838501
2014-06-07,35.43170269972999
2014-06-08,35.521251312835
2014-06-09,35.04015758888501
2014-06-10,35.11810167631
2014-06-11,34.126625333935
2014-06-12,31.787446823219994
2014-06-13,32.53172034502499
2014-06-14,31.173750946235003
2014-06-15,32.01606251466
2014-06-16,31.955714476484996
2014-06-17,32.96126889428501
2014-06-18,32.812424801000006
2014-06-19,32.23362000208
2014-06-20,31.926970529240013
2014-06-21,31.882331104604997
2014-06-22,32.221362750995
2014-06-23,31.741759968010005
2014-06-24,31.117040599135002
2014-06-25,30.232313974400004
2014-06-26,31.057737258055
2014-06-27,31.810615700985
2014-06-28,31.77102021634001
2014-06-29,32.006868688645014
2014-06-30,33.926470646745
2014-07-01,33.912096872170004
2014-07-02,34.536386337729994
2014-07-03,34.392415120735
2014-07-04,33.64678420120501
2014-07-05,33.565258010795006
2014-07-06,33.767781935015
2014-07-07,33.087698622245
2014-07-08,33.300971097585006
2014-07-09,33.0323685096
2014-07-10,32.607409848559996
2014-07-11,33.421109252144994
2014-07-12,33.4931694747
2014-07-13,33.13754711947
2014-07-14,32.75304358929001
2014-07-15,32.89708639777
2014-07-16,32.59516265295001
2014-07-17,32.927629838250006
2014-07-18,33.17786404355001
2014-07-19,33.14120308825001
2014-07-20,32.9089760312
2014-07-21,32.796571145550004
2014-07-22,32.7561924064
2014-07-23,32.67748081455
2014-07-24,31.713802088850002
2014-07-25,31.591424803700008
2014-07-26,31.186549629500004
2014-07-27,30.9949458456
2014-07-28,30.519546518950005
2014-07-29,30.586355317
2014-07-30,29.65920602955
2014-07-31,30.581022651500007
2014-08-01,31.007435213550007
2014-08-02,30.6766459209
2014-08-03,30.5261580881
2014-08-04,30.618552091650013
2014-08-05,30.509232687800008
2014-08-06,30.556762858115007
2014-08-07,30.773401784855
2014-08-08,30.90769498735501
2014-08-09,30.680769932140002
2014-08-10,30.796531989150004
2014-08-11,29.95257223113001
2014-08-12,29.55522542273501
2014-08-13,28.278290275379995
2014-08-14,26.164303353839998
2014-08-15,25.682817473725002
2014-08-16,26.773205045329995
2014-08-17,25.290760490064997
2014-08-18,23.707249139700004
2014-08-19,25.07291793252
2014-08-20,26.49357134106
2014-08-21,26.780435311839998
2014-08-22,26.578036810495
2014-08-23,25.710075626874996
2014-08-24,26.279305523505005
2014-08-25,25.977798928095005
2014-08-26,26.469494906030004
2014-08-27,26.415766095480002
2014-08-28,26.256602886225
2014-08-29,26.270834725855003
2014-08-30,26.037057792475007
2014-08-31,24.686926160454995
2014-09-01,24.533812587730008
2014-09-02,24.62726970329
2014-09-03,24.649099769120003
2014-09-04,25.310910676815002
2014-09-05,24.974144959110003
2014-09-06,25.07879106982
2014-09-07,24.949236611035
2014-09-08,24.511743077275003
2014-09-09,24.546150378510003
2014-09-10,24.766921505095006
2014-09-11,24.807526912975
2014-09-12,24.71474157168001
2014-09-13,24.870796347924998
2014-09-14,24.774451145805003
2014-09-15,24.63940264318
2014-09-16,24.188948247285
2014-09-17,23.791931605615
2014-09-18,22.100220141900003
2014-09-19,20.558942775210006
2014-09-20,21.2721093068
2014-09-21,20.743895686530006
2014-09-22,20.953678677760006
2014-09-23,22.677022478220007
2014-09-24,22.035223864544992
2014-09-25,21.4180134771
2014-09-26,21.06019796205
2014-09-27,20.762041366585002
2014-09-28,19.623293171159997
2014-09-29,19.502564595985
2014-09-30,20.09427704294001
2014-10-01,19.914948551354993
2014-10-02,19.483633549889994
2014-10-03,18.65563033365
2014-10-04,17.104234862169996
2014-10-05,16.669250706445002
2014-10-06,17.22777014301
2014-10-07,17.54966933687001
2014-10-08,18.39948258655
2014-10-09,19.078921541379998
2014-10-10,18.827501646570003
2014-10-11,18.88854457016001
2014-10-12,19.69737294285
2014-10-13,20.350253227835
2014-10-14,20.86590164851
2014-10-15,20.559640534115005
2014-10-16,19.928016681840003
2014-10-17,20.015158533844996
2014-10-18,20.412288850784996
2014-10-19,20.31170374033
2014-10-20,19.9627618956
2014-10-21,20.11883574861
2014-10-22,19.939577397395
2014-10-23,18.660683095995
2014-10-24,18.666458078100007
2014-10-25,18.095020903879995
2014-10-26,18.473936091660004
2014-10-27,18.385656421605
2014-10-28,18.583362168005
2014-10-29,17.436746830374997
2014-10-30,17.94105784743
2014-10-31,17.5856326746
2014-11-01,16.94504350827
2014-11-02,16.960942712529995
2014-11-03,17.066363181430003
2014-11-04,17.233434006295003
2014-11-05,17.67370896434001
2014-11-06,18.190509312005
2014-11-07,17.853940967170004
2014-11-08,18.0272071595
2014-11-09,18.98868449670501
2014-11-10,19.179902981710008
2014-11-11,19.22531289272
2014-11-12,22.24664381239
2014-11-13,22.106185922220007
2014-11-14,20.888533828010008
2014-11-15,19.70802470286999
2014-11-16,20.347298728200002
2014-11-17,20.33024607424001
2014-11-18,19.67661348835
2014-11-19,19.928369856110002
2014-11-20,18.752632411894993
2014-11-21,18.434565408769995
2014-11-22,18.507118394714997
2014-11-23,19.26314728378
2014-11-24,19.73049096614
2014-11-25,19.626292341055
2014-11-26,19.26727428724
2014-11-27,19.308650029335006
2014-11-28,19.632087302034993
2014-11-29,19.589217561550015
2014-11-30,19.737170424885004
2014-12-01,19.786581435834993
2014-12-02,19.961088526795002
2014-12-03,19.596945785005
2014-12-04,19.335011733245
2014-12-05,19.73471726483
2014-12-06,19.647487178310005
2014-12-07,19.684273336504997
2014-12-08,18.980981995504997
2014-12-09,18.425817581300006
2014-12-10,18.113051320255003
2014-12-11,18.341019338059997
2014-12-12,18.40899428135
2014-12-13,18.149569780265004
2014-12-14,18.350105353654996
2014-12-15,17.998394498555005
2014-12-16,17.01917396244
2014-12-17,16.681595653380004
2014-12-18,16.223473328835
2014-12-19,16.567400135150006
2014-12-20,17.168808838525006
2014-12-21,16.703031306755005
2014-12-22,17.27694734643
2014-12-23,17.399394032409997
2014-12-24,16.781298691289997
2014-12-25,16.591954479425002
2014-12-26,17.06112449833
2014-12-27,16.453156751619996
2014-12-28,16.526702837909998
2014-12-29,16.275929059940005
2014-12-30,16.193298447755
2014-12-31,16.678183501874997
2015-01-01,16.366715411229997
2015-01-02,16.40182879968
2015-01-03,14.613728146374998
2015-01-04,13.722650386360002
2015-01-05,14.266870894535
2015-01-06,14.869263961474996
2015-01-07,15.306239827265
2015-01-08,14.712741624529999
2015-01-09,15.049614854710002
2015-01-10,14.225733631854997
2015-01-11,13.773528902400004
2015-01-12,13.893553153395004
2015-01-13,11.705193466410002
2015-01-14,9.225854247125003
2015-01-15,10.898801241055006
2015-01-16,10.839185452079995
2015-01-17,10.343239527710002
2015-01-18,10.925587878990003
2015-01-19,11.154429786075
2015-01-20,10.990318353790002
2015-01-21,11.808323872555
2015-01-22,12.145177179240003
2015-01-23,12.121626541300001
2015-01-24,12.919363328904998
2015-01-25,13.24440973167
2015-01-26,14.22058495021
2015-01-27,13.676220164975003
2015-01-28,12.175376392085003
2015-01-29,12.136389052485002
2015-01-30,11.771553815330003
2015-01-31,11.313082367460002
2015-02-01,11.813502999550002
2015-02-02,12.407843369620004
2015-02-03,11.821766801
2015-02-04,11.811733768090003
2015-02-05,11.259413332895004
2015-02-06,11.520748264024999
2015-02-07,11.826248493459998
2015-02-08,11.580715114699998
2015-02-09,11.453130442870002
2015-02-10,11.427934988895004
2015-02-11,11.431371443995001
2015-02-12,11.534247103209998
2015-02-13,12.247523197020005
2015-02-14,13.35617196629
2015-02-15,12.203079345165001
2015-02-16,12.158258664085
2015-02-17,12.653857103679998
2015-02-18,12.286219721064999
2015-02-19,12.490913353635001
2015-02-20,12.657623838454999
2015-02-21,12.696946125245002
2015-02-22,12.251084205420003
2015-02-23,12.41269732013
2015-02-24,12.403312097735002
2015-02-25,12.352672999095
2015-02-26,12.305476640380004
2015-02-27,13.211625147510004
2015-02-28,13.210583078695002
2015-03-01,13.521686193675006
2015-03-02,14.349904711460004
2015-03-03,14.62060892106
2015-03-04,14.216050096304999
2015-03-05,14.334807952390001
2015-03-06,14.164174290680002
2015-03-07,14.373962687954997
2015-03-08,14.273603010865001
2015-03-09,15.058211017710002
2015-03-10,15.15307830532
2015-03-11,15.377296069485
2015-03-12,15.272767116515002
2015-03-13,14.774922953559997
2015-03-14,14.595043623125004
2015-03-15,14.800925893074998
2015-03-16,15.010367685879999
2015-03-17,14.755784791125
2015-03-18,13.265246192050002
2015-03-19,13.509923851635007
2015-03-20,13.581408766965005
2015-03-21,13.52309600739
2015-03-22,13.92932231215
2015-03-23,13.882066736165003
2015-03-24,12.83508098846
2015-03-25,12.859077299
2015-03-26,12.94605930866
2015-03-27,12.871445206434997
2015-03-28,13.175497991380004
2015-03-29,12.643466740419997
2015-03-30,12.877099902670002
2015-03-31,12.685842172105001
2015-04-01,12.838281652054999
2015-04-02,13.161513950480002
2015-04-03,13.210987159150003
2015-04-04,13.169480654164998
2015-04-05,13.517677578070003
2015-04-06,13.26361291629
2015-04-07,13.127415489980002
2015-04-08,12.70989003284
2015-04-09,12.627579903315002
2015-04-10,12.220722892455
2015-04-11,12.238714035730002
2015-04-12,12.226992823605002
2015-04-13,11.638419668555002
2015-04-14,11.263109582005002
2015-04-15,11.566560698695001
2015-04-16,11.829825856940001
2015-04-17,11.525037179645006
2015-04-18,11.545544845234998
2015-04-19,11.490716254585003
2015-04-20,11.576673349590004
2015-04-21,12.132164219960002
2015-04-22,12.089773808459999
2015-04-23,12.231649930144998
2015-04-24,11.946687402374994
2015-04-25,11.700649361035003
2015-04-26,11.321123945675003
2015-04-27,11.828086917640006
2015-04-28,11.665022394945002
2015-04-29,11.657953667285
2015-04-30,12.1842906167535
2015-05-01,11.96408192096
2015-05-02,12.108142740569999
2015-05-03,12.380254569200002
2015-05-04,12.318502603042498
2015-05-05,12.17339617198
2015-05-06,11.8496623359825
2015-05-07,12.234323237655001
2015-05-08,12.560002173205
2015-05-09,12.454504438519997
2015-05-10,12.302361265109498
2015-05-11,12.4733115445995
2015-05-12,12.439973863944001
2015-05-13,12.192378216634504
2015-05-14,12.225964387012004
2015-05-15,12.259473934635002
2015-05-16,12.197444018791002
2015-05-17,12.198509554705499
2015-05-18,12.029792637313497
2015-05-19,11.966071115605
2015-05-20,12.073411131650001
2015-05-21,12.142946344860002
2015-05-22,12.416697191750005
2015-05-23,12.35358236389
2015-05-24,12.461896346690004
2015-05-25,12.262909475198997
2015-05-26,12.21170927566
2015-05-27,12.270337661740001
2015-05-28,12.27741926309
2015-05-29,12.272867812110004
2015-05-30,12.075747774485002
2015-05-31,11.902013283386504
2015-06-01,11.52255156807
2015-06-02,11.65823142252
2015-06-03,11.668013494260004
2015-06-04,11.591211257829997
2015-06-05,11.652647652495002
2015-06-06,11.653181091985001
2015-06-07,11.501903433235
2015-06-08,11.802226978774003
2015-06-09,11.834148335385002
2015-06-10,11.823430980079998
2015-06-11,11.880353461379997
2015-06-12,11.894758807859999
2015-06-13,12.040476010414999
2015-06-14,12.110113897445002
2015-06-15,12.274574846064997
2015-06-16,13.046185783954998
2015-06-17,12.939166795775002
2015-06-18,12.972019003855003
2015-06-19,12.728249106459998
2015-06-20,12.785293876659994
2015-06-21,12.741426116950004
2015-06-22,12.87287865411
2015-06-23,12.724801950404997
2015-06-24,12.520889501214999
2015-06-25,12.637385972584996
2015-06-26,12.679724419430004
2015-06-27,13.065634469145005
2015-06-28,12.968140500805
2015-06-29,13.411867715929999
2015-06-30,13.748442735495003
2015-07-01,13.505990853425
2015-07-02,13.353982045230001
2015-07-03,13.389127893220007
2015-07-04,13.630596982290003
2015-07-05,14.242351654865004
2015-07-06,14.129684782420002
2015-07-07,13.992594790224995
2015-07-08,14.255419331650005
2015-07-09,14.27715790564
2015-07-10,14.989913220935001
2015-07-11,15.353965816700002
2015-07-12,16.315964204730005
2015-07-13,15.349138147249997
2015-07-14,15.120633284445
2015-07-15,15.023400911845002
2015-07-16,14.573683555014998
2015-07-17,14.665503294149998
2015-07-18,14.430964693605
2015-07-19,14.3431352919
2015-07-20,14.645797973435
2015-07-21,14.458309005045002
2015-07-22,14.517630239395
2015-07-23,14.42725649714
2015-07-24,15.129021492240001
2015-07-25,15.134100139045001
2015-07-26,15.330149576885002
2015-07-27,15.409044916490002
2015-07-28,15.47388668277
2015-07-29,15.198852738510002
2015-07-30,15.092931753745
2015-07-31,14.94787065295
2015-08-01,14.769267229930001
2015-08-02,14.789218870504998
2015-08-03,14.739261373069999
2015-08-04,14.953312451270005
2015-08-05,14.771892545570001
2015-08-06,14.595764607220001
2015-08-07,14.618957209980001
2015-08-08,13.640594032860001
2015-08-09,13.847941293960007
2015-08-10,13.823733163820004
2015-08-11,14.143449898135
2015-08-12,13.922561800655002
2015-08-13,13.785787043080006
2015-08-14,13.891476427890002
2015-08-15,13.65919311399
2015-08-16,13.518148382395005
2015-08-17,13.472464044270001
2015-08-18,11.040931025833503
2015-08-19,11.837160649251002
2015-08-20,12.302572565440999
2015-08-21,12.182375735114999
2015-08-22,12.038965551069
2015-08-23,11.944242279570002
2015-08-24,10.987621046736002
2015-08-25,11.560452890935002
2015-08-26,11.809959102490003
2015-08-27,11.740953307512
2015-08-28,12.08705869953
2015-08-29,11.993869413583502
2015-08-30,11.9410151260405
2015-08-31,11.9933509059045
2015-09-01,11.905239311025
2015-09-02,11.823661907642498
2015-09-03,11.852970574083
2015-09-04,11.992784797319505
2015-09-05,12.250207418753497
2015-09-06,12.512193218272001
2015-09-07,12.490156432981001
2015-09-08,12.694264948655002
2015-09-09,12.346379813300503
2015-09-10,12.370281788890003
2015-09-11,12.444703327745
2015-09-12,12.189116208980002
2015-09-13,11.964405965216002
2015-09-14,11.970991651495998
2015-09-15,11.957430152517
2015-09-16,11.897762137934999
2015-09-17,11.943591169805
2015-09-18,12.1075750443
2015-09-19,12.026683312615
2015-09-20,12.019683881035002
2015-09-21,11.803616966506503
2015-09-22,11.980676112247505
2015-09-23,11.959475148748503
2015-09-24,12.182449901848004
2015-09-25,12.199439627305
2015-09-26,12.200192532655002
2015-09-27,12.121527609640001
2015-09-28,12.452066288960001
2015-09-29,12.311084882763
2015-09-30,12.287661675357
2015-10-01,12.364510662980003
2015-10-02,12.344118608695
2015-10-03,12.415597579354998
2015-10-04,12.392134348339997
2015-10-05,12.496808800190006
2015-10-06,12.797232606622998
2015-10-07,12.633556965458498
2015-10-08,12.600981157295502
2015-10-09,12.683388161268502
2015-10-10,12.739483561590001
2015-10-11,12.846356090865001
2015-10-12,12.78254785908
2015-10-13,12.983164251335001
2015-10-14,13.090895523972998
2015-10-15,13.224978788625002
2015-10-16,13.666706346054001
2015-10-17,14.067022392229998
2015-10-18,13.52243412007
2015-10-19,13.676792779485002
2015-10-20,13.99152195085
2015-10-21,13.832539811264
2015-10-22,14.204111166203003
2015-10-23,14.297845788222999
2015-10-24,14.59560411123
2015-10-25,14.644105975799999
2015-10-26,14.750095841288
2015-10-27,15.15549027201
2015-10-28,15.724516975029996
2015-10-29,16.242529310725008
2015-10-30,16.966503778664997
2015-10-31,16.227049376724995
2015-11-01,16.846698909205
2015-11-02,18.673471407335004
2015-11-03,20.822295342329998
2015-11-04,21.18571478678501
2015-11-05,19.88037693051
2015-11-06,19.269623140865004
2015-11-07,19.887167657470002
2015-11-08,19.186576859220004
2015-11-09,19.54068829536501
2015-11-10,17.32001788692
2015-11-11,15.99186090762
2015-11-12,17.423018162408994
2015-11-13,17.323804339450994
2015-11-14,17.118317571803995
2015-11-15,16.491355441003
2015-11-16,17.0288057365715
2015-11-17,17.246492231789993
2015-11-18,17.192516606700003
2015-11-19,16.785234787220006
2015-11-20,16.577315184715
2015-11-21,16.825865085975003
2015-11-22,16.694979784322
2015-11-23,16.624139661330002
2015-11-24,16.472655547242496
2015-11-25,16.922903003179993
2015-11-26,18.163624978295005
2015-11-27,18.424138247500007
2015-11-28,18.360126909169995
2015-11-29,19.068854492034998
2015-11-30,19.360960361700002
2015-12-01,18.590483683735005
2015-12-02,18.420880271315006
2015-12-03,18.549825741215006
2015-12-04,18.647321997760002
2015-12-05,19.938900772910003
2015-12-06,19.922710827150006
2015-12-07,20.276745445115004
2015-12-08,21.284848017860003
2015-12-09,21.38862053137001
2015-12-10,21.277081303815
2015-12-11,23.118096223004997
2015-12-12,22.25894381581501
2015-12-13,22.193904778204995
2015-12-14,22.716486028080002
2015-12-15,23.781437820775004
2015-12-16,23.258845567780003
2015-12-17,23.314560373095
2015-12-18,23.59863276879
2015-12-19,23.626063811049995
2015-12-20,22.621605262645
2015-12-21,22.412571421575006
2015-12-22,22.307581982214995
2015-12-23,22.606261431325006
2015-12-24,23.284663031795006
2015-12-25,23.315854326185008
2015-12-26,21.367595543809998
2015-12-27,21.649018932829996
2015-12-28,21.650071115175
2015-12-29,22.172369727370008
2015-12-30,21.872811985294998
2015-12-31,22.182023488005
2016-01-01,22.282540426350007
2016-01-02,22.197874044555004
2016-01-03,22.027081569090008
2016-01-04,22.184810968769998
2016-01-05,22.128275632485007
2016-01-06,21.980437295490002
2016-01-07,23.449405463045004
2016-01-08,23.18377090221
2016-01-09,22.89612217572499
2016-01-10,22.91976657167501
2016-01-11,22.92837072403
2016-01-12,22.279448559010007
2016-01-13,22.11574986202999
2016-01-14,22.030694019054998
2016-01-15,18.684130248845005
2016-01-16,19.900259631860006
2016-01-17,19.69263272489
2016-01-18,19.901283695934996
2016-01-19,19.572044769799994
2016-01-20,21.62166432255
2016-01-21,21.122290073644997
2016-01-22,19.72550706898
2016-01-23,19.954950858024997
2016-01-24,20.742809019010004
2016-01-25,20.146913970875005
2016-01-26,20.196436829185007
2016-01-27,20.340304777804995
2016-01-28,19.58156807389
2016-01-29,19.554039344800007
2016-01-30,19.484782978134998
2016-01-31,19.053011201240004
2016-02-01,19.214891924395
2016-02-02,19.288323052629995
2016-02-03,19.06037705794
2016-02-04,20.08294032725
2016-02-05,19.920264218685006
2016-02-06,19.415486562275
2016-02-07,19.422923375070006
2016-02-08,19.2573314478
2016-02-09,19.38003538575
2016-02-10,19.648621493644995
2016-02-11,19.5414559315
2016-02-12,19.798382637885002
2016-02-13,20.182231571515
2016-02-14,20.962629405340003
2016-02-15,20.618941860090004
2016-02-16,20.974731981605007
2016-02-17,21.418407657625007
2016-02-18,21.711269457179995
2016-02-19,21.631136075155002
2016-02-20,22.443383153859994
2016-02-21,22.545885506790004
2016-02-22,22.500027736294992
2016-02-23,21.633424837265
2016-02-24,21.860352769140004
2016-02-25,21.846873113425
2016-02-26,22.2343978906
2016-02-27,22.255732188015
2016-02-28,22.283475987499997
2016-02-29,22.490783464939998
2016-03-01,22.34362577149001
2016-03-02,21.77617649258
2016-03-03,21.67922818875001
2016-03-04,21.13398026422
2016-03-05,20.618989781519996
2016-03-06,20.963789607539997
2016-03-07,21.300686805595006
2016-03-08,21.306768277915005
2016-03-09,21.35991240319
2016-03-10,21.495114894615003
2016-03-11,21.74720182922
2016-03-12,21.247739140485
2016-03-13,21.390195253875
2016-03-14,21.470306480815
2016-03-15,21.525927446405
2016-03-16,21.548098806705
2016-03-17,21.783995252745004
2016-03-18,21.244132673430006
2016-03-19,21.26572899981
2016-03-20,21.410622029810007
2016-03-21,21.390594491509994
2016-03-22,21.652278761840005
2016-03-23,21.671900976505007
2016-03-24,21.587146644630007
2016-03-25,21.669421793465
2016-03-26,21.685107007259997
2016-03-27,22.109818183285
2016-03-28,21.983493866395005
2016-03-29,21.59353660032
2016-03-30,21.498663626084998
2016-03-31,21.617191193565002
2016-04-01,21.681083549
2016-04-02,21.826112891724993
2016-04-03,21.91689462533
2016-04-04,21.916860451775
2016-04-05,22.024312889045
2016-04-06,21.980476708359998
2016-04-07,21.92378734949501
2016-04-08,21.79917216319
2016-04-09,21.727251173920006
2016-04-10,21.799451924265
2016-04-11,21.846000530875
2016-04-12,21.998776326195003
2016-04-13,21.916497131870006
2016-04-14,21.922695717155
2016-04-15,22.180257598225005
2016-04-16,22.228101432975002
2016-04-17,22.083064429
2016-04-18,22.144406332584996
2016-04-19,22.494805962904998
2016-04-20,22.77750385237501
2016-04-21,23.167899375525003
2016-04-22,22.978844947264996
2016-04-23,23.239138769449998
2016-04-24,23.65763076377
2016-04-25,23.786269403945
2016-04-26,24.018715255465004
2016-04-27,22.947674690724995
2016-04-28,23.174290844224995
2016-04-29,23.49894663044501
2016-04-30,23.142943059685
2016-05-01,23.326481979915
2016-05-02,22.961731233005004
2016-05-03,23.247407400014993
2016-05-04,23.057365205015007
2016-05-05,23.114951919354997
2016-05-06,23.692309203504998
2016-05-07,23.633917503129997
2016-05-08,23.642571086779995
2016-05-09,23.742591916810003
2016-05-10,23.281667866830002
2016-05-11,23.38475313229
2016-05-12,23.474079710719998
2016-05-13,23.529372420880005
2016-05-14,23.52626590714
2016-05-15,23.644525240275
2016-05-16,23.465736891685008
2016-05-17,23.457034630869998
2016-05-18,23.498080598560005
2016-05-19,22.72447004186
2016-05-20,22.946595507065
2016-05-21,22.980739444744998
2016-05-22,22.776024422774995
2016-05-23,23.023310717765003
2016-05-24,23.092123599485006
2016-05-25,23.26765148123
2016-05-26,23.446055920365
2016-05-27,24.474611997800004
2016-05-28,27.33409946298
2016-05-29,27.160006191209995
2016-05-30,27.549933342885
2016-05-31,27.412521966974996
2016-06-01,27.690172370880003
2016-06-02,27.739690341290004
2016-06-03,29.311409415179998
2016-06-04,29.499813895805005
2016-06-05,29.573202297420004
2016-06-06,30.129670458934996
2016-06-07,29.679939093709997
2016-06-08,29.95504914287501
2016-06-09,29.607118495634996
2016-06-10,29.742646554845
2016-06-11,31.212827454955008
2016-06-12,34.519810896765
2016-06-13,36.117917099070006
2016-06-14,35.19739317425001
2016-06-15,35.65367714989001
2016-06-16,39.28793355701
2016-06-17,38.377618230954994
2016-06-18,38.72982640820499
2016-06-19,39.112662869539996
2016-06-20,37.77098816651001
2016-06-21,34.177091955095
2016-06-22,30.56701426844
2016-06-23,31.962768665414995
2016-06-24,34.07292043755999
2016-06-25,34.046127088380004
2016-06-26,32.24689173358001
2016-06-27,33.575004734669996
2016-06-28,33.17287753267999
2016-06-29,32.846055873910004
2016-06-30,34.53811166534499
2016-07-01,34.696589237930006
2016-07-02,36.085201204299985
2016-07-03,33.818706810205015
2016-07-04,35.09494536128499
2016-07-05,34.42171541594498
2016-07-06,34.74084472352
2016-07-07,32.87160280841001
2016-07-08,34.205542187355
2016-07-09,33.42849661963499
2016-07-10,33.34976337123501
2016-07-11,33.27860300374
2016-07-12,34.14879721250999
2016-07-13,33.65684415405002
2016-07-14,33.848850537485
2016-07-15,34.17285200285501
2016-07-16,34.02638985327
2016-07-17,34.952071758895
2016-07-18,34.65383624661
2016-07-19,34.6441038298
2016-07-20,34.267813685985004
2016-07-21,34.25850168040001
2016-07-22,33.540123172410006
2016-07-23,33.79036650246999
2016-07-24,34.063351995665016
2016-07-25,33.69010583997501
2016-07-26,33.53266377304
2016-07-27,33.686940639239985
2016-07-28,33.72967682196499
2016-07-29,33.83259899929501
2016-07-30,33.71728137189999
2016-07-31,32.20872219136501
2016-08-01,31.280995205924995
2016-08-02,28.259180117135003
2016-08-03,29.233573136180006
2016-08-04,29.881329241015
2016-08-05,29.736746076159992
2016-08-06,30.414960153325
2016-08-07,30.63844683132
2016-08-08,30.695168682670005
2016-08-09,30.562724744809998
2016-08-10,30.886683303254998
2016-08-11,30.59553414577
2016-08-12,30.609868966760004
2016-08-13,30.543325256059997
2016-08-14,29.873260269935002
2016-08-15,29.663059634685006
2016-08-16,30.173902037299996
2016-08-17,29.896644520490003
2016-08-18,30.016610160869995
2016-08-19,30.056606790100002
2016-08-20,30.317684588950005
2016-08-21,30.295608152240003
2016-08-22,30.59013110810001
2016-08-23,30.383566228735
2016-08-24,30.270088897005017
2016-08-25,30.11501350749
2016-08-26,30.208434939150003
2016-08-27,29.696980575645
2016-08-28,29.907045619565004
2016-08-29,29.876298077584995
2016-08-30,30.147588413420007
2016-08-31,30.050066205470003
2016-09-01,29.803722651850013
2016-09-02,29.97462193849001
2016-09-03,31.173357626659996
2016-09-04,31.683525685575002
2016-09-05,31.569891809375004
2016-09-06,31.763610193815005
2016-09-07,31.936632451305
2016-09-08,32.545975383960005
2016-09-09,32.35660108192501
2016-09-10,32.40542126862999
2016-09-11,31.556212289289995
2016-09-12,31.70390828311501
2016-09-13,31.804902796369998
2016-09-14,31.910771576189994
2016-09-15,31.705749104685005
2016-09-16,31.742615435119994
2016-09-17,31.675306315585
2016-09-18,31.833615400580005
2016-09-19,31.761662714269995
2016-09-20,31.710885780119998
2016-09-21,31.083514098115003
2016-09-22,31.13698801232501
2016-09-23,31.465579187719996
2016-09-24,31.444142364905
2016-09-25,31.35391870793
2016-09-26,31.67381861995001
2016-09-27,31.583242279225
2016-09-28,31.491118749225
2016-09-29,31.559035462409998
2016-09-30,31.775843409449994
2016-10-01,31.931371561205005
2016-10-02,31.791535816915008
2016-10-03,31.846632327170006
2016-10-04,31.722442102990005
2016-10-05,31.890084270279996
2016-10-06,31.912322165894995
2016-10-07,32.09052594918501
2016-10-08,32.186045364269994
2016-10-09,32.05466779239
2016-10-10,32.16946944557501
2016-10-11,33.301335630015004
2016-10-12,33.03344849385001
2016-10-13,33.04728555546499
2016-10-14,33.22783773091
2016-10-15,33.10873092475499
2016-10-16,33.233583747154995
2016-10-17,33.096202384
2016-10-18,33.05171939241501
2016-10-19,32.719662998495004
2016-10-20,32.68729558359
2016-10-21,32.808052990579995
2016-10-22,34.03275928240499
2016-10-23,33.991706813210016
2016-10-24,33.81791831265498
2016-10-25,33.979357417744986
2016-10-26,35.00644740465499
2016-10-27,35.50986218218999
2016-10-28,35.52791963835499
2016-10-29,36.71705681106501
2016-10-30,36.157167264245
2016-10-31,36.077231547565006
2016-11-01,37.50058713829001
2016-11-02,38.034745668724995
2016-11-03,35.416905259545004
2016-11-04,36.13714708082001
2016-11-05,36.159791208715006
2016-11-06,36.58830157595501
2016-11-07,36.18918368058501
2016-11-08,36.514677980565004
2016-11-09,37.169593644
2016-11-10,36.76860763791999
2016-11-11,36.830551767944996
2016-11-12,36.279011426334996
2016-11-13,36.121460851114996
2016-11-14,36.27510879868999
2016-11-15,36.57734334292001
2016-11-16,38.20363003484499
2016-11-17,38.03167899267999
2016-11-18,38.56160476513
2016-11-19,38.54090054824001
2016-11-20,37.50311014664999
2016-11-21,37.919661540895
2016-11-22,38.54762566972499
2016-11-23,38.195714324350014
2016-11-24,38.01045599228501
2016-11-25,38.070449840114996
2016-11-26,37.74855499636501
2016-11-27,37.61576547721001
2016-11-28,37.77966204282499
2016-11-29,37.785643908025
2016-11-30,38.28747228196
2016-12-01,38.80403326782
2016-12-02,39.869780064984994
2016-12-03,39.556461494579985
2016-12-04,39.663607866965016
2016-12-05,38.85626169511501
2016-12-06,39.120388314985
2016-12-07,39.334015918214995
2016-12-08,39.44408772075002
2016-12-09,39.551721667615006
2016-12-10,39.627005421439996
2016-12-11,39.41667840373
2016-12-12,39.91968332317502
2016-12-13,39.95347332572499
2016-12-14,39.99965437468
2016-12-15,39.83564704646
2016-12-16,40.20698455697499
2016-12-17,40.475323965084996
2016-12-18,40.49168027268001
2016-12-19,40.61521497488501
2016-12-20,41.01199740434001
2016-12-21,42.67390197172001
2016-12-22,44.184899346985006
2016-12-23,47.085333465235
2016-12-24,45.936879049949994
2016-12-25,45.790388222935
2016-12-26,46.35345550044001
2016-12-27,47.625992417249996
2016-12-28,49.78181405939001
2016-12-29,49.73151052269
2016-12-30,49.102703126810006
2016-12-31,49.225346003804994
2017-01-01,50.98641190390501
2017-01-02,52.18680673071
2017-01-03,53.337646299675
2017-01-04,59.126255655670015
2017-01-05,51.877096189270006
2017-01-06,46.164524729754994
2017-01-07,46.50921563083501
2017-01-08,46.650797400515
2017-01-09,46.231521866
2017-01-10,46.49799131164
2017-01-11,39.884268595555
2017-01-12,41.29451517947002
2017-01-13,42.27040458450001
2017-01-14,41.96653754958501
2017-01-15,42.161492530825
2017-01-16,42.675946954664994
2017-01-17,46.56117768469502
2017-01-18,45.477131746859996
2017-01-19,46.159601505875
2017-01-20,45.95987860166499
2017-01-21,47.29599618145999
2017-01-22,47.43990490519
2017-01-23,47.261495939925005
2017-01-24,45.77232242178502
2017-01-25,46.23917489322501
2017-01-26,47.08890695165503
2017-01-27,47.22218293850002
2017-01-28,47.33998569301499
2017-01-29,47.270066376539994
2017-01-30,47.350503042545
2017-01-31,49.84886082737002
2017-02-01,50.76140345247
2017-02-02,51.92733801315998
2017-02-03,52.88821312945001
2017-02-04,53.57973332047
2017-02-05,52.759800868445
2017-02-06,53.34458555531499
2017-02-07,54.526834162425004
2017-02-08,54.604661671510016
2017-02-09,51.10753056606999
2017-02-10,50.82534522667002
2017-02-11,51.66430105405502
2017-02-12,51.40278324871001
2017-02-13,51.000773557965005
2017-02-14,51.76231889195
2017-02-15,51.971595516510014
2017-02-16,52.970988893664995
2017-02-17,53.911151211340005
2017-02-18,54.37385861973501
2017-02-19,54.103983615495
2017-02-20,55.66575611316001
2017-02-21,57.402732872639994
2017-02-22,57.524513463270004
2017-02-23,60.200963664039996
2017-02-24,60.569766009105
2017-02-25,59.10628127530498
2017-02-26,60.22246431949501
2017-02-27,60.980303672350004
2017-02-28,61.19262145668
2017-03-01,63.807879794755
2017-03-02,65.24506830286997
2017-03-03,66.67409372459501
2017-03-04,65.47564049850502
2017-03-05,66.03666508823498
2017-03-06,66.55178652366502
2017-03-07,64.02064151478
2017-03-08,60.164187521075
2017-03-09,62.535827061155004
2017-03-10,58.891636363010015
2017-03-11,62.99959211628499
2017-03-12,65.49859139550999
2017-03-13,65.97970258984999
2017-03-14,67.08442451876
2017-03-15,67.999497241195
2017-03-16,64.59545358178501
2017-03-17,60.62963314132501
2017-03-18,54.748409223815
2017-03-19,57.90471886890002
2017-03-20,58.390118746145006
2017-03-21,61.461308623520004
2017-03-22,58.158898894055
2017-03-23,57.61176320739501
2017-03-24,52.32718151145502
2017-03-25,53.951433665395
2017-03-26,53.628964281520005
2017-03-27,57.28082817593
2017-03-28,57.456345675170006
2017-03-29,56.92013547367501
2017-03-30,56.18911537860501
2017-03-31,58.235643973905
2017-04-01,58.35211382833501
2017-04-02,58.93696764527501
2017-04-03,61.26347481235002
2017-04-04,61.11927373571003
2017-04-05,61.07950177068501
2017-04-06,63.53666054444001
2017-04-07,63.15443151292
2017-04-08,63.23651507538501
2017-04-09,63.60266964636001
2017-04-10,63.45015666775502
2017-04-11,64.28208495105001
2017-04-12,64.57087691067
2017-04-13,63.19922777652499
2017-04-14,63.039482701444996
2017-04-15,63.54424595787501
2017-04-16,64.12576972623
2017-04-17,64.71715071248
2017-04-18,65.44052272331503
2017-04-19,65.28523073937998
2017-04-20,66.17402350071501
2017-04-21,65.840745102635
2017-04-22,66.446885275315
2017-04-23,65.14342569703501
2017-04-24,67.52168896911503
2017-04-25,68.29809376671997
2017-04-26,69.06592243478998
2017-04-27,71.22638551469
2017-04-28,71.22840774085499
2017-04-29,72.342931890375
2017-04-30,73.49413798844003
2017-05-01,77.07527742973498
2017-05-02,78.51614126314001
2017-05-03,80.83960591589998
2017-05-04,83.57116840527002
2017-05-05,84.968812159505
2017-05-06,86.51286832669997
2017-05-07,87.83481618028499
2017-05-08,94.00186105271
2017-05-09,95.29507952153499
2017-05-10,96.78787489581501
2017-05-11,99.78412890608497
2017-05-12,93.08491949101499
2017-05-13,97.41556185401
2017-05-14,97.75211205423005
2017-05-15,94.06957169145502
2017-05-16,93.37605093951002
2017-05-17,98.65429321219999
2017-05-18,101.79287469895
2017-05-19,107.39008985055
2017-05-20,112.72751353929999
2017-05-21,110.5188948536
2017-05-22,117.8847592445
2017-05-23,126.6986263525
2017-05-24,133.34767778
2017-05-25,124.53274104649999
2017-05-26,118.55191350150002
2017-05-27,109.55283192055
2017-05-28,115.9224125125
2017-05-29,121.55539135650002
2017-05-30,118.7215207005
2017-05-31,126.57362570699999
2017-06-01,132.23286534199997
2017-06-02,136.78602751249997
2017-06-03,138.03071890249998
2017-06-04,137.82929956200005
2017-06-05,146.75483997600003
2017-06-06,155.569121534
2017-06-07,148.610477972
2017-06-08,153.46402937399992
2017-06-09,154.95794513800004
2017-06-10,161.051223283
2017-06-11,163.31716884700003
2017-06-12,146.56027012
2017-06-13,150.63859862000007
2017-06-14,138.44864208400003
2017-06-15,136.64958897249997
2017-06-16,139.87739959599995
2017-06-17,147.75514354600003
2017-06-18,143.48794288149998
2017-06-19,146.2917266175
2017-06-20,152.0000558965
2017-06-21,149.95443002550005
2017-06-22,150.89355089650002
2017-06-23,153.94292965449998
2017-06-24,146.85619701550004
2017-06-25,145.45612047849997
2017-06-26,138.64934141150005
2017-06-27,142.95794995149996
2017-06-28,144.78605549450003
2017-06-29,142.34172649349995
2017-06-30,138.9948049185
2017-07-01,135.30898490400003
2017-07-02,139.5175664145
2017-07-03,143.1345461005
2017-07-04,145.71404439499995
2017-07-05,146.7642353795
2017-07-06,147.65754866949996
2017-07-07,141.53617501
2017-07-08,145.17072647150002
2017-07-09,141.53959798799997
2017-07-10,132.38617945299998
2017-07-11,129.70925321199994
2017-07-12,134.09224526650002
2017-07-13,131.2548465395
2017-07-14,124.14713761050001
2017-07-15,110.89362128710002
2017-07-16,107.02613608214999
2017-07-17,123.54674408099999
2017-07-18,128.486368587
2017-07-19,125.6877400935
2017-07-20,155.33187387199996
2017-07-21,147.686946015
2017-07-22,155.62367980000002
2017-07-23,151.4598894475
2017-07-24,153.28858032450003
2017-07-25,143.22901600200004
2017-07-26,140.8030745285
2017-07-27,147.99015479150006
2017-07-28,154.19546102649997
2017-07-29,149.98374613999997
2017-07-30,150.812634789
2017-07-31,156.98148927450003
2017-08-01,149.60739438199997
2017-08-02,149.20751626150002
2017-08-03,154.19532433199998
2017-08-04,158.75312038549995
2017-08-05,177.20012622099995
2017-08-06,174.91449326000003
2017-08-07,183.52893488200004
2017-08-08,186.03856560300005
2017-08-09,182.1217870825
2017-08-10,183.9037610165
2017-08-11,197.44833215349993
2017-08-12,209.16904933250004
2017-08-13,217.97918114665
2017-08-14,230.66662013025
2017-08-15,223.67802752650007
2017-08-16,234.960707969
2017-08-17,232.6307688369999
2017-08-18,223.65325957325
2017-08-19,228.68083909650002
2017-08-20,223.96894932150005
2017-08-21,218.9972581935
2017-08-22,224.53966668800004
2017-08-23,227.55842769850005
2017-08-24,238.10574847250004
2017-08-25,239.8599490305001
2017-08-26,243.4866806935
2017-08-27,243.4171397135
2017-08-28,243.25892397800004
2017-08-29,253.02263388850008
2017-08-30,252.80375262399997
2017-08-31,260.5080712835
2017-09-01,271.50793655350003
2017-09-02,253.03430415149998
2017-09-03,253.4972183505001
2017-09-04,233.21913681050006
2017-09-05,241.18231224199997
2017-09-06,253.81504747999998
2017-09-07,254.12539208850004
2017-09-08,234.00282774650003
2017-09-09,233.32326987049998
2017-09-10,227.63543881849998
2017-09-11,229.75905217250002
2017-09-12,228.53900504600006
2017-09-13,214.53800611999998
2017-09-14,173.3495665648
2017-09-15,200.44150137849996
2017-09-16,200.53966481620003
2017-09-17,199.29228386124998
2017-09-18,224.89561909380006
2017-09-19,217.23672663410002
2017-09-20,217.09604914555
2017-09-21,202.26471873025
2017-09-22,203.14067462665
2017-09-23,211.58065479830003
2017-09-24,205.1992371846
2017-09-25,218.205992534
2017-09-26,216.207755483
2017-09-27,232.29919990649998
2017-09-28,230.44686482199995
2017-09-29,229.22570002450004
2017-09-30,238.2542669920001
2017-10-01,240.7854416840001
2017-10-02,240.56344632699995
2017-10-03,235.20095756999999
2017-10-04,231.194164071
2017-10-05,236.1494307968
2017-10-06,238.36227359695008
2017-10-07,241.329965905
2017-10-08,250.13909699885
2017-10-09,256.93020463535
2017-10-10,257.8179071409999
2017-10-11,260.5184871260001
2017-10-12,292.378234744
2017-10-13,303.2692442015001
2017-10-14,312.732552768
2017-10-15,304.8472076564999
2017-10-16,306.9022339495001
2017-10-17,300.25147298600007
2017-10-18,299.44507794799983
2017-10-19,305.1208041090001
2017-10-20,320.0394946072001
2017-10-21,320.2482541245001
2017-10-22,319.00682380399996
2017-10-23,315.24656535465
2017-10-24,295.7987617045
2017-10-25,306.8208078505001
2017-10-26,314.2720909305
2017-10-27,307.949780561
2017-10-28,306.4593279506
2017-10-29,326.9397324740001
2017-10-30,325.85545701
2017-10-31,342.38706735900007
2017-11-01,356.72461875450006
2017-11-02,371.8461025760498
2017-11-03,379.07315693050003
2017-11-04,387.7090686925
2017-11-05,388.9986771255001
2017-11-06,369.8646114784999
2017-11-07,377.2301156935
2017-11-08,394.4400747254999
2017-11-09,379.2368922715001
2017-11-10,352.69778415009995
2017-11-11,340.8290089160001
2017-11-12,329.49572752979986
2017-11-13,354.87295864200007
2017-11-14,358.91298841800005
2017-11-15,392.7466468345
2017-11-16,420.62773408549987
2017-11-17,412.53628740349995
2017-11-18,418.39275694649996
2017-11-19,430.0504430285001
2017-11-20,440.48602229985
2017-11-21,434.2586124567002
2017-11-22,447.77267751600004
2017-11-23,436.632760781
2017-11-24,447.8240425275
2017-11-25,479.28472962950013
2017-11-26,505.12898814499994
2017-11-27,530.889837326
2017-11-28,543.105473552
2017-11-29,536.0166792525
2017-11-30,559.0100957174999
2017-12-01,597.3453724150002
2017-12-02,601.7409204945
2017-12-03,613.9049000475001
2017-12-04,631.3099470195001
2017-12-05,644.1802185769999
2017-12-06,760.0651707040001
2017-12-07,940.2759453460002
2017-12-08,876.4750156425002
2017-12-09,807.9340081025002
2017-12-10,819.4545097700001
2017-12-11,900.9583158170002
2017-12-12,938.4120048600001
2017-12-13,885.4443104250001
2017-12-14,895.1900301190002
2017-12-15,951.3632839265001
2017-12-16,1046.9019475940004
2017-12-17,1035.189192738
2017-12-18,1039.4041313295002
2017-12-19,973.3610474280001
2017-12-20,931.8001876395002
2017-12-21,885.8918524584998
2017-12-22,770.039163197
2017-12-23,820.0387946555
2017-12-24,775.8790478704998
2017-12-25,781.326550504
2017-12-26,887.9599463720002
2017-12-27,872.0524627579999
2017-12-28,808.525402593
2017-12-29,810.3201069500002
2017-12-30,717.0869976075
2017-12-31,779.8881499195004
2018-01-01,755.2156331934999
2018-01-02,831.4165851845
2018-01-03,839.5412504545002
2018-01-04,862.435542237
2018-01-05,950.492715745
2018-01-06,964.9079994850001
2018-01-07,913.151748405
2018-01-08,835.4741773449999
2018-01-09,808.00201885
2018-01-10,827.7056803799998
2018-01-11,742.5775190700001
2018-01-12,773.7883815650001
2018-01-13,796.1109117800003
2018-01-14,760.6416059199997
2018-01-15,757.897483181
2018-01-16,628.0218019380002
2018-01-17,614.7907018805
2018-01-18,632.7040102164998
2018-01-19,639.8927248050001
2018-01-20,709.5973057500003
2018-01-21,637.5949729475
2018-01-22,600.565943583
2018-01-23,596.8919789724998
2018-01-24,614.9932417770001
2018-01-25,618.5144013370001
2018-01-26,612.8729990855
2018-01-27,626.9513500559999
2018-01-28,646.8670411579999
2018-01-29,618.9856270275002
2018-01-30,553.1693566429999
2018-01-31,559.6888508149999
2018-02-01,501.03232715550007
2018-02-02,481.92088093899997
2018-02-03,503.556904374
2018-02-04,453.00435584099995
2018-02-05,379.856844846
2018-02-06,425.1502347025001
2018-02-07,417.6451553925
2018-02-08,454.8532354525
2018-02-09,481.199424842
2018-02-10,474.60487115199993
2018-02-11,446.887715952
2018-02-12,489.86898979900013
2018-02-13,471.94379310100004
2018-02-14,524.1853334405
2018-02-15,559.8930182675
2018-02-16,563.2966295139997
2018-02-17,609.3969155885001
2018-02-18,577.2951004039999
2018-02-19,613.5961946869998
2018-02-20,621.0256326270002
2018-02-21,583.0242385945
2018-02-22,545.6051496515001
2018-02-23,561.2373387555001
2018-02-24,534.8017069145001
2018-02-25,527.6544250430001
2018-02-26,564.4025702810001
2018-02-27,581.9769569604998
2018-02-28,563.0634892095001
2018-03-01,592.9187698764999
2018-03-02,599.2672896160003
2018-03-03,619.9058187554999
2018-03-04,621.6692424700002
2018-03-05,624.1921865209997
2018-03-06,581.5931553785002
2018-03-07,536.6090479559999
2018-03-08,506.352392082
2018-03-09,504.3540930914999
2018-03-10,479.39478371199993
2018-03-11,518.2517633705
2018-03-12,497.528211876
2018-03-13,496.06870191950014
2018-03-14,445.709168765
2018-03-15,446.8986847760001
2018-03-16,449.1247607855001
2018-03-17,425.4319684444999
2018-03-18,441.13970395
2018-03-19,462.86662637500007
2018-03-20,478.4742551670001
2018-03-21,479.5425339590001
2018-03-22,467.911796636
2018-03-23,476.53551111850004
2018-03-24,465.4427337185002
2018-03-25,456.14506254850005
2018-03-26,440.033432162
2018-03-27,418.55498464750013
2018-03-28,424.288310095
2018-03-29,382.61121142199994
2018-03-30,368.068229237
2018-03-31,371.88729260099996
2018-04-01,364.6640298865001
2018-04-02,377.93992003849996
2018-04-03,398.91558843200005
2018-04-04,365.80855774749995
2018-04-05,363.8038921029999
2018-04-06,353.8759293655001
2018-04-07,368.4886064595
2018-04-08,374.8829391815001
2018-04-09,361.35967167050006
2018-04-10,364.57222453850017
2018-04-11,372.224392692
2018-04-12,421.5151724714999
2018-04-13,421.54682184049994
2018-04-14,426.35462665700004
2018-04-15,445.1793426235
2018-04-16,430.53195528499987
2018-04-17,422.9479953645
2018-04-18,439.5547951915001
2018-04-19,447.18593494900006
2018-04-20,476.95599480400017
2018-04-21,478.299476997
2018-04-22,474.60702741300014
2018-04-23,483.12834432400007
2018-04-24,523.5737243129998
2018-04-25,475.8903610025001
2018-04-26,500.69292124749995
2018-04-27,483.84631480749994
2018-04-28,503.559760301
2018-04-29,507.39914534650006
2018-04-30,496.97167290800013
2018-05-01,491.422631838
2018-05-02,497.71707273950017
2018-05-03,524.7788624445
2018-05-04,521.948293537
2018-05-05,531.2135623174998
2018-05-06,519.638416508
2018-05-07,503.561579632
2018-05-08,495.5714718059999
2018-05-09,499.98243733649997
2018-05-10,484.3472126535001
2018-05-11,451.995732152
2018-05-12,455.9131361435
2018-05-13,467.6988631930001
2018-05-14,470.9653070135
2018-05-15,457.33062875850004
2018-05-16,449.277403
2018-05-17,433.811120324
2018-05-18,442.3461842194999
2018-05-19,441.6478436095
2018-05-20,456.04552829449995
2018-05-21,450.06937831849996
2018-05-22,429.3914701995001
2018-05-23,403.45489500350004
2018-05-24,405.3104390780001
2018-05-25,399.632246834
2018-05-26,392.38696710850013
2018-05-27,392.6518716985001
2018-05-28,379.21080522050005
2018-05-29,397.93109134300016
2018-05-30,393.89763948549995
2018-05-31,398.4480418280001
2018-06-01,401.34005244649984
2018-06-02,406.9586640090001
2018-06-03,411.4020603255
2018-06-04,400.0193244315001
2018-06-05,406.07995452050017
2018-06-06,406.93595722799995
2018-06-07,408.07628743850006
2018-06-08,405.238078894
2018-06-09,399.8732035504999
2018-06-10,360.4588398455
2018-06-11,366.49095617600005
2018-06-12,349.29282030749994
2018-06-13,336.39112276200007
2018-06-14,354.2795040395001
2018-06-15,342.55250315950013
2018-06-16,347.67156215449995
2018-06-17,344.9674850105
2018-06-18,356.95274852449995
2018-06-19,358.48455262400006
2018-06-20,359.00649035050003
2018-06-21,356.3580572675
2018-06-22,321.95870403050003
2018-06-23,326.1192795209999
2018-06-24,326.22678191499995
2018-06-25,330.27335972850005
2018-06-26,321.6934880725
2018-06-27,324.97088796199995
2018-06-28,311.18631720199994
2018-06-29,328.0196913895
2018-06-30,338.2419676259999
2018-07-01,336.48327742749996
2018-07-02,348.31420556450007
2018-07-03,345.42522315950004
2018-07-04,348.2463032885
2018-07-05,349.86636509450005
2018-07-06,351.29942620649996
2018-07-07,361.1418724235
2018-07-08,356.63441832850015
2018-07-09,354.0865358140001
2018-07-10,332.7404584105
2018-07-11,335.9643177765
2018-07-12,327.21293977050004
2018-07-13,328.07851866949994
2018-07-14,330.21607310999985
2018-07-15,334.8635890405001
2018-07-16,355.08888308200005
2018-07-17,384.7940598590001
2018-07-18,387.9435821344999
2018-07-19,392.28940342000004
2018-07-20,385.7318973355
2018-07-21,389.365283231
2018-07-22,389.1158024079999
2018-07-23,403.26959953650004
2018-07-24,439.963647777
2018-07-25,427.2841977105
2018-07-26,415.3655166995
2018-07-27,426.1646660705
2018-07-28,427.31365317000007
2018-07-29,428.58966397000006
2018-07-30,426.26410326444494
2018-07-31,405.252924533
2018-08-01,397.33260172850004
2018-08-02,393.9358859305
2018-08-03,387.39927922452506
2018-08-04,366.5458684405001
2018-08-05,368.6629770619999
2018-08-06,362.41574354549994
2018-08-07,351.5934330200001
2018-08-08,328.0189539574999
2018-08-09,341.82547546399996
2018-08-10,321.5827449924999
2018-08-11,327.0053216615001
2018-08-12,328.52009152650004
2018-08-13,325.8713982295001
2018-08-14,320.592166383
2018-08-15,326.75599762850004
2018-08-16,327.995702584
2018-08-17,341.4526710878251
2018-08-18,332.63305544050013
2018-08-19,336.96249853582503
2018-08-20,326.1996879240001
2018-08-21,335.28019251480004
2018-08-22,329.32674245
2018-08-23,337.566410585
2018-08-24,346.85789449395
2018-08-25,349.2895898599999
2018-08-26,346.3275198685
2018-08-27,357.37935380950006
2018-08-28,368.72271726149995
2018-08-29,365.88080209800006
2018-08-30,362.12225709554497
2018-08-31,365.77081870749987
2018-09-01,375.15882240900015
2018-09-02,378.6998277180001
2018-09-03,378.21287446
2018-09-04,383.48112198140495
2018-09-05,352.319451424
2018-09-06,339.68721141874
2018-09-07,336.5631566409999
2018-09-08,324.2666300995
2018-09-09,328.46688623950007
2018-09-10,330.27724607849996
2018-09-11,329.0041159000001
2018-09-12,330.5713356965
2018-09-13,339.26290635450005
2018-09-14,338.94885533100006
2018-09-15,340.49565180850004
2018-09-16,339.26093248899997
2018-09-17,326.7870053905
2018-09-18,331.68266136949995
2018-09-19,333.08527645981
2018-09-20,339.73398234100017
2018-09-21,351.16064328049987
2018-09-22,350.18206587126014
2018-09-23,349.89693719137995
2018-09-24,343.41106605019496
2018-09-25,335.52580662
2018-09-26,337.72490027599997
2018-09-27,347.5828654438451
2018-09-28,345.71895808700003
2018-09-29,343.49763899204
2018-09-30,344.67734648607023
2018-10-01,342.73326332517996
2018-10-02,340.8257508310002
2018-10-03,337.5983895076799
2018-10-04,341.663295438
2018-10-05,344.01597260449995
2018-10-06,342.11360766100006
2018-10-07,342.862835794
2018-10-08,345.3794184455
2018-10-09,344.9086016710001
2018-10-10,341.84314015702
2018-10-11,323.851835594975
2018-10-12,324.97909466
2018-10-13,325.49389542694496
2018-10-14,325.63311623850007
2018-10-15,341.5331963653701
2018-10-16,341.401994701615
2018-10-17,338.50052131750004
2018-10-18,334.81634715649994
2018-10-19,334.17734136100006
2018-10-20,335.4769534354999
2018-10-21,335.1074971279301
2018-10-22,335.169527825
2018-10-23,334.76187990319
2018-10-24,335.9379207240151
2018-10-25,334.891444625
2018-10-26,334.78449128949995
2018-10-27,335.2163092769999
2018-10-28,335.40302440287
2018-10-29,327.22404924299985
2018-10-30,327.552903138375
2018-10-31,326.60957901499995
2018-11-01,329.8025392439999
2018-11-02,330.388868213
2018-11-03,329.0193835735001
2018-11-04,330.3027331170001
2018-11-05,332.530244639815
2018-11-06,335.04776682621997
2018-11-07,337.8835079638749
2018-11-08,334.2536434155001
2018-11-09,330.6287947005001
2018-11-10,331.90140481400005
2018-11-11,331.85312184350005
2018-11-12,329.9501617865
2018-11-13,329.2209528170002
2018-11-14,296.877622029445
2018-11-15,292.11002746800006
2018-11-16,288.32424276750004
2018-11-17,287.03888461200006
2018-11-18,290.54652752400006
2018-11-19,251.17663575854502
2018-11-20,229.92461370999996
2018-11-21,238.0352482675
2018-11-22,225.52866006649998
2018-11-23,224.301812605585
2018-11-24,200.32304014782002
2018-11-25,207.01554515049997
2018-11-26,195.27423799750005
2018-11-27,197.46409294499998
2018-11-28,220.03753929349998
2018-11-29,221.07683413051498
2018-11-30,207.53692997393503
2018-12-01,217.68416970162292
2018-12-02,213.78035260144793
2018-12-03,200.93524401318285
2018-12-04,204.11727281977795
2018-12-05,193.47284706699548
2018-12-06,181.2060843701177
2018-12-07,176.00185730944736
2018-12-08,178.86266471299996
2018-12-09,186.21877269626887
2018-12-10,180.1858037624977
2018-12-11,175.96985932690762
2018-12-12,179.20718099487942
2018-12-13,170.26419180774965
2018-12-14,166.61225261084692
2018-12-15,166.47002052526446
2018-12-16,167.4046550405092
2018-12-17,182.67789590683958
2018-12-18,190.36390310719585
2018-12-19,192.8983552429069
2018-12-20,213.7520082739075
2018-12-21,201.05584058270728
2018-12-22,207.10275012509865
2018-12-23,206.56601381647295
2018-12-24,210.64316763245645
2018-12-25,197.05231260635068
2018-12-26,199.04498075995636
2018-12-27,188.36860363105484
2018-12-28,202.42394311037157
2018-12-29,197.0204634893798
2018-12-30,199.38790760887417
2018-12-31,192.97284642414172
2019-01-01,198.2133396642293
2019-01-02,203.44778549317056
2019-01-03,197.86158565806028
2019-01-04,198.96639439718524
2019-01-05,198.42736008507694
2019-01-06,210.50707990600517
2019-01-07,207.73667775798555
2019-01-08,208.00734192810094
2019-01-09,208.33303981354354
2019-01-10,189.68840241178003
2019-01-11,190.04442703439315
2019-01-12,188.728602622539
2019-01-13,183.0268936679669
2019-01-14,190.9194558077185
2019-01-15,186.99741855022995
2019-01-16,188.23904395463575
2019-01-17,189.50263304041172
2019-01-18,188.40573539170563
2019-01-19,192.13014665274216
2019-01-20,185.46171232459423
2019-01-21,184.20249464033952
2019-01-22,185.75530408543113
2019-01-23,184.7636168677314
2019-01-24,185.68853052353515
2019-01-25,185.69392204755263
2019-01-26,185.86354620695946
2019-01-27,184.75036280908859
2019-01-28,178.8304631906763
2019-01-29,177.64423816664532
2019-01-30,179.70371105533164
2019-01-31,178.20694494891848
2019-02-01,179.7345422550415
2019-02-02,181.49578421659294
2019-02-03,178.43013971221447
2019-02-04,178.33277631543285
2019-02-05,178.75477312439884
2019-02-06,175.92245501055996
2019-02-07,175.30715452753975
2019-02-08,189.53679389869095
2019-02-09,189.84087374969565
2019-02-10,190.9542550262785
2019-02-11,188.91039583711304
2019-02-12,189.33473280753284
2019-02-13,188.0488275584937
2019-02-14,187.17207580085721
2019-02-15,187.44920352322004
2019-02-16,187.97162569024545
2019-02-17,190.2116654459805
2019-02-18,202.86284235260405
2019-02-19,204.50324103253328
2019-02-20,207.33839129036556
2019-02-21,204.79806300555836
2019-02-22,207.47010501486724
2019-02-23,214.590414159399
2019-02-24,197.158464807391
2019-02-25,200.99202294248707
2019-02-26,199.4965447236066
2019-02-27,199.20561912961261
2019-02-28,199.56166317194763
2019-03-01,199.86462550339613
2019-03-02,200.18100615590225
2019-03-03,199.2723103224449
2019-03-04,194.5197041909023
2019-03-05,202.15419404460187
2019-03-06,202.58073092143712
2019-03-07,202.988101868212
2019-03-08,202.24170115324105
2019-03-09,205.65723263647234
2019-03-10,205.0264208326401
2019-03-11,202.67776745033723
2019-03-12,203.3070434973132
2019-03-13,203.1088504962231
2019-03-14,203.96716367302378
2019-03-15,205.95182490997493
2019-03-16,210.57217208976166
2019-03-17,209.41933279439337
2019-03-18,209.69659322425474
2019-03-19,211.63528940088622
2019-03-20,212.5214080635407
2019-03-21,209.41206296261026
2019-03-22,209.1824595734448
2019-03-23,209.8917749769086
2019-03-24,209.05410336741295
2019-03-25,206.0531149204912
2019-03-26,207.12478181738928
2019-03-27,212.6660984435998
2019-03-28,211.79341830636255
2019-03-29,213.32828254232678
2019-03-30,213.79173584268594
2019-03-31,214.1644753341503
2019-04-01,217.0439612760523
2019-04-02,254.52479603060607
2019-04-03,259.5735441315866
2019-04-04,257.08163245748005
2019-04-05,263.4205202650354
2019-04-06,264.6873179975525
2019-04-07,271.8598167435758
2019-04-08,276.3163760680402
2019-04-09,271.72857620966863
2019-04-10,277.6763295250883
2019-04-11,263.8373652661689
2019-04-12,264.87791492100877
2019-04-13,265.21250366739343
2019-04-14,269.1758805186978
2019-04-15,263.73621468995816
2019-04-16,272.4256627397388
2019-04-17,273.08093079685943
2019-04-18,275.7289393842797
2019-04-19,275.96321583653855
2019-04-20,277.585096361681
2019-04-21,276.1765620765999
2019-04-22,280.4598163227289
2019-04-23,288.76780748107967
2019-04-24,283.15668441755747
2019-04-25,269.9569297338731
2019-04-26,273.53114998267176
2019-04-27,273.10851178718667
2019-04-28,273.7000734002565
2019-04-29,271.6178594446903
2019-04-30,277.30025503697794
2019-05-01,280.13499102609455
2019-05-02,285.29750579951815
2019-05-03,298.9121951498728
2019-05-04,301.97296716319886
2019-05-05,300.10548027756244
2019-05-06,297.5557961108412
2019-05-07,301.5217371880929
2019-05-08,309.20902493341447
2019-05-09,318.4938187673482
2019-05-10,328.87044051607245
2019-05-11,371.28150236378997
2019-05-12,359.41135918600855
2019-05-13,402.1209700716371
2019-05-14,411.7642743971504
2019-05-15,423.38096791802263
2019-05-16,406.858752640578
2019-05-17,378.8863856660078
2019-05-18,375.08647743031753
2019-05-19,423.50581206917985
2019-05-20,412.23409407708743
2019-05-21,411.4197331589365
2019-05-22,396.4962604092793
2019-05-23,406.6046648815594
2019-05-24,412.5242243178836
2019-05-25,416.0455842028721
2019-05-26,447.70663022570426
2019-05-27,454.9051248022098
2019-05-28,450.54953310847156
2019-05-29,447.4768937257999
2019-05-30,429.9196385590434
2019-05-31,443.1159108400918
2019-06-01,442.5487910412742
2019-06-02,451.611083616904
2019-06-03,424.14481041188094
2019-06-04,398.1890825458554
2019-06-05,404.2631662237338
2019-06-06,404.3634160777319
2019-06-07,416.0656167460969
2019-06-08,411.1486290340527
2019-06-09,397.79277211547316
2019-06-10,414.5314837397049
2019-06-11,411.02447624750965
2019-06-12,422.35150184000406
2019-06-13,426.2698620821156
2019-06-14,449.569503184899
2019-06-15,457.02863999095314
2019-06-16,464.63344650328565
2019-06-17,481.20789405588425
2019-06-18,469.2736664660385
2019-06-19,479.0804437308054
2019-06-20,491.7218102855536
2019-06-21,523.1398286916487
2019-06-22,551.5757068183873
2019-06-23,558.9120050936848
2019-06-24,566.6679426804994
2019-06-25,605.9166059036932
2019-06-26,666.7822189607472
2019-06-27,573.2243491199949
2019-06-28,635.4850033302562
2019-06-29,612.3585688386148
2019-06-30,555.3731537302999
2019-07-01,543.5501511147164
2019-07-02,554.2297239005632
2019-07-03,612.6449314359994
2019-07-04,575.052624936693
2019-07-05,562.9413529447435
2019-07-06,574.536010723066
2019-07-07,586.9453698728886
2019-07-08,629.0367094802721
2019-07-09,642.9645271767228
2019-07-10,621.3344010890605
2019-07-11,580.7001015996661
2019-07-12,603.7573649402509
2019-07-13,582.1611302943992
2019-07-14,523.9257828974125
2019-07-15,555.9008032610052
2019-07-16,483.33123827272254
2019-07-17,494.73549653931406
2019-07-18,543.7368257777127
2019-07-19,537.5031066364969
2019-07-20,549.6626979046322
2019-07-21,541.3015108795098
2019-07-22,528.074735204306
2019-07-23,505.46481491853405
2019-07-24,501.23403507196235
2019-07-25,506.4560927419029
2019-07-26,504.4428359174313
2019-07-27,484.2666375905178
2019-07-28,487.7164547980291
2019-07-29,486.34490560561267
2019-07-30,490.413352453284
2019-07-31,515.0829995617064
2019-08-01,530.7638838352399
2019-08-02,536.412222476715
2019-08-03,551.6041225369509
2019-08-04,558.9421949579258
2019-08-05,601.4374183275035
2019-08-06,584.3333667690055
2019-08-07,607.4755123502866
2019-08-08,608.5270353345471
2019-08-09,602.9054363287318
2019-08-10,577.3623892018553
2019-08-11,586.439912503105
2019-08-12,579.0875075371071
2019-08-13,554.50400160492
2019-08-14,511.5442289938185
2019-08-15,524.5443885271843
2019-08-16,527.5514704946162
2019-08-17,520.2389089516821
2019-08-18,526.2407220446017
2019-08-19,554.9654205157752
2019-08-20,547.0083788204777
2019-08-21,515.4284444005267
2019-08-22,515.1565289726423
2019-08-23,529.2294326492934
2019-08-24,516.6562292107672
2019-08-25,515.4786997212885
2019-08-26,527.2379686309466
2019-08-27,517.8167736172369
2019-08-28,495.6836008286418
2019-08-29,483.06229119222326
2019-08-30,487.4882212160389
2019-08-31,489.1143099474089
2019-09-01,495.54388243237645
2019-09-02,525.1199944258567
2019-09-03,539.0253656296818
2019-09-04,537.5098654498329
2019-09-05,536.4308620428757
2019-09-06,525.2836767916036
2019-09-07,533.8721165417563
2019-09-08,530.3232877211128
2019-09-09,524.9546613295715
2019-09-10,513.860653444181
2019-09-11,516.8776977318121
2019-09-12,528.5628773475966
2019-09-13,526.4731538677398
2019-09-14,526.3599206634535
2019-09-15,525.7034276911075
2019-09-16,522.4355803684366
2019-09-17,520.8497950105408
2019-09-18,519.0592005353329
2019-09-19,522.5332561650379
2019-09-20,518.0215355976966
2019-09-21,509.67094144622786
2019-09-22,511.935978656234
2019-09-23,494.48922538746876
2019-09-24,437.76212507829615
2019-09-25,431.18157483185763
2019-09-26,412.46474275830576
2019-09-27,419.2946482132527
2019-09-28,418.96116601947494
2019-09-29,411.67948370138186
2019-09-30,421.3486356109976
2019-10-01,423.78998681781616
2019-10-02,426.32238148087424
2019-10-03,419.6003613140525
2019-10-04,416.942763811596
2019-10-05,414.248323452167
2019-10-06,406.0040257305755
2019-10-07,419.04593119371367
2019-10-08,418.17394583733596
2019-10-09,436.7692741726263
2019-10-10,436.1550888003422
2019-10-11,422.731040832447
2019-10-12,423.48631538321246
2019-10-13,422.7323899897318
2019-10-14,425.4501160597666
2019-10-15,416.89166493031604
2019-10-16,408.7213758731361
2019-10-17,411.6883950115737
2019-10-18,405.0344328180961
2019-10-19,405.79598587017324
2019-10-20,417.5960781025271
2019-10-21,418.6651573505674
2019-10-22,410.2570722401821
2019-10-23,381.6467238486916
2019-10-24,380.61861453853356
2019-10-25,440.03091427522776
2019-10-26,468.91442908817544
2019-10-27,484.4611975830989
2019-10-28,469.63228439010385
2019-10-29,478.35113636074476
2019-10-30,467.16731746456134
2019-10-31,466.8456844212834
2019-11-01,469.8405478114135
2019-11-02,473.10884901054766
2019-11-03,468.6493346179457
2019-11-04,477.7347763960192
2019-11-05,474.3708944698264
2019-11-06,475.35635795947167
2019-11-07,470.48155692066575
2019-11-08,447.1130168624852
2019-11-09,447.61145035795704
2019-11-10,459.90567342184477
2019-11-11,444.8748382276218
2019-11-12,447.8016856961733
2019-11-13,447.4255636058341
2019-11-14,442.29628613514046
2019-11-15,431.34481693839905
2019-11-16,434.3280518337688
2019-11-17,435.7436481924608
2019-11-18,421.98590338407905
2019-11-19,416.6730574093824
2019-11-20,407.73095166074603
2019-11-21,388.10969587832574
2019-11-22,370.3591444363305
2019-11-23,375.4812954411344
2019-11-24,357.5923398150112
2019-11-25,362.4687510478184
2019-11-26,366.17565281615197
2019-11-27,381.89509652536543
2019-11-28,378.49682764637106
2019-11-29,393.74339897659996
2019-11-30,384.00046472915113
2019-12-01,376.6371101007129
2019-12-02,371.35120570640123
2019-12-03,371.2168873357267
2019-12-04,367.7526638858353
2019-12-05,377.56012878792944
2019-12-06,382.6168832551689
2019-12-07,383.0897071235975
2019-12-08,383.3434093434239
2019-12-09,375.21891050974835
2019-12-10,368.98575634889096
2019-12-11,365.8775324502427
2019-12-12,367.20271367435214
2019-12-13,368.4766731157876
2019-12-14,361.25520431783764
2019-12-15,362.685224478686
2019-12-16,351.23107541265205
2019-12-17,334.7887793019022
2019-12-18,368.46838064817035
2019-12-19,364.66615331820407
2019-12-20,365.3802756134595
2019-12-21,363.9498638239498
2019-12-22,380.26208181909124
2019-12-23,372.14673901728446
2019-12-24,369.7862363951269
2019-12-25,367.8564403366266
2019-12-26,366.3136320689808
2019-12-27,368.90464907599863
2019-12-28,370.36531815194394
2019-12-29,375.6677980949059
2019-12-30,369.5291497677484
2019-12-31,364.23915944128106
2020-01-01,364.44083854560165
2020-01-02,353.5155577445493
2020-01-03,371.9292138428296
2020-01-04,375.22706661309024
2020-01-05,375.5227699576291
2020-01-06,394.4608392387824
2020-01-07,413.3946315049604
2020-01-08,409.15939590933976
2020-01-09,398.9750089824634
2020-01-10,413.8397220767511
2020-01-11,407.74733712813514
2020-01-12,415.70373063783535
2020-01-13,413.4129002397861
2020-01-14,448.95795707849925
2020-01-15,450.1290973146377
2020-01-16,445.70989218120025
2020-01-17,455.51722994118967
2020-01-18,455.39272879847994
2020-01-19,443.69612566644884
2020-01-20,441.4858396639894
2020-01-21,445.9596779043472
2020-01-22,442.6018146551278
2020-01-23,428.4491420471813
2020-01-24,430.3079849975918
2020-01-25,426.45478068331175
2020-01-26,438.4730477835163
2020-01-27,454.35263228070505
2020-01-28,476.9949386307663
2020-01-29,475.20087996026035
2020-01-30,485.2657805637306
2020-01-31,477.033586659706
2020-02-01,479.3670864547576
2020-02-02,476.8169978208149
2020-02-03,474.29013726927343
2020-02-04,468.32243278526215
2020-02-05,490.9519849131103
2020-02-06,496.4681986139231
2020-02-07,499.7657714272233
2020-02-08,503.7236773244304
2020-02-09,516.4171682617333
2020-02-10,503.23150207535457
2020-02-11,521.0541479487255
2020-02-12,527.4330557968076
2020-02-13,521.527026695986
2020-02-14,526.7822790082195
2020-02-15,504.77917229149057
2020-02-16,506.4493327453708
2020-02-17,494.2766237437411
2020-02-18,517.1341847165056
2020-02-19,490.902249312999
2020-02-20,489.52916373188896
2020-02-21,493.73974581763673
2020-02-22,492.5109280097194
2020-02-23,505.98842541283057
2020-02-24,491.82092028887354
2020-02-25,475.79724129404013
2020-02-26,448.6348110951426
2020-02-27,447.0480143782741
2020-02-28,441.3500593129353
2020-02-29,437.5402979178498
2020-03-01,435.5946238737834
2020-03-02,451.3540773624752
2020-03-03,447.1924296039961
2020-03-04,445.46376189731507
2020-03-05,461.8689549435935
2020-03-06,464.26520337256954
2020-03-07,453.25198826679247
2020-03-08,412.03646929952276
2020-03-09,402.66781474307095
2020-03-10,402.0507679708173
2020-03-11,401.9034820786915
2020-03-12,254.94567643097548
2020-03-13,282.83262217961095
2020-03-14,264.2748897846655
2020-03-15,274.04806542326645
2020-03-16,254.72191850711678
2020-03-17,265.4051922822704
2020-03-18,266.79840296783846
2020-03-19,315.0205077409085
2020-03-20,315.6328312118526
2020-03-21,314.97380659224615
2020-03-22,296.71599921520306
2020-03-23,326.48480813842104
2020-03-24,342.4788699531245
2020-03-25,339.63496619420295
2020-03-26,341.47321342178003
2020-03-27,329.13504517062137
2020-03-28,317.5377955246975
2020-03-29,301.2445426576258
2020-03-30,326.9825114082137
2020-03-31,327.3854387099218
2020-04-01,335.83340072643557
2020-04-02,345.2708022383697
2020-04-03,342.30076072978505
2020-04-04,349.0671586738217
2020-04-05,345.16109425887447
2020-04-06,369.67348149941915
2020-04-07,364.88342238034414
2020-04-08,373.01336543630964
2020-04-09,371.89674196691124
2020-04-10,349.3402053318302
2020-04-11,349.02637434443585
2020-04-12,354.66749193351046
2020-04-13,348.20727601042074
2020-04-14,348.16391129412534
2020-04-15,337.8494325645136
2020-04-16,362.00322651200116
2020-04-17,361.0359134317302
2020-04-18,369.34290683821536
2020-04-19,365.8898833748567
2020-04-20,350.13094575840637
2020-04-21,350.05230668713597
2020-04-22,362.2438734183337
2020-04-23,377.9275322652232
2020-04-24,384.12468506167676
2020-04-25,385.2733604059416
2020-04-26,390.6832355252295
2020-04-27,396.41789615949864
2020-04-28,397.06667847552393
2020-04-29,447.07217551988
2020-04-30,439.60921300589877
2020-05-01,450.0850818140853
2020-05-02,456.35649819845236
2020-05-03,451.60875392486884
2020-05-04,452.26887558824933
2020-05-05,456.7360777377585
2020-05-06,469.9369817158247
2020-05-07,504.1708536097624
2020-05-08,498.9167061948636
2020-05-09,486.194100470909
2020-05-10,443.8258881483445
2020-05-11,435.95634491452665
2020-05-12,446.27650457598384
2020-05-13,469.65267160093805
2020-05-14,492.9021915725329
2020-05-15,472.4736297932536
2020-05-16,474.9724766922464
2020-05-17,489.7728835454357
2020-05-18,492.694176838462
2020-05-19,492.67774397596395
2020-05-20,482.5693154675625
2020-05-21,460.18513924289516
2020-05-22,465.38638068557594
2020-05-23,466.688580900572
2020-05-24,445.54796105801614
2020-05-25,451.4677996708657
2020-05-26,447.7942833843985
2020-05-27,465.22575450577074
2020-05-28,482.5930155332467
2020-05-29,478.21784832712507
2020-05-30,491.6436522505096
2020-05-31,479.5941475035584
2020-06-01,515.0804839630672
2020-06-02,482.9927449480436
2020-06-03,489.4011564773003
2020-06-04,496.6544219160258
2020-06-05,489.8421972575225
2020-06-06,489.23297203342077
2020-06-07,494.487282463899
2020-06-08,495.08363271178945
2020-06-09,496.27849711705704
2020-06-10,500.04508198145163
2020-06-11,472.12640442152906
2020-06-12,480.2538006668746
2020-06-13,480.046822407152
2020-06-14,475.50138606002866
2020-06-15,478.63160508909897
2020-06-16,483.03979403341157
2020-06-17,480.15987089237194
2020-06-18,476.6756464803595
2020-06-19,470.33780004493696
2020-06-20,472.6447649428901
2020-06-21,471.1510444226508
2020-06-22,488.5642628254363
2020-06-23,487.70889095236384
2020-06-24,471.76941652446163
2020-06-25,469.05383149870494
2020-06-26,464.1310455099865
2020-06-27,457.9860501444918
2020-06-28,462.935270324767
2020-06-29,465.35837881813995
2020-06-30,462.6614568443375
2020-07-01,467.3432031334102
2020-07-02,461.97234556963156
2020-07-03,459.88294100099387
2020-07-04,462.391945958472
2020-07-05,459.42628966030435
2020-07-06,474.78059321338844
2020-07-07,468.56615945518575
2020-07-08,477.60578900666934
2020-07-09,470.0248553680918
2020-07-10,470.03206620532825
2020-07-11,468.1884490857593
2020-07-12,469.95087609246053
2020-07-13,468.2531166649861
2020-07-14,468.2280765924391
2020-07-15,465.6414562099217
2020-07-16,462.4621260419652
2020-07-17,463.42806841936596
2020-07-18,463.8217482859143
2020-07-19,465.22037703671344
2020-07-20,464.04736691623424
2020-07-21,474.77249289511457
2020-07-22,482.4671512679679
2020-07-23,485.27129584622315
2020-07-24,482.9512394222679
2020-07-25,490.33137008361274
2020-07-26,501.72196818203497
2020-07-27,556.3912231963802
2020-07-28,552.7413766113045
2020-07-29,562.1960175913886
2020-07-30,562.7991697093814
2020-07-31,573.5392078160362
2020-08-01,596.0277790793425
2020-08-02,560.0937835418696
2020-08-03,569.9588287598199
2020-08-04,567.8452818405664
2020-08-05,595.2629267120363
2020-08-06,597.2682249918281
2020-08-07,588.1204118151633
2020-08-08,595.8526443511438
2020-08-09,591.8556063725698
2020-08-10,602.1202967232987
2020-08-11,578.0217572377339
2020-08-12,586.9584632806951
2020-08-13,597.1458179490579
2020-08-14,596.2665605264629
2020-08-15,601.4374108381725
2020-08-16,603.1161258271181
2020-08-17,621.3449007363262
2020-08-18,607.9868202965166
2020-08-19,595.9315698663665
2020-08-20,602.1418992923185
2020-08-21,587.1518000042565
2020-08-22,592.3245386526094
2020-08-23,591.5207511421108
2020-08-24,597.1621889277992
2020-08-25,576.1846217356095
2020-08-26,582.3254116570191
2020-08-27,573.8485908468251
2020-08-28,584.9122534764816
2020-08-29,583.1200844213906
2020-08-30,593.7294163833774
2020-08-31,592.0153218217996
2020-09-01,606.7138198555881
2020-09-02,578.3545418866216
2020-09-03,518.5663337103352
2020-09-04,532.304700339548
2020-09-05,514.7583035624052
2020-09-06,520.414361505792
2020-09-07,525.1789111778701
2020-09-08,513.1311781987304
2020-09-09,518.7554511414596
2020-09-10,524.8789299687603
2020-09-11,526.7689754924905
2020-09-12,529.0585990623889
2020-09-13,522.771311796794
2020-09-14,540.703131685259
2020-09-15,546.3724201833192
2020-09-16,555.134444312861
2020-09-17,553.9734290086371
2020-09-18,553.1259238506143
2020-09-19,561.2138318652146
2020-09-20,553.2230293353498
2020-09-21,529.0451213759175
2020-09-22,532.9593670208942
2020-09-23,518.1006105737284
2020-09-24,544.0390214348153
2020-09-25,540.7545745577838
2020-09-26,543.6868627731485
2020-09-27,544.8983465636492
2020-09-28,541.5171685690062
2020-09-29,548.341665015485
2020-09-30,545.382996407084
2020-10-01,537.0681795663459
2020-10-02,534.716595627296
2020-10-03,533.3943804004066
2020-10-04,539.502520689566
2020-10-05,545.6824497196426
2020-10-06,536.145078094303
2020-10-07,539.4219371375272
2020-10-08,551.8003768980468
2020-10-09,559.3334962712586
2020-10-10,571.0056820917032
2020-10-11,575.6768793242834
2020-10-12,584.2445815879445
2020-10-13,577.7041644516031
2020-10-14,577.7951888499942
2020-10-15,581.0418900181048
2020-10-16,572.1282798866815
2020-10-17,573.9478731976169
2020-10-18,580.2410691683366
2020-10-19,593.5806277613177
2020-10-20,602.0573812762229
2020-10-21,647.9929601398369
2020-10-22,655.1339295740516
2020-10-23,653.3516972173672
2020-10-24,662.4359742707906
2020-10-25,658.4586818077197
2020-10-26,660.4688095821798
2020-10-27,689.5339492960824
2020-10-28,670.1636858209093
2020-10-29,678.3783887882976
2020-10-30,683.880898899348
2020-10-31,695.7057144933689
2020-11-01,693.4288324619257
2020-11-02,683.8336941711607
2020-11-03,703.7826778751986
2020-11-04,713.0564349478044
2020-11-05,785.7373327875977
2020-11-06,785.3590761166106
2020-11-07,748.3901784343312
2020-11-08,780.8178135911576
2020-11-09,773.3718185101916
2020-11-10,771.2847115971484
2020-11-11,791.8916369675893
2020-11-12,821.1085626486201
2020-11-13,823.4226834589213
2020-11-14,810.8427433399988
2020-11-15,805.0300755120479
2020-11-16,843.7100126863984
2020-11-17,890.6025852324327
2020-11-18,898.2679855370459
2020-11-19,899.4245102710025
2020-11-20,939.7433869290691
2020-11-21,941.538292828164
2020-11-22,927.5563980791737
2020-11-23,927.7891427559753
2020-11-24,965.9623569360148
2020-11-25,946.2367952837986
2020-11-26,866.0453060008268
2020-11-27,863.8748467612228
2020-11-28,895.3826873857586
2020-11-29,918.6397452090768
2020-11-30,991.722575887994
2020-12-01,950.0296127724081
2020-12-02,970.1723565374105
2020-12-03,982.5231240232248
2020-12-04,944.363522287883
2020-12-05,967.4257387478858
2020-12-06,976.9517471150608
2020-12-07,969.2409168998396
2020-12-08,925.0254194643329
2020-12-09,936.7237927167243
2020-12-10,922.0255682352124
2020-12-11,911.5890083920436
2020-12-12,949.1251122884671
2020-12-13,966.4729413343837
2020-12-14,971.6632909370167
2020-12-15,980.1535848709692
2020-12-16,1075.7988293137792
2020-12-17,1151.1238817689305
2020-12-18,1168.1729298327089
2020-12-19,1205.37516452749
2020-12-20,1185.4964362216951
2020-12-21,1151.0338484312424
2020-12-22,1186.1222969993219
2020-12-23,1172.0972988946096
2020-12-24,1197.6880108546727
2020-12-25,1245.15192080449
2020-12-26,1334.095253264704
2020-12-27,1325.7363452995392
2020-12-28,1366.4857309250249
2020-12-29,1380.149182161975
2020-12-30,1453.9798568964934
2020-12-31,1461.6733420422217
2021-01-01,1479.780477218221
2021-01-02,1617.9105115970929
2021-01-03,1651.9207065505336
2021-01-04,1611.1391005107132
2021-01-05,1712.39339122776
2021-01-06,1854.7743500021077
2021-01-07,1982.4633310853942
2021-01-08,2053.8540178329595
2021-01-09,2027.5724335623186
2021-01-10,1934.2944438199527
2021-01-11,1791.9863720361607
2021-01-12,1709.61213408025
2021-01-13,1880.306551080759
2021-01-14,1974.061167590385
2021-01-15,1855.136404150535
2021-01-16,1822.8628094688875
2021-01-17,1803.3110418942708
2021-01-18,1846.029848084743
2021-01-19,1817.8948424483187
2021-01-20,1791.4323699523368
2021-01-21,1553.2670357908285
2021-01-22,1662.9221262962164
2021-01-23,1616.0400600471012
2021-01-24,1627.3693816894668
2021-01-25,1630.9622936638755
2021-01-26,1640.9756625402624
2021-01-27,1533.1010104129198
2021-01-28,1685.6027041646082
2021-01-29,1728.302315804514
2021-01-30,1725.881018850869
2021-01-31,1667.8137925234014
2021-02-01,1709.1018986023937
2021-02-02,1788.603201145003
2021-02-03,1887.699696220539
2021-02-04,1859.6067060817438
2021-02-05,1921.5088376980464
2021-02-06,1977.589404732993
2021-02-07,1959.2128750338368
2021-02-08,2325.0574210021646
2021-02-09,2340.5636956406815
2021-02-10,2262.6867164720406
2021-02-11,2413.7269611209085
2021-02-12,2394.4191888598994
2021-02-13,2380.715374372035
2021-02-14,2459.0052072356407
2021-02-15,2421.335091705113
2021-02-16,2483.8193011435183
2021-02-17,2633.467555491515
2021-02-18,2610.2107140389962
2021-02-19,2823.3746977751352
2021-02-20,2832.1575777139315
2021-02-21,2904.2995622911976
2021-02-22,2735.1982523529214
2021-02-23,2462.310191897429
2021-02-24,2506.991300089762
2021-02-25,2375.2800756410234
2021-02-26,2336.522276957717
2021-02-27,2329.3050207361293
2021-02-28,2275.5917012945247
2021-03-01,2502.1775169364123
2021-03-02,2439.3416814463994
2021-03-03,2548.2492973903445
2021-03-04,2448.367744347235
2021-03-05,2466.431590954528
2021-03-06,2465.932830343126
2021-03-07,2581.319053092064
2021-03-08,2633.561223931243
2021-03-09,2764.3506614364073
2021-03-10,2822.9374116365157
2021-03-11,2912.8515638805243
2021-03-12,2889.6832707453964
2021-03-13,3086.4309886233536
2021-03-14,2988.2902550684885
2021-03-15,2817.2527972513935
2021-03-16,2862.296890778513
2021-03-17,2966.1337441426344
2021-03-18,2915.130543392926
2021-03-19,2939.5733931348254
2021-03-20,2937.9883564759443
2021-03-21,2897.937597279208
2021-03-22,2747.1277821734534
2021-03-23,2757.658723811685
2021-03-24,2658.1537760576343
2021-03-25,2604.2837759254344
2021-03-26,2777.227167249903
2021-03-27,2818.9661588457398
2021-03-28,2818.105903911849
2021-03-29,2908.9430413576465
2021-03-30,2967.475790328804
2021-03-31,2967.876956769151
2021-04-01,2977.6320161325652
2021-04-02,2993.1035885444344
2021-04-03,2902.265539800001
2021-04-04,2962.7428896095716
2021-04-05,2978.574151518177
2021-04-06,2936.2963183069783
2021-04-07,2826.9787093338628
2021-04-08,2941.825098555164
2021-04-09,2937.6374414197903
2021-04-10,3017.730886334701
2021-04-11,3038.5018905550937
2021-04-12,3022.4480208582627
2021-04-13,3204.772437224922
2021-04-14,3186.217364297037
2021-04-15,3197.969870106224
2021-04-16,3114.743288985793
2021-04-17,3069.032417816436
2021-04-18,2841.696711017024
2021-04-19,2815.4623382130035
2021-04-20,2853.886300140057
2021-04-21,2724.4321671149337
2021-04-22,2615.8240719368
2021-04-23,2581.096883076542
2021-04-24,2527.2969998624953
2021-04-25,2474.892003140363
2021-04-26,2728.6487278392656
2021-04-27,2780.465658866742
2021-04-28,2769.8425839177567
2021-04-29,2706.0562998301393
2021-04-30,2918.2606216760046
2021-05-01,2922.5809082284495
2021-05-02,2861.9932158619085
2021-05-03,2893.1144074425074
2021-05-04,2701.2924209116845
2021-05-05,2910.1042408475582
2021-05-06,2860.8401221614977
2021-05-07,2906.6129586347893
2021-05-08,2979.16823653912
2021-05-09,2952.384358318019
2021-05-10,2830.6628721687853
2021-05-11,2876.5895057083912
2021-05-12,2491.4330534303845
2021-05-13,2520.5686373699996
2021-05-14,2529.977550763
2021-05-15,2370.895174768
2021-05-16,2355.6273519079996
2021-05-17,2206.944796864001
2021-05-18,2176.5651715025006
2021-05-19,1870.037109386
2021-05-20,2062.105575647499
2021-05-21,1884.5548197345
2021-05-22,1895.0544346790005
2021-05-23,1754.0869813934999
2021-05-24,1955.2992983460001
2021-05-25,1939.8595369529996
2021-05-26,1986.2069971565004
2021-05-27,1942.5335225470003
2021-05-28,1803.7539743885002
2021-05-29,1748.6358017149998
2021-05-30,1802.3906055675004
2021-05-31,1886.8602057080002
2021-06-01,1853.8385419295
2021-06-02,1899.1398671945
2021-06-03,1981.4980982139998
2021-06-04,1864.077082778
2021-06-05,1796.3242661480003
2021-06-06,1812.0509777365
2021-06-07,1695.4405426985
2021-06-08,1690.7468540525
2021-06-09,1885.4686368334997
2021-06-10,1852.7919175135007
2021-06-11,1883.89565506
2021-06-12,1794.6232502205003
2021-06-13,1972.8268807539998
2021-06-14,2039.0867160444998
2021-06-15,2025.8797164004998
2021-06-16,1934.5765694530005
2021-06-17,1919.9305838630003
2021-06-18,1805.5429065075007
2021-06-19,1796.7006026364993
2021-06-20,1800.973307659
2021-06-21,1596.7640148360003
2021-06-22,1637.7243390124997
2021-06-23,1696.0387535495
2021-06-24,1746.9789545215
2021-06-25,1594.7314432905005
2021-06-26,1622.4225948424998
2021-06-27,1745.9987024705001
2021-06-28,1735.7296433695005
2021-06-29,1808.1699774665005
2021-06-30,1767.1087099453591
2021-07-01,1692.9702477987257
2021-07-02,1709.062952529859
2021-07-03,1747.966753822446
2021-07-04,1779.2853715516296
2021-07-05,1701.460811299273
2021-07-06,1726.0877583668068
2021-07-07,1707.092300749263
2021-07-08,1657.4201676613748
2021-07-09,1703.698819844039
2021-07-10,1689.7367206498948
2021-07-11,1725.7776223842234
2021-07-12,1671.4154703852387
2021-07-13,1648.4914235431124
2021-07-14,1654.521311522808
2021-07-15,1601.9897667330822
2021-07-16,1583.4503299985422
2021-07-17,1589.015610998226
2021-07-18,1602.1647005494328
2021-07-19,1554.0286850595191
2021-07-20,1502.5716177974248
2021-07-21,1618.9335703819459
2021-07-22,1629.4095049382338
2021-07-23,1693.0563157494616
2021-07-24,1728.5722637822387
2021-07-25,1781.515946579156
2021-07-26,1881.196154466661
2021-07-27,1985.0990257323822
2021-07-28,2015.0981590749811
2021-07-29,2016.394526496248
2021-07-30,2128.019922729997
2021-07-31,2097.4331588814935
2021-08-01,2014.4694908752901
2021-08-02,1975.9470619587262
2021-08-03,1923.030980593978
2021-08-04,2003.2245314614106
2021-08-05,2059.5668289815976
2021-08-06,2157.27204299635
2021-08-07,2245.1362289370604
2021-08-08,2206.2368779288977
2021-08-09,2336.405814964826
2021-08-10,2297.151267431719
2021-08-11,2298.2127410115604
2021-08-12,2239.5104902264766
2021-08-13,2409.868631884656
2021-08-14,2374.8605700951375
2021-08-15,2373.2854724588287
2021-08-16,2320.20051890853
2021-08-17,2253.849176659292
2021-08-18,2259.7850170270644
2021-08-19,2356.538452475534
2021-08-20,2488.8130335973815
2021-08-21,2467.0530464531716
2021-08-22,2489.185616482919
2021-08-23,2501.0960770324054
2021-08-24,2407.280212227401
2021-08-25,2471.1210580957268
2021-08-26,2368.3135809090554
2021-08-27,2475.338846207071
2021-08-28,2467.068448792734
2021-08-29,2462.9646367967575
2021-08-30,2373.3352297714746
2021-08-31,2379.359075057937
2021-09-01,2464.8734125680703
2021-09-02,2488.994824913468
2021-09-03,2525.8251222869512
2021-09-04,2521.853139990351
2021-09-05,2613.980576254943
2021-09-06,2657.063836733488
2021-09-07,2361.171572758286
2021-09-08,2324.827232094638
2021-09-09,2339.9899745563102
2021-09-10,2263.92778089286
2021-09-11,2280.262623329244
2021-09-12,2324.096773259665
2021-09-13,2268.4963233295257
2021-09-14,2375.6498248074026
2021-09-15,2430.453901446806
2021-09-16,2410.5492138724485
2021-09-17,2384.1916478098287
2021-09-18,2434.7114551827926
2021-09-19,2383.336992720904
2021-09-20,2160.055649255764
2021-09-21,2051.6642787119063
2021-09-22,2197.2620008702484
2021-09-23,2263.5513303025095
2021-09-24,2159.472949660001
2021-09-25,2153.270903378565
2021-09-26,2177.542282479105
2021-09-27,2128.2105875445454
2021-09-28,2067.58259601912
2021-09-29,2094.576309396662
2021-09-30,2207.114306573112
2021-10-01,2424.6753123436943
2021-10-02,2404.5889400249434
2021-10-03,2429.091252307613
2021-10-04,2474.478251280272
2021-10-05,2595.309397216605
2021-10-06,2788.086748265153
2021-10-07,2710.4193718268334
2021-10-08,2718.3720050180236
2021-10-09,2768.774713325225
2021-10-10,2758.1899656676405
2021-10-11,2894.067970153554
2021-10-12,2821.3222855215627
2021-10-13,2889.807367650135
2021-10-14,2885.982095736194
2021-10-15,3100.529850011296
2021-10-16,3065.1061708438124
2021-10-17,3080.896315179943
