date,ponderated_index
2014-04-29,0.016550651200493018
2014-04-30,-0.0009185914398307781
2014-05-01,0.021057610137908335
2014-05-02,-0.02248604022541378
2014-05-03,-0.027993517796870745
2014-05-04,-0.0041954852881125005
2014-05-05,-0.008068267478391794
2014-05-06,-0.007379097487489248
2014-05-07,0.023828317490841334
2014-05-08,0.004549025736186091
2014-05-09,0.020083418401079824
2014-05-10,0.009450053621160167
2014-05-11,-0.03596950095352871
2014-05-12,0.003038746908134681
2014-05-13,-0.0029257079688575407
2014-05-14,0.01136043856164104
2014-05-15,0.0009948185812658
2014-05-16,0.00045588698553959066
2014-05-17,-0.0014450579987882305
2014-05-18,-0.005044189773526508
2014-05-19,-9.892363750292235e-05
2014-05-20,0.0831726194840809
2014-05-21,0.015392148473693057
2014-05-22,0.050927703097323494
2014-05-23,0.0094559770029048
2014-05-24,0.005600581572639847
2014-05-25,0.08978065298514504
2014-05-26,0.010196303861378027
2014-05-27,-0.026281413739417
2014-05-28,-0.0016999098190011715
2014-05-29,-0.021133537040567515
2014-05-30,0.07939620223413164
2014-05-31,0.021422465212708575
2014-06-01,0.0029131938198684953
2014-06-02,0.04336196572543282
2014-06-03,0.0077936694554216765
2014-06-04,-0.03753557669944152
2014-06-05,0.025196671890544527
2014-06-06,0.007927397604960942
2014-06-07,-0.004956101796198713
2014-06-08,0.0025241700475287366
2014-06-09,-0.013636382447586163
2014-06-10,0.0022219513513953115
2014-06-11,-0.02863883360499195
2014-06-12,-0.0710064233406946
2014-06-13,0.02314416609969965
2014-06-14,-0.04263919907831926
2014-06-15,0.02666130556144002
2014-06-16,-0.0018867087617387137
2014-06-17,0.030982180621907704
2014-06-18,-0.004525953736292805
2014-06-19,-0.017797241269042665
2014-06-20,-0.009558883583671842
2014-06-21,-0.001399151245172252
2014-06-22,0.010577699571297951
2014-06-23,-0.014996508954859994
2014-06-24,-0.019877564729305276
2014-06-25,-0.028844246867346674
2014-06-26,0.026936612900393474
2014-06-27,0.023952096760808946
2014-06-28,-0.0012455008177233134
2014-06-29,0.007395965951067398
2014-06-30,0.05824502843563562
2014-07-01,-0.0004237641010355834
2014-07-02,0.018241654091572516
2014-07-03,-0.004177395321385582
2014-07-04,-0.021918563953426663
2014-07-05,-0.00242594117690838
2014-07-06,0.006015606457667307
2014-07-07,-0.020345580244506556
2014-07-08,0.006424988176605143
2014-07-09,-0.008098613989771629
2014-07-10,-0.012948386148115824
2014-07-11,0.024648155370540197
2014-07-12,0.0021538078802514635
2014-07-13,-0.010674528211618068
2014-07-14,-0.011671101764834177
2014-07-15,0.004388202724134334
2014-07-16,-0.009220202027716088
2014-07-17,0.010148225555005115
2014-07-18,0.007570789833782355
2014-07-19,-0.0011055933269229507
2014-07-20,-0.007031866288900242
2014-07-21,-0.0034214765764987026
2014-07-22,-0.001231946361037253
2014-07-23,-0.00240584475672072
2014-07-24,-0.029934197312393704
2014-07-25,-0.003866266455347873
2014-07-26,-0.012898816548839453
2014-07-27,-0.006162746291407806
2014-07-28,-0.015456806136430069
2014-07-29,0.0021866570220894495
2014-07-30,-0.030781437552988847
2014-07-31,0.030607074495731464
2014-08-01,0.013847379542353083
2014-08-02,-0.010725375414616982
2014-08-03,-0.004917687629361654
2014-08-04,0.003022144470083269
2014-08-05,-0.003576753870258357
2014-08-06,0.001556682388889416
2014-08-07,0.007064707197164398
2014-08-08,0.004354443151110103
2014-08-09,-0.007369109862311472
2014-08-10,0.0037660141291808555
2014-08-11,-0.02778688083346869
2014-08-12,-0.013354643575953326
2014-08-13,-0.04416617929819948
2014-08-14,-0.07769836782371253
2014-08-15,-0.018573826841262207
2014-08-16,0.04157938811777909
2014-08-17,-0.05696244461894766
2014-08-18,-0.06465825876574656
2014-08-19,0.056007424556569894
2014-08-20,0.05511381585673314
2014-08-21,0.010769482581849557
2014-08-22,-0.007586404333656883
2014-08-23,-0.03320222809817354
2014-08-24,0.021898804412136506
2014-08-25,-0.011539481349974803
2014-08-26,0.018750648434128426
2014-08-27,-0.002031901819827469
2014-08-28,-0.006043536555349436
2014-08-29,0.0005418821334235366
2014-08-30,-0.008938555106851421
2014-08-31,-0.05324702469882884
2014-09-01,-0.0062215265558529615
2014-09-02,0.0038020818008050014
2014-09-03,0.0008860257966183832
2014-09-04,0.026495175519766316
2014-09-05,-0.013394466741974665
2014-09-06,0.0041814235680996854
2014-09-07,-0.005179286667851377
2014-09-08,-0.017690912982120662
2014-09-09,0.001402722557084474
2014-09-10,0.008953918023519126
2014-09-11,0.0016381591023732322
2014-09-12,-0.0037472213089535583
2014-09-13,0.0062943873566350655
2014-09-14,-0.0038813513049604626
2014-09-15,-0.005466031426902075
2014-09-16,-0.01845105013975121
2014-09-17,-0.016549329820524285
2014-09-18,-0.0737589453876922
2014-09-19,-0.07229155182040604
2014-09-20,0.03410077463140417
2014-09-21,-0.025144772842555264
2014-09-22,0.010062204549481216
2014-09-23,0.07903796204798375
2014-09-24,-0.028709928471307794
2014-09-25,-0.02840993852039614
2014-09-26,-0.016847412651186618
2014-09-27,-0.01425852138186952
2014-09-28,-0.0564090974712062
2014-09-29,-0.006171313051160913
2014-09-30,0.0298890756267286
2014-10-01,-0.008964417073029845
2014-10-02,-0.021895825196421696
2014-10-03,-0.04342681292758536
2014-10-04,-0.08682190948830207
2014-10-05,-0.02576033847730335
2014-10-06,0.032956877915092615
2014-10-07,0.018512483486388696
2014-10-08,0.047287435392972324
2014-10-09,0.03626159751082509
2014-10-10,-0.013265486985236765
2014-10-11,0.0032369764603614793
2014-10-12,0.041929642787486746
2014-10-13,0.032608081742640405
2014-10-14,0.0250229711144487
2014-10-15,-0.014786369869035426
2014-10-16,-0.031203341619742454
2014-10-17,0.0043632980997449465
2014-10-18,0.019647200964817778
2014-10-19,-0.0049398552841358
2014-10-20,-0.01732862601162813
2014-10-21,0.007787845346128478
2014-10-22,-0.008949907582318199
2014-10-23,-0.06628776834614701
2014-10-24,0.00030942536553489456
2014-10-25,-0.031091415372446383
2014-10-26,0.020724066553097782
2014-10-27,-0.004790060487993673
2014-10-28,0.010695855002675407
2014-10-29,-0.06368680718697647
2014-10-30,0.028511954621284488
2014-10-31,-0.020009577384403412
2014-11-01,-0.03710687068962945
2014-11-02,0.0009378406114954278
2014-11-03,0.006196247596949144
2014-11-04,0.009741873705982281
2014-11-05,0.02522683149179682
2014-11-06,0.028821825619585288
2014-11-07,-0.01867572536722882
2014-11-08,0.009657859246253767
2014-11-09,0.05196112337187875
2014-11-10,0.01001976218806715
2014-11-11,0.002364779425803525
2014-11-12,0.1459633667788867
2014-11-13,-0.006333682002042579
2014-11-14,-0.05665708758613816
2014-11-15,-0.05817448962929359
2014-11-16,0.03192226432408461
2014-11-17,-0.00083843088572663
2014-11-18,-0.03267893359022754
2014-11-19,0.012713539434943995
2014-11-20,-0.06081019954479607
2014-11-21,-0.017106680701028252
2014-11-22,0.0039279790069152365
2014-11-23,0.04003836722387697
2014-11-24,0.02397140057646201
2014-11-25,-0.005295090695371907
2014-11-26,-0.018462089360913734
2014-11-27,0.0021451596400931957
2014-11-28,0.016612151330819117
2014-11-29,-0.002186044432035344
2014-11-30,0.0075243910746472555
2014-12-01,0.00250032116716154
2014-12-02,0.00878080211327343
2014-12-03,-0.018411078008413868
2014-12-04,-0.013456194899728624
2014-12-05,0.020461850527677284
2014-12-06,-0.004429931254776411
2014-12-07,0.0018705579633195486
2014-12-08,-0.03638247885611234
2014-12-09,-0.029684719711671227
2014-12-10,-0.017120064722206185
2014-12-11,0.012507299485721119
2014-12-12,0.003699319489429745
2014-12-13,-0.01419250795686741
2014-12-14,0.010988458964434991
2014-12-15,-0.019352756434319787
2014-12-16,-0.055941970772578425
2014-12-17,-0.020034533592914985
2014-12-18,-0.027846890619213957
2014-12-19,0.020977752797262005
2014-12-20,0.035657380720632355
2014-12-21,-0.027504079601223152
2014-12-22,0.033782871251966363
2014-12-23,0.007062290313185702
2014-12-24,-0.03617028665617632
2014-12-25,-0.011347185276400117
2014-12-26,0.027884546255171047
2014-12-27,-0.03628509561758569
2014-12-28,0.004460068000378725
2014-12-29,-0.015290155034377046
2014-12-30,-0.005089790975216204
2014-12-31,0.029504007648691363
2015-01-01,-0.018851763824154027
2015-01-02,0.0021431163779199627
2015-01-03,-0.11543146986624545
2015-01-04,-0.06291359043260564
2015-01-05,0.038892348364791274
2015-01-06,0.04135613217273425
2015-01-07,0.028964316077555213
2015-01-08,-0.039546681575778946
2015-01-09,0.022638504289066226
2015-01-10,-0.05629984771885579
2015-01-11,-0.032303997507491015
2015-01-12,0.008676376041329703
2015-01-13,-0.17139230129983707
2015-01-14,-0.23802284237968752
2015-01-15,0.16664301834850775
2015-01-16,-0.005484954911134825
2015-01-17,-0.046834729826952165
2015-01-18,0.054774429403653686
2015-01-19,0.02072915927041026
2015-01-20,-0.01482197365441731
2015-01-21,0.07178996012946871
2015-01-22,0.028127455291529622
2015-01-23,-0.001940976290484298
2015-01-24,0.06373604447742943
2015-01-25,0.024848337168910738
2015-01-26,0.07111500290750444
2015-01-27,-0.03903198898254477
2015-01-28,-0.11624298663382296
2015-01-29,-0.0032072843997873685
2015-01-30,-0.030522371796655474
2015-01-31,-0.039726139757873556
2015-02-01,0.043283411532565694
2015-02-02,0.04908560322636916
2015-02-03,-0.04838632609888333
2015-02-04,-0.0008490518349910076
2015-02-05,-0.04788890504265868
2015-02-06,0.02294508715289077
2015-02-07,0.026171903014263063
2015-02-08,-0.020980285117001073
2015-02-09,-0.01107813077302422
2015-02-10,-0.0022022981607690765
2015-02-11,0.0003006613639809234
2015-02-12,0.00895916189897034
2015-02-13,0.060003109690448295
2015-02-14,0.0866548690321568
2015-02-15,-0.0902902723500417
2015-02-16,-0.0036796609147890327
2015-02-17,0.03995341376298247
2015-02-18,-0.029483791641278515
2015-02-19,0.016523161817436533
2015-02-20,0.013258260358492953
2015-02-21,0.0031017933550708987
2015-02-22,-0.03574706233049113
2015-02-23,0.013105486494397944
2015-02-24,-0.0007563845326151305
2015-02-25,-0.004091064772417493
2015-02-26,-0.003828058231438731
2015-02-27,0.07105271640589146
2015-02-28,-7.887825321951712e-05
2015-03-01,0.02327652455544499
2015-03-02,0.05944852056200435
2015-03-03,0.01868880145439873
2015-03-04,-0.028060488537296556
2015-03-05,0.008319087348620415
2015-03-06,-0.011974862771180518
2015-03-07,0.014702583880032961
2015-03-08,-0.007006535124995969
2015-03-09,0.053511536874130544
2015-03-10,0.006280274794446602
2015-03-11,0.014688440610113568
2015-03-12,-0.006820824974557389
2015-03-13,-0.033139966791424016
2015-03-14,-0.01224935541901152
2015-03-15,0.014007745945673566
2015-03-16,0.014051402250481373
2015-03-17,-0.017105946278090617
2015-03-18,-0.10648764818977474
2015-03-19,0.018276968572963556
2015-03-20,0.005277339601026647
2015-03-21,-0.004302816083776448
2015-03-22,0.029597098056687
2015-03-23,-0.0033982927914934513
2015-03-24,-0.07841572002137107
2015-03-25,0.0018678422735730759
2015-03-26,0.0067414748007995455
2015-03-27,-0.005780133391203468
2015-03-28,0.02334758396432352
2015-03-29,-0.041218273367738624
2015-03-30,0.018309913934506372
2015-03-31,-0.014963950460670351
2015-04-01,0.011944879558113285
2015-04-02,0.0248654995256414
2015-04-03,0.0037518828039082696
2015-04-04,-0.0031467629405904037
2015-04-05,0.026096198116056263
2015-04-06,-0.018973864152428528
2015-04-07,-0.010321586060395349
2015-04-08,-0.0323223957316538
2015-04-09,-0.006497130082569029
2015-04-10,-0.032750194566663664
2015-04-11,0.0014711006285575592
2015-04-12,-0.0009581748926495174
2015-04-13,-0.0493343684519209
2015-04-14,-0.03277891938174814
2015-04-15,0.026585490348570277
2015-04-16,0.022505720673782308
2015-04-17,-0.026102142543334643
2015-04-18,0.0017778199933863367
2015-04-19,-0.004760207739016321
2015-04-20,0.007452728231527899
2015-04-21,0.04686797047132089
2015-04-22,-0.0035001703602754518
2015-04-23,0.0116668935595073
2015-04-24,-0.02357281390654096
2015-04-25,-0.020809693920232162
2015-04-26,-0.03297398487330032
2015-04-27,0.04380659409443916
2015-04-28,-0.013882125115363733
2015-04-29,-0.0006061600249967985
2015-04-30,0.04415880234797683
2015-05-01,-0.0182384796027165
2015-05-02,0.01196919200416896
2015-05-03,0.02222464994830174
2015-05-04,-0.005000421227547089
2015-05-05,-0.011849479720594542
2015-05-06,-0.02695355671576366
2015-05-07,0.03194600940672482
2015-05-08,0.02627195233783191
2015-05-09,-0.0084349742991003
2015-05-10,-0.012291143039726218
2015-05-11,0.01380006862395412
2015-05-12,-0.002676299011346397
2015-05-13,-0.020103966170981365
2015-05-14,0.002750898543998743
2015-05-15,0.002737101791127309
2015-05-16,-0.005072597370689002
2015-05-17,8.735349589542531e-05
2015-05-18,-0.013927483922066967
2015-05-19,-0.00531105461748767
2015-05-20,0.008930369491096308
2015-05-21,0.005742845874727901
2015-05-22,0.02229366109509514
2015-05-23,-0.005096023587971372
2015-05-24,0.008729605574847903
2015-05-25,-0.01609647973041694
2015-05-26,-0.004183948665373037
2015-05-27,0.00478950949688764
2015-05-28,0.000576965265554111
2015-05-29,-0.00037078597233506223
2015-05-30,-0.016191831816813794
2015-05-31,-0.014491555829359735
2015-06-01,-0.03240144825918273
2015-06-02,0.011706369362511784
2015-06-03,0.0008387181347305063
2015-06-04,-0.006604047760198135
2015-06-05,0.005286259735925934
2015-06-06,4.5777345739684975e-05
2015-06-07,-0.013066660238525773
2015-06-08,0.02577570307323066
2015-06-09,0.002701038174750392
2015-06-10,-0.0009060399540677618
2015-06-11,0.004802827232966512
2015-06-12,0.0012118006493241694
2015-06-13,0.01217610806527618
2015-06-14,0.005766987911918875
2015-06-15,0.013489074562469526
2015-06-16,0.06096577663355765
2015-06-17,-0.008236916772676985
2015-06-18,0.0025357562511817665
2015-06-19,-0.018970791058341596
2015-06-20,0.004471732153794047
2015-06-21,-0.0034370105446581917
2015-06-22,0.010264084260123405
2015-06-23,-0.011569669748672073
2015-06-24,-0.016154588925410034
2015-06-25,0.009261151793833794
2015-06-26,0.003344653924434361
2015-06-27,0.029981245010304282
2015-06-28,-0.007489841501506306
2015-06-29,0.03364434664419312
2015-06-30,0.02478559665585994
2015-07-01,-0.01779220816898218
2015-07-02,-0.011318733018299833
2015-07-03,0.0026284054700216174
2015-07-04,0.01787401750909618
2015-07-05,0.04390299276117538
2015-07-06,-0.007942148595801566
2015-07-07,-0.00974964193561704
2015-07-08,0.01860889227296121
2015-07-09,0.0015237724945355502
2015-07-10,0.04871661207992266
2015-07-11,0.023996277090973225
2015-07-12,0.060770227519266494
2015-07-13,-0.0610847018796086
2015-07-14,-0.014999071931813632
2015-07-15,-0.006451207504962277
2015-07-16,-0.03039164022981751
2015-07-17,0.006280615219310376
2015-07-18,-0.01612179736580216
2015-07-19,-0.006104773009044681
2015-07-20,0.020882015692421964
2015-07-21,-0.012884199618938474
2015-07-22,0.004094522474444501
2015-07-23,-0.0062445596523387215
2015-07-24,0.04749562258911963
2015-07-25,0.00033563271592086566
2015-07-26,0.012870964895018207
2015-07-27,0.005133219275641831
2015-07-28,0.004199203780432757
2015-07-29,-0.017933925753514036
2015-07-30,-0.006993408822666132
2015-07-31,-0.009657679999771955
2015-08-01,-0.012020375195225511
2015-08-02,0.0013499773660436611
2015-08-03,-0.0033836854919642606
2015-08-04,0.014418068810357032
2015-08-05,-0.012206621173404087
2015-08-06,-0.011994831534815422
2015-08-07,0.0015877342784438276
2015-08-08,-0.06926892324784008
2015-08-09,0.015086376286302685
2015-08-10,-0.0017496690597974473
2015-08-11,0.022864702700636525
2015-08-12,-0.015740936813492486
2015-08-13,-0.009872538364771513
2015-08-14,0.007637308409875528
2015-08-15,-0.016862662277988345
2015-08-16,-0.010379675873059643
2015-08-17,-0.0033852052728479756
2015-08-18,-0.19903853265471505
2015-08-19,0.06963442132402248
2015-08-20,0.03856460150372165
2015-08-21,-0.009818096765438692
2015-08-22,-0.011841776901403131
2015-08-23,-0.007899173847327474
2015-08-24,-0.08348006493851967
2015-08-25,0.05082076017494614
2015-08-26,0.02135312735396653
2015-08-27,-0.005860154482021613
2015-08-28,0.02905233851870963
2015-08-29,-0.007739714242143855
2015-08-30,-0.004416513759933024
2015-08-31,0.004373281766214864
2015-09-01,-0.007373823587277043
2015-09-02,-0.00687581140176584
2015-09-03,0.0024757474639453317
2015-09-04,0.011726684541498745
2015-09-05,0.02123766692599866
2015-09-06,0.021160757330016315
2015-09-07,-0.0017627776032876883
2015-09-08,0.016209463908789384
2015-09-09,-0.027787425050075077
2015-09-10,0.0019340785924054432
2015-09-11,0.005998130696479475
2015-09-12,-0.020751657314218304
2015-09-13,-0.018607367127263637
2015-09-14,0.0005502884515765444
2015-09-15,-0.0011335056312612559
2015-09-16,-0.005002528446601517
2015-09-17,0.0038445039361087907
2015-09-18,0.013636462709264743
2015-09-19,-0.00670350283049587
2015-09-20,-0.0005821612654679462
2015-09-21,-0.018139622258034612
2015-09-22,0.014889020754883624
2015-09-23,-0.001771164167694151
2015-09-24,0.01847251974671424
2015-09-25,0.0013936350738111814
2015-09-26,6.171448366971601e-05
2015-09-27,-0.006468719881765875
2015-09-28,0.0269035630263747
2015-09-29,-0.01138650961125387
2015-09-30,-0.0019044234168587868
2015-10-01,0.006234682729208137
2015-10-02,-0.0016506021997913065
2015-10-03,0.0057738278332484655
2015-10-04,-0.0018916068651245728
2015-10-05,0.008411371136001196
2015-10-06,0.023755629212951712
2015-10-07,-0.01287241992791109
2015-10-08,-0.0025818444625515954
2015-10-09,0.006518437911123253
2015-10-10,0.004412994092003781
2015-10-11,0.008354085876054329
2015-10-12,-0.004979406357025915
2015-10-13,0.015572668485592146
2015-10-14,0.008263529853794494
2015-10-15,0.01019038344446972
2015-10-16,0.03285530754339933
2015-10-17,0.02887053919947442
2015-10-18,-0.03948312772470846
2015-10-19,0.01135034588702486
2015-10-20,0.022751132477830997
2015-10-21,-0.01142779735934589
2015-10-22,0.026507667569376336
2015-10-23,0.006577440286236997
2015-10-24,0.02061151336852131
2015-10-25,0.003317536932488773
2015-10-26,0.0072116484404718606
2015-10-27,0.027113280019382777
2015-10-28,0.03685822460696385
2015-10-29,0.03241198323521673
2015-10-30,0.043607966029948694
2015-10-31,-0.04456146994337143
2015-11-01,0.037475162745177454
2015-11-02,0.10294914814477793
2015-11-03,0.10892042878272838
2015-11-04,0.01730281963993844
2015-11-05,-0.06359396240401458
2015-11-06,-0.031203235880058813
2015-11-07,0.031544756941837296
2015-11-08,-0.035863769779264636
2015-11-09,0.01828795831774612
2015-11-10,-0.12063593507031009
2015-11-11,-0.07978303632814424
2015-11-12,0.08571231534118447
2015-11-13,-0.005710685780380576
2015-11-14,-0.011932435888996845
2015-11-15,-0.03731276225966505
2015-11-16,0.03207003422940806
2015-11-17,0.012702408738179096
2015-11-18,-0.003134565779051189
2015-11-19,-0.02397458988524701
2015-11-20,-0.012464412616309975
2015-11-21,0.014882085272016036
2015-11-22,-0.007809228396145427
2015-11-23,-0.004252227004284276
2015-11-24,-0.009154068903487054
2015-11-25,0.026966145148263534
2015-11-26,0.07075305484209425
2015-11-27,0.014240699558640765
2015-11-28,-0.003480368721315851
2015-11-29,0.03787505178794975
2015-11-30,0.015202336857265988
2015-12-01,-0.04060886619263639
2015-12-02,-0.009165001311993102
2015-12-03,0.006975576431536145
2015-12-04,0.005242148161275269
2015-12-05,0.06697009311344039
2015-12-06,-0.0008123076815193249
2015-12-07,0.0176143562364842
2015-12-08,0.04852077408005881
2015-12-09,0.0048635708131343405
2015-12-10,-0.00522853143663015
2015-12-11,0.08298519882716793
2015-12-12,-0.03787180002378341
2015-12-13,-0.0029262054548192286
2015-12-14,0.023273225994611756
2015-12-15,0.045814435247861114
2015-12-16,-0.02221983867495534
2015-12-17,0.0023925599069682486
2015-12-18,0.012110702713472605
2015-12-19,0.0011617245776774508
2015-12-20,-0.04344506671686612
2015-12-21,-0.009283409077257113
2015-12-22,-0.004695405729151428
2015-12-23,0.013300302507233196
2015-12-24,0.0295679824693677
2015-12-25,0.0013386675005503256
2015-12-26,-0.0872580248562413
2015-12-27,0.013084591038098538
2015-12-28,4.8600667775918704e-05
2015-12-29,0.023838167627927405
2015-12-30,-0.013602503125000453
2015-12-31,0.014037804347161405
2016-01-01,0.004521223226866054
2016-01-02,-0.0038069107518386497
2016-01-03,-0.0077238437974994495
2016-01-04,0.007135187380777643
2016-01-05,-0.0025516329958257555
2016-01-06,-0.006703387189460443
2016-01-07,0.06469229725081248
2016-01-08,-0.011392637372831482
2016-01-09,-0.01248494489335328
2016-01-10,0.0010321483963552992
2016-01-11,0.0003753326945652893
2016-01-12,-0.028710375747831217
2016-01-13,-0.007374646119542019
2016-01-14,-0.0038533544603918425
2016-01-15,-0.16476214992052832
2016-01-16,0.0630582647134182
2016-01-17,-0.010488186029842793
2016-01-18,0.010539644540724355
2016-01-19,-0.016681976117851795
2016-01-20,0.099593529074187
2016-01-21,-0.02336690546261949
2016-01-22,-0.06841631115641178
2016-01-23,0.01156470253731647
2016-01-24,0.03872235745453685
2016-01-25,-0.029148509459082976
2016-01-26,0.002455070399571759
2016-01-27,0.007098180414688853
2016-01-28,-0.038015655282211944
2016-01-29,-0.00140683819396844
2016-01-30,-0.0035480803568852005
2016-01-31,-0.022408643446831175
2016-02-01,0.008460442069610342
2016-02-02,0.0038142901732620884
2016-02-03,-0.011888208917178468
2016-02-04,0.05225903403006172
2016-02-05,-0.00813319868485169
2016-02-06,-0.025666492036632692
2016-02-07,0.000382961758624632
2016-02-08,-0.008562143122367149
2016-02-09,0.006351589692723887
2016-02-10,0.013763750508222225
2016-02-11,-0.0054690287082067215
2016-02-12,0.013062095257727632
2016-02-13,0.019202342728606284
2016-02-14,0.037938708175466046
2016-02-15,-0.016531139234269614
2016-02-16,0.01710831320042904
2016-02-17,0.02093224893084653
2016-02-18,0.013580732355446599
2016-02-19,-0.0036976938564288048
2016-02-20,0.03686207201405925
2016-02-21,0.004556754681498274
2016-02-22,-0.002036046470605938
2016-02-23,-0.03927697713513083
2016-02-24,0.010435055474554287
2016-02-25,-0.0006168159095063827
2016-02-26,0.017582739879881678
2016-02-27,0.0009590576162648887
2016-02-28,0.0012458148319113489
2016-02-29,0.009260184819380166
2016-03-01,-0.006564521509736838
2016-03-02,-0.025724529212441224
2016-03-03,-0.004461975001175833
2016-03-04,-0.025472391609692197
2016-03-05,-0.02466969895631565
2016-03-06,0.016584159774770492
2016-03-07,0.015942671593071514
2016-03-08,0.00028546517736748793
2016-03-09,0.0024911313422946294
2016-03-10,0.0063097820032717465
2016-03-11,0.01165940261565442
2016-03-12,-0.023234601406953666
2016-03-13,0.006682155009746307
2016-03-14,0.003738235297761624
2016-03-15,0.0025872496977633647
2016-03-16,0.0010294539046697916
2016-03-17,0.010887947216252464
2016-03-18,-0.025094789687962877
2016-03-19,0.0010160620330393719
2016-03-20,0.006790345624250553
2016-03-21,-0.0009358397442609091
2016-03-22,0.012159387825510239
2016-03-23,0.0009058320838493415
2016-03-24,-0.003918460760522941
2016-03-25,0.003804058020400135
2016-03-26,0.000723579054518175
2016-03-27,0.019396059659484897
2016-03-28,-0.0057298785977172905
2016-03-29,-0.017897854513304265
2016-03-30,-0.004403262169268201
2016-03-31,0.00549811045419952
2016-04-01,0.0029512677902284287
2016-04-02,0.0066669375082140684
2016-04-03,0.0041506914632558674
2016-04-04,-1.559234655413074e-06
2016-04-05,0.00489075021369915
2016-04-06,-0.001992337451734844
2016-04-07,-0.0025824093210912785
2016-04-08,-0.005700232789221383
2016-04-09,-0.0033047077710756166
2016-04-10,0.003317541252904807
2016-04-11,0.0021330343318989274
2016-04-12,0.006968967552651667
2016-04-13,-0.003747183342928932
2016-04-14,0.00028278738377560846
2016-04-15,0.011680161525842456
2016-04-16,0.0021547228632016763
2016-04-17,-0.0065463193805967565
2016-04-18,0.002773929499588623
2016-04-19,0.015699507644529882
2016-04-20,0.012488939268381011
2016-04-21,0.016994297204743828
2016-04-22,-0.008193665175391935
2016-04-23,0.011263865417938987
2016-04-24,0.017847843571701612
2016-04-25,0.005422781641268934
2016-04-26,0.009724830374291489
2016-04-27,-0.0456167180634455
2016-04-28,0.009826900242595582
2016-04-29,0.013912084958807728
2016-04-30,-0.015265697283390247
2016-05-01,0.007899382205768288
2016-05-02,-0.015760310088340664
2016-05-03,0.012364645395792715
2016-05-04,-0.008208366064706221
2016-05-05,0.002494427301293436
2016-05-06,0.02467081192082574
2016-05-07,-0.0024676266868584374
2016-05-08,0.00036608403055086704
2016-05-09,0.004221615891469119
2016-05-10,-0.019604298470378534
2016-05-11,0.004417970391774525
2016-05-12,0.0038125869217509475
2016-05-13,0.002352709563121988
2016-05-14,-0.00013203577105305942
2016-05-15,0.005014102075610418
2016-05-16,-0.007590244624343112
2016-05-17,-0.00037091845312671153
2016-05-18,0.0017483069925167572
2016-05-19,-0.03347642185596585
2016-05-20,0.009727262282363688
2016-05-21,0.0014868680713222733
2016-05-22,-0.008948027376849129
2016-05-23,0.010798789864991394
2016-05-24,0.002984377521857282
2016-05-25,0.0075724578128469194
2016-05-26,0.0076382422394410615
2016-05-27,0.04293404557251258
2016-05-28,0.11049865204685656
2016-05-29,-0.006389456693039903
2016-05-30,0.014254585456280014
2016-05-31,-0.0050002010074667565
2016-06-01,0.010077647093724468
2016-06-02,0.0017866897430357375
2016-06-03,0.05511258813279382
2016-06-04,0.006407114647018637
2016-06-05,0.0024846687743420746
2016-06-06,0.018641792291790877
2016-06-07,-0.015039049576873667
2016-06-08,0.009226529892856777
2016-06-09,-0.011683073956814583
2016-06-10,0.004567104677500616
2016-06-11,0.048247219886900526
2016-06-12,0.10070424142393355
2016-06-13,0.04525567262459357
2016-06-14,-0.025817038435384743
2016-06-15,0.012880265088663773
2016-06-16,0.09706515015719633
2016-06-17,-0.023443006461087507
2016-06-18,0.00913558031830267
2016-06-19,0.009836261701452763
2016-06-20,-0.034904973999100995
2016-06-21,-0.09998570535680015
2016-06-22,-0.11163413130812529
2016-06-23,0.04465028377411979
2016-06-24,0.06393120051526126
2016-06-25,-0.0007866625131983778
2016-06-26,-0.054294625985835496
2016-06-27,0.04036022518422434
2016-06-28,-0.012049283170110626
2016-06-29,-0.009900927255784791
2016-06-30,0.05023172727168815
2016-07-01,0.004577988993905754
2016-07-02,0.03924145308512807
2016-07-03,-0.06486873703988345
2016-07-04,0.03704300798889198
2016-07-05,-0.019369485992174088
2016-07-06,0.009228448796460939
2016-07-07,-0.055306927573114645
2016-07-08,0.039778534669332
2016-07-09,-0.02297895477563506
2016-07-10,-0.002358051404548452
2016-07-11,-0.0021360390003036323
2016-07-12,0.025812726658539266
2016-07-13,-0.014510936876336419
2016-07-14,0.005688613444967832
2016-07-15,0.009526486507501146
2016-07-16,-0.004295132050207029
2016-07-17,0.026841349011478527
2016-07-18,-0.008569311021381032
2016-07-19,-0.00028088618112614354
2016-07-20,-0.010921010395155072
2016-07-21,-0.0002717789681970999
2016-07-22,-0.02119232935923066
2016-07-23,0.0074333183530172564
2016-07-24,0.008046337682685136
2016-07-25,-0.01101788582959605
2016-07-26,-0.004684197206398731
2016-07-27,0.004590242338895618
2016-07-28,0.001267823574032898
2016-07-29,0.0030467374194977142
2016-07-30,-0.0034142988495898933
2016-07-31,-0.04577321489581658
2016-08-01,-0.029226560161259886
2016-08-02,-0.10159236651418418
2016-08-03,0.033899449035410596
2016-08-04,0.021916031514476558
2016-08-05,-0.004850322575377359
2016-08-06,0.022551074994841252
2016-08-07,0.007321055031399266
2016-08-08,0.0018496176051426003
2016-08-09,-0.00432414948742669
2016-08-10,0.010544009132116183
2016-08-11,-0.009471074594650622
2016-08-12,0.00046841685613137617
2016-08-13,-0.0021762963589964344
2016-08-14,-0.022182400942381306
2016-08-15,-0.007061286589451238
2016-08-16,0.017074891495282955
2016-08-17,-0.009231129115377707
2016-08-18,0.0040046497672092
2016-08-19,0.0013315962477138872
2016-08-20,0.008648695339288696
2016-08-21,-0.0007284355192661571
2016-08-22,0.009674687593619152
2016-08-23,-0.006775566470140022
2016-08-24,-0.003741817830970871
2016-08-25,-0.0051362248057105235
2016-08-26,0.0030973529780849046
2016-08-27,-0.017075811483159193
2016-08-28,0.0070487155675505635
2016-08-29,-0.0010286324848905925
2016-08-30,0.009039474082757036
2016-08-31,-0.003240069530399159
2016-09-01,-0.008231557243452344
2016-09-02,0.005717781360863085
2016-09-03,0.039212719520492746
2016-09-04,0.0162330435401756
2016-09-05,-0.0035929757773224594
2016-09-06,0.006117425452174754
2016-09-07,0.0054324026349060655
2016-09-08,0.018900013248376722
2016-09-09,-0.005835664769408982
2016-09-10,0.0015076797845651223
2016-09-11,-0.026555259314235753
2016-09-12,0.004669490378894146
2016-09-13,0.0031804909168565865
2016-09-14,0.003323165870629902
2016-09-15,-0.006445595550559801
2016-09-16,0.0011620893572667009
2016-09-17,-0.0021227168267590434
2016-09-18,0.004985422791232226
2016-09-19,-0.0022628320575099913
2016-09-20,-0.0015999655342791312
2016-09-21,-0.01998243661087408
2016-09-22,0.001718852325576013
2016-09-23,0.010497786520420391
2016-09-24,-0.0006815106827890528
2016-09-25,-0.0028734555657647346
2016-09-26,0.010151170662911747
2016-09-27,-0.0028637562776273936
2016-09-28,-0.002921110701861439
2016-09-29,0.0021543718743530465
2016-09-30,0.006846426417201049
2016-10-01,0.0048826011561312445
2016-10-02,-0.004388875979011654
2016-10-03,0.00173155593971551
2016-10-04,-0.003907257838524528
2016-10-05,0.005270740369830943
2016-10-06,0.0006970864504225764
2016-10-07,0.005568634804284973
2016-10-08,0.002972140033242137
2016-10-09,-0.004090171126099278
2016-10-10,0.003575035193754915
2016-10-11,0.034579656287486306
2016-10-12,-0.008076866338535804
2016-10-13,0.00041879261834142594
2016-10-14,0.005448578989007634
2016-10-15,-0.0035909886978147763
2016-10-16,0.0037639015284924872
2016-10-17,-0.004142379091368654
2016-10-18,-0.0013449552788916126
2016-10-19,-0.01009737679623674
2016-10-20,-0.0009897239758218117
2016-10-21,0.0036875151122874026
2016-10-22,0.036649565785031986
2016-10-23,-0.0012069914410246325
2016-10-24,-0.005125787990654792
2016-10-25,0.004762415848681257
2016-10-26,0.02977905062311252
2016-10-27,0.014278209762782483
2016-10-28,0.0005083902140846769
2016-10-29,0.03292255427283245
2016-10-30,-0.015366216811774481
2016-10-31,-0.002213232216910447
2016-11-01,0.03869462856772895
2016-11-02,0.014143511782622764
2016-11-03,-0.07131084580366592
2016-11-04,0.020132085431134258
2016-11-05,0.0006264201270814135
2016-11-06,0.011780798830758965
2016-11-07,-0.010968279412701619
2016-11-08,0.008954035376996159
2016-11-09,0.017776735677503524
2016-11-10,-0.010846624084133985
2016-11-11,0.001683284025288629
2016-11-12,-0.01508833539727237
2016-11-13,-0.004352204314512621
2016-11-14,0.004244625926499193
2016-11-15,0.00829721633954243
2016-11-16,0.04350152380792167
2016-11-17,-0.004511068059010002
2016-11-18,0.013837616100408635
2016-11-19,-0.0005370569296933114
2016-11-20,-0.027296162518368156
2016-11-21,0.01104588495641679
2016-11-22,0.016424755446844998
2016-11-23,-0.009171188327856154
2016-11-24,-0.004862039287505615
2016-11-25,0.0015771068866398327
2016-11-26,-0.008491189735385034
2016-11-27,-0.003523939597338083
2016-11-28,0.004347659511253683
2016-11-29,0.0001583230594314262
2016-11-30,0.013193508519977238
2016-12-01,0.013401443214585404
2016-12-02,0.02709445364636133
2016-12-03,-0.007889588868280508
2016-12-04,0.002705032666162719
2016-12-05,-0.02056484885296409
2016-12-06,0.0067745313499187705
2016-12-07,0.005445918130377872
2016-12-08,0.002794478899104297
2016-12-09,0.002725056286028687
2016-12-10,0.0019016162365611794
2016-12-11,-0.005321804448659379
2016-12-12,0.012680482152664607
2016-12-13,0.000846091627861292
2016-12-14,0.001155203190142896
2016-12-15,-0.0041086475786414655
2016-12-16,0.009278559866444947
2016-12-17,0.006651777878947504
2016-12-18,0.00040402403353025
2016-12-19,0.0030462218373897834
2016-12-20,0.009721894036309374
2016-12-21,0.03972289481947613
2016-12-22,0.03479554863970305
2016-12-23,0.06357847415695413
2016-12-24,-0.024693301532023718
2016-12-25,-0.0031940546341711314
2016-12-26,0.012221636594255444
2016-12-27,0.027082829825453684
2016-12-28,0.0442710664187702
2016-12-29,-0.0010109910646816445
2016-12-30,-0.01272465995705033
2016-12-31,0.0024945667422164924
2017-01-01,0.035150510441426634
2017-01-02,0.023270554352959123
2017-01-03,0.021812673094098917
2017-01-04,0.10303269247681626
2017-01-05,-0.13079769768947197
2017-01-06,-0.11666574606472935
2017-01-07,0.007438838428903671
2017-01-08,0.0030395418394007123
2017-01-09,-0.009028163501344891
2017-01-10,0.005747257156579604
2017-01-11,-0.1534271386985681
2017-01-12,0.03474771141396012
2017-01-13,0.02335749919001404
2017-01-14,-0.007214610247096717
2017-01-15,0.0046347294720819115
2017-01-16,0.0121281531587857
2017-01-17,0.08713163866826305
2017-01-18,-0.02355749637697111
2017-01-19,0.014895388632660765
2017-01-20,-0.0043361776882920875
2017-01-21,0.028656833002707608
2017-01-22,0.003038105570752591
2017-01-23,-0.003767825496522622
2017-01-24,-0.03201633014885196
2017-01-25,0.010147785686215612
2017-01-26,0.018210071886349075
2017-01-27,0.0028263076106478944
2017-01-28,0.002491542170847769
2017-01-29,-0.0014780528638254754
2017-01-30,0.0017001944899528738
2017-01-31,0.051418200643871856
2017-02-01,0.01814064711368065
2017-02-02,0.022709104230654597
2017-02-03,0.018335104366948143
2017-02-04,0.012990387033144394
2017-02-05,-0.015421333330823914
2017-02-06,0.011022929923185418
2017-02-07,0.021920466972739278
2017-02-08,0.0014263072577598197
2017-02-09,-0.06618740215449234
2017-02-10,-0.005536703601718826
2017-02-11,0.016371889203188137
2017-02-12,-0.005074721349662276
2017-02-13,-0.007851519390182223
2017-02-14,0.014821649625697103
2017-02-15,0.004034879232627381
2017-02-16,0.0190470550496782
2017-02-17,0.017592959234093528
2017-02-18,0.008546154732483453
2017-02-19,-0.00497568084804239
2017-02-20,0.028457348927172946
2017-02-21,0.030726746847513083
2017-02-22,0.002119264840877221
2017-02-23,0.04547718184032692
2017-02-24,0.006107497942094175
2017-02-25,-0.02445865691848802
2017-02-26,0.01870824324219666
2017-02-27,0.012505477254937109
2017-02-28,0.003475696400772815
2017-03-01,0.04185007266259848
2017-03-02,0.022273771302091225
2017-03-03,0.02166601576251809
2017-03-04,-0.01813830486090396
2017-03-05,0.008531946732997689
2017-03-06,0.007770269898465579
2017-03-07,-0.038774834285706945
2017-03-08,-0.06212827140851234
2017-03-09,0.0386623418655534
2017-03-10,-0.06004054214302052
2017-03-11,0.06742916868333933
2017-03-12,0.03890038497200911
2017-03-13,0.007318521212048288
2017-03-14,0.016604735406484106
2017-03-15,0.01354841802050373
2017-03-16,-0.05135628131597133
2017-03-17,-0.0633602610337117
2017-03-18,-0.10203545628554106
2017-03-19,0.05605056858269139
2017-03-20,0.008347794381607055
2017-03-21,0.051261172789507266
2017-03-22,-0.055228948067537545
2017-03-23,-0.00945213148607284
2017-03-24,-0.0962108101678671
2017-03-25,0.030568306281710925
2017-03-26,-0.005994964804251348
2017-03-27,0.06587668041503474
2017-03-28,0.0030594728849934905
2017-03-29,-0.009376300521117306
2017-03-30,-0.012926091685765702
2017-03-31,0.03577454508244037
2017-04-01,0.001997978095991842
2017-04-02,0.009972943040006687
2017-04-03,0.038715294342301525
2017-04-04,-0.002356559974086631
2017-04-05,-0.0006509388701246167
2017-04-06,0.03944074739431384
2017-04-07,-0.006034049988063395
2017-04-08,0.0012988837606009514
2017-04-09,0.005773540548799065
2017-04-10,-0.002400781726521477
2017-04-11,0.013026312488030743
2017-04-12,0.004482511523260664
2017-04-13,-0.021471404969303023
2017-04-14,-0.002530842714430228
2017-04-15,0.007975210355801196
2017-04-16,0.009109856953182062
2017-04-17,0.009179939996197789
2017-04-18,0.011115433145264784
2017-04-19,-0.002375844894657515
2017-04-20,0.013522156493525755
2017-04-21,-0.005049118513700021
2017-04-22,0.009164037678993632
2017-04-23,-0.019811522626121743
2017-04-24,0.035857476101507316
2017-04-25,0.011432992148132006
2017-04-26,0.011179589625114495
2017-04-27,0.03080188673937042
2017-04-28,2.8391128426381942e-05
2017-04-29,0.015526031045001994
2017-04-30,0.01578789276495177
2017-05-01,0.04757692546447056
2017-05-02,0.018521651594398617
2017-05-03,0.029162792820651026
2017-05-04,0.03323156741399236
2017-05-05,0.016585688317361385
2017-05-06,0.018008896266086122
2017-05-07,0.01516479202297609
2017-05-08,0.06785661882831469
2017-05-09,0.013663597356672559
2017-05-10,0.015543549232395804
2017-05-11,0.030487414577651105
2017-05-12,-0.06949695234784888
2017-05-13,0.04547378118866865
2017-05-14,0.0034488348103026627
2017-05-15,-0.03840017243473853
2017-05-16,-0.0073997344589554455
2017-05-17,0.05498685272752271
2017-05-18,0.03131835737392897
2017-05-19,0.05352779601227544
2017-05-20,0.048505617489178275
2017-05-21,-0.01978702154395552
2017-05-22,0.06452103020274612
2017-05-23,0.07210371484293597
2017-05-24,0.05114859046731614
2017-05-25,-0.06839117437851977
2017-05-26,-0.049217708362042284
2017-05-27,-0.0789440370710254
2017-05-28,0.05651419347882029
2017-05-29,0.04744894515946391
2017-05-30,-0.023589466357922154
2017-05-31,0.06404357178604739
2017-06-01,0.04374033945504497
2017-06-02,0.03385336219241619
2017-06-03,0.009058399222607177
2017-06-04,-0.001460301332644354
2017-06-05,0.0627474794660009
2017-06-06,0.05832670506455471
2017-06-07,-0.04576150327646058
2017-06-08,0.03213756219093176
2017-06-09,0.009687555174063778
2017-06-10,0.03856871300597714
2017-06-11,0.013971659875711528
2017-06-12,-0.10825738730441659
2017-06-13,0.027446837472607618
2017-06-14,-0.08438413988398596
2017-06-15,-0.0130795370959838
2017-06-16,0.02334641728914409
2017-06-17,0.05479014640075567
2017-06-18,-0.029305458236399892
2017-06-19,0.01935174568593242
2017-06-20,0.038278132962462866
2017-06-21,-0.013549440476601032
2017-06-22,0.006243179153039994
2017-06-23,0.020007319807553246
2017-06-24,-0.04712809068720953
2017-06-25,-0.009579392722559222
2017-06-26,-0.047926441617270145
2017-06-27,0.030602508690370237
2017-06-28,0.01270664274706962
2017-06-29,-0.01702648232037555
2017-06-30,-0.023794133415167555
2017-07-01,-0.026875617500585796
2017-07-02,0.030629577207319156
2017-07-03,0.025594552277806135
2017-07-04,0.017861031379156764
2017-07-05,0.007181357184315592
2017-07-06,0.006068274018246995
2017-07-07,-0.042340394121097316
2017-07-08,0.02535513555165128
2017-07-09,-0.025330951369699713
2017-07-10,-0.06685626911394031
2017-07-11,-0.020427821288788534
2017-07-12,0.033232528655649754
2017-07-13,-0.02138713382000185
2017-07-14,-0.055673371012931606
2017-07-15,-0.11289608078990525
2017-07-16,-0.0354983079176949
2017-07-17,0.1435465119553312
2017-07-18,0.039203238633242
2017-07-19,-0.02202223990054691
2017-07-20,0.2117633719668594
2017-07-21,-0.050469145861694285
2017-07-22,0.052345980092256
2017-07-23,-0.02711995019691598
2017-07-24,0.012001456991302553
2017-07-25,-0.06787743105150575
2017-07-26,-0.01708258008756737
2017-07-27,0.04978347024694469
2017-07-28,0.041075275197785324
2017-07-29,-0.027694095911860738
2017-07-30,0.00551130797870578
2017-07-31,0.040089658550019655
2017-08-01,-0.0481134036810117
2017-08-02,-0.0026764284174552165
2017-08-03,0.03288207497975813
2017-08-04,0.029130154982940654
2017-08-05,0.10992945692757487
2017-08-06,-0.012982505906931847
2017-08-07,0.04807509377265612
2017-08-08,0.013581655827865408
2017-08-09,-0.02127837108927876
2017-08-10,0.00973695973995239
2017-08-11,0.07106435794299765
2017-08-12,0.05766583273791157
2017-08-13,0.04125678539741889
2017-08-14,0.056573906300624185
2017-08-15,-0.03076582447831874
2017-08-16,0.049210659308994015
2017-08-17,-0.00996578650839117
2017-08-18,-0.03935560931284609
2017-08-19,0.022230411481800293
2017-08-20,-0.020819892547228536
2017-08-21,-0.02244821307233266
2017-08-22,0.0249931705343023
2017-08-23,0.013354649857401852
2017-08-24,0.04530786583756535
2017-08-25,0.00734031100366438
2017-08-26,0.015007034309219977
2017-08-27,-0.000285645655500108
2017-08-28,-0.000650189121172827
2017-08-29,0.03935253989668853
2017-08-30,-0.0008654403328810991
2017-08-31,0.03002033812421869
2017-09-01,0.04135752666073631
2017-09-02,-0.07046630212027787
2017-09-03,0.0018277809269922527
2017-09-04,-0.08337433709065378
2017-09-05,0.03357461693001732
2017-09-06,0.05105271241999743
2017-09-07,0.001221972589468773
2017-09-08,-0.08249461517209494
2017-09-09,-0.002908283352659246
2017-09-10,-0.024679519603695844
2017-09-11,0.00928576384248259
2017-09-12,-0.005324264370833607
2017-09-13,-0.06321998880539227
2017-09-14,-0.21317673560070743
2017-09-15,0.14521226869642856
2017-09-16,0.0004896162111184696
2017-09-17,-0.006239546419373484
2017-09-18,0.12086386915502739
2017-09-19,-0.03464871434115924
2017-09-20,-0.0006477866802330205
2017-09-21,-0.0707625501785561
2017-09-22,0.004321389275605399
2017-09-23,0.0407075548567883
2017-09-24,-0.030624876490550273
2017-09-25,0.061458140648336324
2017-09-26,-0.00919976015307439
2017-09-27,0.07178641918430181
2017-09-28,-0.008005881062335851
2017-09-29,-0.005313206676640973
2017-09-30,0.038631344292698204
2017-10-01,0.010567801385063356
2017-10-02,-0.0009223886385483997
2017-10-03,-0.022543577528323904
2017-10-04,-0.01718239274500384
2017-10-05,0.02120689142105406
2017-10-06,0.00932688834041007
2017-10-07,0.012373475854271244
2017-10-08,0.03585200094329886
2017-10-09,0.02678731958583532
2017-10-10,0.0034490787449656998
2017-10-11,0.01042027706741365
2017-10-12,0.1153744619956068
2017-10-13,0.036572717142166034
2017-10-14,0.03072735561048342
2017-10-15,-0.025537668695206527
2017-10-16,0.006718548096204125
2017-10-17,-0.021908873865531312
2017-10-18,-0.0026893452122427218
2017-10-19,0.018776755633785266
2017-10-20,0.04773663159085659
2017-10-21,0.000652080334539209
2017-10-22,-0.003883995368945281
2017-10-23,-0.01185741399470183
2017-10-24,-0.0636757157878229
2017-10-25,0.03658452538314059
2017-10-26,0.023995252920484947
2017-10-27,-0.020322422759431434
2017-10-28,-0.004851671348496248
2017-10-29,0.06469080134592373
2017-10-30,-0.0033219499119481392
2017-10-31,0.04948797335227985
2017-11-01,0.04102223508765137
2017-11-02,0.04151595784375481
2017-11-03,0.01924914673511359
2017-11-04,0.022526022750847828
2017-11-05,0.0033207074990476387
2017-11-06,-0.05043891915491282
2017-11-07,0.019718363940779464
2017-11-08,0.044611839218299004
2017-11-09,-0.03930617151713091
2017-11-10,-0.07254950070622114
2017-11-11,-0.034230643296482725
2017-11-12,-0.03381752405848929
2017-11-13,0.07419647511404666
2017-11-14,0.011320124569811225
2017-11-15,0.09008475242375999
2017-11-16,0.06858346099207885
2017-11-17,-0.019424029063867688
2017-11-18,0.014096429918854377
2017-11-19,0.0274819098884732
2017-11-20,0.02397620225488989
2017-11-21,-0.014238475560584048
2017-11-22,0.030645449506548777
2017-11-23,-0.025193209930876002
2017-11-24,0.025307915602316607
2017-11-25,0.06789445287576422
2017-11-26,0.05251897280593677
2017-11-27,0.04974071832568009
2017-11-28,0.022749006284541642
2017-11-29,-0.013138264745182836
2017-11-30,0.04200225471450228
2017-12-01,0.0663279260667297
2017-12-02,0.007331528672035533
2017-12-03,0.0200130421866466
2017-12-04,0.027956911421113798
2017-12-05,0.02018158781054051
2017-12-06,0.16542565106368123
2017-12-07,0.21276921053250417
2017-12-08,-0.07026519179402527
2017-12-09,-0.08142781722357824
2017-12-10,0.0141585048603243
2017-12-11,0.09482010527854177
2017-12-12,0.04073009797619193
2017-12-13,-0.058099525457121964
2017-12-14,0.010946455189450923
2017-12-15,0.06085997173437531
2017-12-16,0.09569456404049663
2017-12-17,-0.011251071756995037
2017-12-18,0.004063393381308154
2017-12-19,-0.06564779771797452
2017-12-20,-0.0436366788179652
2017-12-21,-0.05052352028892379
2017-12-22,-0.1401535056177584
2017-12-23,0.06291027484553464
2017-12-24,-0.055355007806112196
2017-12-25,0.006996539006984019
2017-12-26,0.127933455642403
2017-12-27,-0.01807705072543387
2017-12-28,-0.07563748787891791
2017-12-29,0.0022172654298273356
2017-12-30,-0.12223219454905937
2017-12-31,0.08395334304775665
2018-01-01,-0.03214719651217324
2018-01-02,0.09612765977154074
2018-01-03,0.009724637121025906
2018-01-04,0.026904800232037937
2018-01-05,0.09722008582119525
2018-01-06,0.01505226117709949
2018-01-07,-0.055130684140252885
2018-01-08,-0.08890263460302254
2018-01-09,-0.03343488363486925
2018-01-10,0.024093075621952238
2018-01-11,-0.10853036470151703
2018-01-12,0.04117115936082768
2018-01-13,0.028440085169033583
2018-01-14,-0.045576217100686926
2018-01-15,-0.003614165411632678
2018-01-16,-0.18797324770530335
2018-01-17,-0.021292994589113858
2018-01-18,0.02872082665353391
2018-01-19,0.011297830420348208
2018-01-20,0.10339708931862934
2018-01-21,-0.10699439102164435
2018-01-22,-0.05983079315864439
2018-01-23,-0.006136292674013709
2018-01-24,0.0298751214891757
2018-01-25,0.005709197091693874
2018-01-26,-0.009162740691603196
2018-01-27,0.022711210839568747
2018-01-28,0.031271826848869554
2018-01-29,-0.04405872010394608
2018-01-30,-0.11241784740240698
2018-01-31,0.011716800420762596
2018-02-01,-0.1107103815049106
2018-02-02,-0.03889067111620295
2018-02-03,0.04391677024975818
2018-02-04,-0.10579498241738282
2018-02-05,-0.17610728332723993
2018-02-06,0.11264814222537466
2018-02-07,-0.017810438426096215
2018-02-08,0.08534264602051844
2018-02-09,0.056306981369712295
2018-02-10,-0.013799181193170843
2018-02-11,-0.06017523932831829
2018-02-12,0.09183061927776753
2018-02-13,-0.03727809151685233
2018-02-14,0.1049854154779595
2018-02-15,0.06590041511141585
2018-02-16,0.006060635746551326
2018-02-17,0.07866344273061462
2018-02-18,-0.0541162302053847
2018-02-19,0.06098347347279472
2018-02-20,0.012035309038115958
2018-02-21,-0.06314359633357323
2018-02-22,-0.06633321612451659
2018-02-23,0.02824833479623711
2018-02-24,-0.04824784288151932
2018-02-25,-0.013454465505934451
2018-02-26,0.0673262025700065
2018-02-27,0.030663080121931564
2018-02-28,-0.03303846284830086
2018-03-01,0.051665016708420684
2018-03-02,0.010650317033696937
2018-03-03,0.03385983627724202
2018-03-04,0.0028406255172966576
2018-03-05,0.004050125384818312
2018-03-06,-0.07068715462579027
2018-03-07,-0.08050135805430579
2018-03-08,-0.05803694555510984
2018-03-09,-0.003954266888824143
2018-03-10,-0.050754145972053605
2018-03-11,0.07793671278476305
2018-03-12,-0.04080889157880627
2018-03-13,-0.0029378332117809044
2018-03-14,-0.10704777772013194
2018-03-15,0.0026652615937377286
2018-03-16,0.0049687998689896175
2018-03-17,-0.05419566372671669
2018-03-18,0.03625656519868222
2018-03-19,0.04807733432088135
2018-03-20,0.03316345763884942
2018-03-21,0.0022301889630831524
2018-03-22,-0.02455278577619748
2018-03-23,0.018262435796385198
2018-03-24,-0.023553177088546547
2018-03-25,-0.020178189587556582
2018-03-26,-0.035960172336800454
2018-03-27,-0.050042439853163916
2018-03-28,0.013604934432733792
2018-03-29,-0.10339384096870946
2018-03-30,-0.03875103330425579
2018-03-31,0.010322504968571835
2018-04-01,-0.01961436785826342
2018-04-02,0.03575877766084403
2018-04-03,0.054014595403888546
2018-04-04,-0.08663970640299135
2018-04-05,-0.005495165795092375
2018-04-06,-0.027668594813496334
2018-04-07,0.04046342277038366
2018-04-08,0.017204022602368797
2018-04-09,-0.036740032302975116
2018-04-10,0.008850895950229773
2018-04-11,0.020772199876484702
2018-04-12,0.12435889458899388
2018-04-13,7.508194943776343e-05
2018-04-14,0.011340601793419587
2018-04-15,0.043205761197531105
2018-04-16,-0.033455668690811714
2018-04-17,-0.017772320329765934
2018-04-18,0.038513156469908036
2018-04-19,0.017212084422565374
2018-04-20,0.06444976257300172
2018-04-21,0.002812824670383618
2018-04-22,-0.007749906308594566
2018-04-23,0.017795190677704794
2018-04-24,0.08039550843576586
2018-04-25,-0.09549035635616479
2018-04-26,0.05080548785165523
2018-04-27,-0.0342256566203549
2018-04-28,0.039935069985725255
2018-04-29,0.007595567896432431
2018-04-30,-0.020764934474240222
2018-05-01,-0.01122851344839329
2018-05-02,0.012727273687298715
2018-05-03,0.052945170914268924
2018-05-04,-0.005408431014899385
2018-05-05,0.01759560085790349
2018-05-06,-0.022030912471192605
2018-05-07,-0.03142720901410257
2018-05-08,-0.015994422665914568
2018-05-09,0.008861387321994115
2018-05-10,-0.03177094144127717
2018-05-11,-0.06912929339094473
2018-05-12,0.008629562809249428
2018-05-13,0.025522333640691928
2018-05-14,0.00695979906208571
2018-05-15,-0.029377827351221086
2018-05-16,-0.0177660847858684
2018-05-17,-0.03503128827721153
2018-05-18,0.01948356499151278
2018-05-19,-0.0015799671339115932
2018-05-20,0.03207981668013853
2018-05-21,-0.013190902359646373
2018-05-22,-0.04703272413770506
2018-05-23,-0.062304323700453954
2018-05-24,0.004588592641254077
2018-05-25,-0.014108548423685079
2018-05-26,-0.018296227442745935
2018-05-27,0.0006748827878558293
2018-05-28,-0.03483113189170221
2018-05-29,0.04818658821059684
2018-05-30,-0.010187775680927566
2018-05-31,0.011486028073728996
2018-06-01,0.007231973678743662
2018-06-02,0.013902538616472481
2018-06-03,0.010859367636377936
2018-06-04,-0.028058128269900586
2018-06-05,0.015037215509822826
2018-06-06,0.0021057472835040465
2018-06-07,0.0027983161285792305
2018-06-08,-0.006979392429779615
2018-06-09,-0.013327237779990635
2018-06-10,-0.1037697307112574
2018-06-11,0.016596069810580087
2018-06-12,-0.04806324774588423
2018-06-13,-0.03763605827055559
2018-06-14,0.051811622214507025
2018-06-15,-0.033661221178993485
2018-06-16,0.014833307364508398
2018-06-17,-0.0078080809713134995
2018-06-18,0.03415324970192164
2018-06-19,0.004282154250959149
2018-06-20,0.0014548970992104137
2018-06-21,-0.007404463058934672
2018-06-22,-0.10151271526927297
2018-06-23,0.012839913579805412
2018-06-24,0.0003295870131769482
2018-06-25,0.012327884810656393
2018-06-26,-0.026321482567491433
2018-06-27,0.010136411012526051
2018-06-28,-0.04334377933834951
2018-06-29,0.052681817828492704
2018-06-30,0.03068787860684309
2018-07-01,-0.00521306767235813
2018-07-02,0.03455650972734271
2018-07-03,-0.008328772982240213
2018-07-04,0.008133808509370654
2018-07-05,0.0046412700630396615
2018-07-06,0.004087658368936162
2018-07-07,0.027631953605131213
2018-07-08,-0.01255966073360552
2018-07-09,-0.007169884086312395
2018-07-10,-0.06217855279793934
2018-07-11,0.009642175315718716
2018-07-12,-0.026393806307656868
2018-07-13,0.0026418150008551845
2018-07-14,0.006494241270795881
2018-07-15,0.013976044809731141
2018-07-16,0.058644881011861015
2018-07-17,0.08034014869980981
2018-07-18,0.008151640465284117
2018-07-19,0.011139919250036349
2018-07-20,-0.016857279777424555
2018-07-21,0.009375372792957413
2018-07-22,-0.0006409425640340988
2018-07-23,0.03572832787611039
2018-07-24,0.0870867850520893
2018-07-25,-0.029242744565693257
2018-07-26,-0.028290464527090147
2018-07-27,0.02566691593582378
2018-07-28,0.002692482674078384
2018-07-29,0.0029816726253952997
2018-07-30,-0.005440852065296018
2018-07-31,-0.050547737683595294
2018-08-01,-0.01973765953602325
2018-08-02,-0.008585547676267749
2018-08-03,-0.01673227956660836
2018-08-04,-0.0553322242951339
2018-08-05,0.0057592192646833615
2018-08-06,-0.01709086971513339
2018-08-07,-0.03031652746062105
2018-08-08,-0.06940409504871393
2018-08-09,0.041228907981175865
2018-08-10,-0.06104541891642171
2018-08-11,0.016721562723902687
2018-08-12,0.004621552515453191
2018-08-13,-0.00809517789562007
2018-08-14,-0.016333013940848472
2018-08-15,0.01904390210261195
2018-08-16,0.0037867986796479166
2018-08-17,0.04020857173504702
2018-08-18,-0.02616913136641221
2018-08-19,0.01293169706222478
2018-08-20,-0.03246191036607821
2018-08-21,0.027456844322729268
2018-08-22,-0.017916181731919688
2018-08-23,0.024711866983341556
2018-08-24,0.027152907054972877
2018-08-25,0.006986178391633186
2018-08-26,-0.008516431965808443
2018-08-27,0.031412916776086056
2018-08-28,0.031247084513311464
2018-08-29,-0.007737314800272897
2018-08-30,-0.010325721436927992
2018-08-31,0.010025077282794835
2018-09-01,0.025342503857424408
2018-09-02,0.009394417245211513
2018-09-03,-0.001286682925997409
2018-09-04,0.013833196941471644
2018-09-05,-0.08475209749904886
2018-09-06,-0.03651306872812739
2018-09-07,-0.009239409394646127
2018-09-08,-0.03721970859629928
2018-09-09,0.012869920144837912
2018-09-10,0.005496411452772773
2018-09-11,-0.0038621803511204636
2018-09-12,0.004752216724124733
2018-09-13,0.025952864032035703
2018-09-14,-0.0009261150091705845
2018-09-15,0.004553128720485434
2018-09-16,-0.003632831828194561
2018-09-17,-0.037460924652438866
2018-09-18,0.014870073554050203
2018-09-19,0.004219870098695892
2018-09-20,0.01976436383129978
2018-09-21,0.03308088543691248
2018-09-22,-0.0027905844931870416
2018-09-23,-0.0008145614834849763
2018-09-24,-0.018710473051543854
2018-09-25,-0.0232292995667201
2018-09-26,0.006532786239707994
2018-09-27,0.028771438712242196
2018-09-28,-0.005376913154503075
2018-09-29,-0.006445946878612748
2018-09-30,0.003428513603420936
2018-10-01,-0.005656265167520225
2018-10-02,-0.005581134638294855
2018-10-03,-0.009514359755985989
2018-10-04,0.011968743550204317
2018-10-05,0.0068623524403045345
2018-10-06,-0.005545220241013406
2018-10-07,0.002187603497759946
2018-10-08,0.007313104802482111
2018-10-09,-0.0013641171041300294
2018-10-10,-0.00892748190357621
2018-10-11,-0.054065863683269495
2018-10-12,0.003474742484230188
2018-10-13,0.0015828508862719551
2018-10-14,0.00042763028159628614
2018-10-15,0.04767354449292188
2018-10-16,-0.00038422874406049136
2018-10-17,-0.008535020622120262
2018-10-18,-0.010943468376727999
2018-10-19,-0.0019103498308038966
2018-10-20,0.0038814466396188247
2018-10-21,-0.00110189356356611
2018-10-22,0.0001850897313727599
2018-10-23,-0.0012169842088898116
2018-10-24,0.0035069103196752435
2018-10-25,-0.0031199497277360115
2018-10-26,-0.00031941818624068
2018-10-27,0.0012890075561851418
2018-10-28,0.0005568438645220708
2018-10-29,-0.024687764490787287
2018-10-30,0.0010044761710976435
2018-10-31,-0.0028840687229231654
2018-11-01,0.009728599833734213
2018-11-02,0.0017762397890504497
2018-11-03,-0.004153683563333015
2018-11-04,0.003892941346194225
2018-11-05,0.006721210269103054
2018-11-06,0.007542291919453868
2018-11-07,0.008428075881377561
2018-11-08,-0.010801068889361061
2018-11-09,-0.01090383629169142
2018-11-10,0.0038416714576244067
2018-11-11,-0.00014548441824813513
2018-11-12,-0.00575084877536038
2018-11-13,-0.0022125037059774998
2018-11-14,-0.10340910761066159
2018-11-15,-0.016189469157245933
2018-11-16,-0.013044847899075711
2018-11-17,-0.004467996757641874
2018-11-18,0.01214603402582847
2018-11-19,-0.1456073073079997
2018-11-20,-0.08840493103518925
2018-11-21,0.03466727595198536
2018-11-22,-0.05397151816439978
2018-11-23,-0.00545472384560894
2018-11-24,-0.11306125840639676
2018-11-25,0.032862623537773306
2018-11-26,-0.05838896850439029
2018-11-27,0.011151840651979054
2018-11-28,0.1082414050097498
2018-11-29,0.00471214189650311
2018-11-30,-0.06320100723201365
2018-12-01,0.047735949867963326
2018-12-02,-0.018096151270539745
2018-12-03,-0.06196641114754331
2018-12-04,0.015712008372411008
2018-12-05,-0.05355751804707028
2018-12-06,-0.06550220614148775
2018-12-07,-0.02914042336961871
2018-12-08,0.01612372724711795
2018-12-09,0.04030390470268079
2018-12-10,-0.032933618208249506
2018-12-11,-0.023675835070454
2018-12-12,0.018229845705863834
2018-12-13,-0.05119127206270511
2018-12-14,-0.021682028079761235
2018-12-15,-0.000854035808560832
2018-12-16,0.005598729254099966
2018-12-17,0.08731050477592374
2018-12-18,0.04121304952980475
2018-12-19,0.013225873537174962
2018-12-20,0.10265310980622545
2018-12-21,-0.06123381988594794
2018-12-22,0.02963236420651706
2018-12-23,-0.002595006713645334
2018-12-24,0.019545512395416298
2018-12-25,-0.06669631349659796
2018-12-26,0.010061593440333045
2018-12-27,-0.055130132290802276
2018-12-28,0.07196352555525888
2018-12-29,-0.027056627492847797
2018-12-30,0.011944612877629976
2018-12-31,-0.03270272489760149
2019-01-01,0.02679443678480595
2019-01-02,0.026065465927889588
2019-01-03,-0.02784166571312697
2019-01-04,0.005568214184494245
2019-01-05,-0.0027128490904344284
2019-01-06,0.059096197317019025
2019-01-07,-0.013247980950553156
2019-01-08,0.0013020714455970047
2019-01-09,0.0015645753626860217
2019-01-10,-0.09375521356951699
2019-01-11,0.0018751327213462768
2019-01-12,-0.006947853210338247
2019-01-13,-0.030676916135686395
2019-01-14,0.0422185397874002
2019-01-15,-0.02075682955043514
2019-01-16,0.006617853327105428
2019-01-17,0.006690253556124848
2019-01-18,-0.0058051147882792085
2019-01-19,0.019575185232837567
2019-01-20,-0.035324531362151725
2019-01-21,-0.006812791344052043
2019-01-22,0.008394571322193983
2019-01-23,-0.005352976755740492
2019-01-24,0.004993441577639644
2019-01-25,2.903488832354805e-05
2019-01-26,0.0009130440681900686
2019-01-27,-0.006007258326916035
2019-01-28,-0.03256729959646561
2019-01-29,-0.006655335697120816
2019-01-30,0.011526556652562086
2019-01-31,-0.008363957914719042
2019-02-01,0.008535510049204137
2019-02-02,0.009751428874541227
2019-02-03,-0.01703527552678105
2019-02-04,-0.000545815693418255
2019-02-05,0.002363549253287215
2019-02-06,-0.01597158259537227
2019-02-07,-0.0035036972724266707
2019-02-08,0.07804356458540845
2019-02-09,0.0016030459463107593
2019-02-10,0.00584768220574964
2019-02-11,-0.01076109034049099
2019-02-12,0.0022437150741834696
2019-02-13,-0.00681487145071382
2019-02-14,-0.004673264977676425
2019-02-15,0.00147950897724934
2019-02-16,0.002783130096085846
2019-02-17,0.01184645649433352
2019-02-18,0.06439261649560678
2019-02-19,0.008053726677423044
2019-02-20,0.013768375137547664
2019-02-21,-0.012327763924708059
2019-02-22,0.01296282193389311
2019-02-23,0.03374390371595009
2019-02-24,-0.08472336551473177
2019-02-25,0.019257425143168368
2019-02-26,-0.007468303919472798
2019-02-27,-0.0014593632641236641
2019-02-28,0.001785723918437266
2019-03-01,0.0015169877303399502
2019-03-02,0.0015817231507075544
2019-03-03,-0.0045497051267692325
2019-03-04,-0.02413881808594952
2019-03-05,0.038497278240865795
2019-03-06,0.0021077352530437733
2019-03-07,0.0020088875221139506
2019-03-08,-0.003683843357541488
2019-03-09,0.016747341218141584
2019-03-10,-0.0030720107537646237
2019-03-11,-0.011521487542586105
2019-03-12,0.0031000004628370594
2019-03-13,-0.0009753211905840872
2019-03-14,0.004216973827313735
2019-03-15,0.009683263278588206
2019-03-16,0.02218617286335297
2019-03-17,-0.0054898357578409725
2019-03-18,0.0013230729404203072
2019-03-19,0.009202768359393466
2019-03-20,0.004178266933422968
2019-03-21,-0.014738823070078065
2019-03-22,-0.0010970206241631998
2019-03-23,0.003385157198122323
2019-03-24,-0.003998954371469041
2019-03-25,-0.014459111276420928
2019-03-26,0.005187447385430185
2019-03-27,0.026401900417810938
2019-03-28,-0.004111965134125991
2019-03-29,0.007220854178807768
2019-03-30,0.002170132338899102
2019-03-31,0.001741951984725983
2019-04-01,0.013355623402048274
2019-04-02,0.1592983420720419
2019-04-03,0.019641807891677136
2019-04-04,-0.009646399030984399
2019-04-05,0.024358021128042945
2019-04-06,0.0047975056246397935
2019-04-07,0.026737356589481488
2019-04-08,0.016259945506817114
2019-04-09,-0.016742812831279742
2019-04-10,0.02165246660501844
2019-04-11,-0.051123280446769656
2019-04-12,0.003936148763964622
2019-04-13,0.0012623838465498478
2019-04-14,0.014833591604684759
2019-04-15,-0.020415580026078007
2019-04-16,0.03241636275601533
2019-04-17,0.0024024214557556733
2019-04-18,0.00965007839945214
2019-04-19,0.0008493014233536146
2019-04-20,0.005859958852954455
2019-04-21,-0.005087160879638577
2019-04-22,0.01539007853010083
2019-04-23,0.029192473480608664
2019-04-24,-0.0196225312461071
2019-04-25,-0.04773797284885698
2019-04-26,0.013153082510741905
2019-04-27,-0.001546313995330849
2019-04-28,0.0021636889393476604
2019-04-29,-0.007636734277939123
2019-04-30,0.02070472238990851
2019-05-01,0.010170725462313991
2019-05-02,0.018260918004451045
2019-05-03,0.04661735275442834
2019-05-04,0.01018763210619565
2019-05-05,-0.006203486879440104
2019-05-06,-0.008532256431490526
2019-05-07,0.013240353025187033
2019-05-08,0.025175393921656544
2019-05-09,0.029585563200384378
2019-05-10,0.03206080788313261
2019-05-11,0.12129666598574095
2019-05-12,-0.03249296154781239
2019-05-13,0.11228538410663
2019-05-14,0.023698072160333282
2019-05-15,0.02782137100727765
2019-05-16,-0.03980632699596826
2019-05-17,-0.07122969392644826
2019-05-18,-0.010079780307241307
2019-05-19,0.12141063202643436
2019-05-20,-0.026975860393624027
2019-05-21,-0.0019774355599043864
2019-05-22,-0.03694733241059863
2019-05-23,0.02517476450148701
2019-05-24,0.014453555640101272
2019-05-25,0.008499901999281871
2019-05-26,0.07334334299645408
2019-05-27,0.01595070562475362
2019-05-28,-0.009620857879723122
2019-05-29,-0.00684312016080034
2019-05-30,-0.04002659809948063
2019-05-31,0.03023308142265822
2019-06-01,-0.0012806649629911772
2019-06-02,0.020270654360416217
2019-06-03,-0.06274644405734835
2019-06-04,-0.0631479566704581
2019-06-05,0.01513909319282235
2019-06-06,0.00024795092495346363
2019-06-07,0.028528962025420077
2019-06-08,-0.01188820344078982
2019-06-09,-0.03302358033429294
2019-06-10,0.04121773102661419
2019-06-11,-0.008496162000375895
2019-06-12,0.027185144443856123
2019-06-13,0.009234714691668084
2019-06-14,0.05321784051221055
2019-06-15,0.0164555932105847
2019-06-16,0.016502749141005354
2019-06-17,0.035050581267375744
2019-06-18,-0.025113280044639048
2019-06-19,0.02068241543455886
2019-06-20,0.026044606036430044
2019-06-21,0.06193565687622391
2019-06-22,0.05293031644238099
2019-06-23,0.013212942256505288
2019-06-24,0.013781447257939282
2019-06-25,0.06696886941654899
2019-06-26,0.0957211217161267
2019-06-27,-0.15118630996941576
2019-06-28,0.10311131780355791
2019-06-29,-0.037070484392664034
2019-06-30,-0.09767777085226508
2019-07-01,-0.021518260220316773
2019-07-02,0.019457288213981037
2019-07-03,0.10020627230245384
2019-07-04,-0.06332397894225317
2019-07-05,-0.021286104361837956
2019-07-06,0.020387323298110046
2019-07-07,0.021368971666254552
2019-07-08,0.06925786781025685
2019-07-09,0.02189993837667648
2019-07-10,-0.03422012996106515
2019-07-11,-0.06763497772825978
2019-07-12,0.03893795621251247
2019-07-13,-0.03642513796139756
2019-07-14,-0.10539722699198292
2019-07-15,0.05923982833450568
2019-07-16,-0.13988765480334958
2019-07-17,0.02332105719803951
2019-07-18,0.0944420843276036
2019-07-19,-0.011530813880652557
2019-07-20,0.02237027378456078
2019-07-21,-0.015328368554020973
2019-07-22,-0.024738627367075047
2019-07-23,-0.04375938611267751
2019-07-24,-0.008405303641683305
2019-07-25,0.01036450447041813
2019-07-26,-0.0039831073693162
2019-07-27,-0.040818865846841954
2019-07-28,0.007098542599500811
2019-07-29,-0.002816147225656696
2019-07-30,0.008330557418166018
2019-07-31,0.04907943994634971
2019-08-01,0.029989207263795316
2019-08-02,0.010585678132087745
2019-08-03,0.02792768239948859
2019-08-04,0.013215440190621403
2019-08-05,0.0732764274594627
2019-08-06,-0.02885083384779963
2019-08-07,0.03884021204053498
2019-08-08,0.0017294754001330635
2019-08-09,-0.009280978493402732
2019-08-10,-0.043290235515878586
2019-08-11,0.015600084965259409
2019-08-12,-0.012616610074145941
2019-08-13,-0.043379578431047734
2019-08-14,-0.08063997251521704
2019-08-15,0.025096003581615418
2019-08-16,0.005716380556349243
2019-08-17,-0.013958288630731832
2019-08-18,0.01147060816533428
2019-08-19,0.05314705190626353
2019-08-20,-0.014441686353201073
2019-08-21,-0.05946563439932694
2019-08-22,-0.000527691439754268
2019-08-23,0.026951253709229742
2019-08-24,-0.024044328431758296
2019-08-25,-0.002281736558571979
2019-08-26,0.02255601704621116
2019-08-27,-0.018030539200661763
2019-08-28,-0.04368363917655223
2019-08-29,-0.02579220901531383
2019-08-30,0.009120515929187415
2019-08-31,0.0033300962923931473
2019-09-01,0.013059686940445143
2019-09-02,0.0579708855160179
2019-09-03,0.026135833052391377
2019-09-04,-0.0028155161804780246
2019-09-05,-0.0020094289049701957
2019-09-06,-0.02099923184547873
2019-09-07,0.016217874740026877
2019-09-08,-0.006669530730022679
2019-09-09,-0.01017489792801127
2019-09-10,-0.02135977303856141
2019-09-11,0.0058541586245520905
2019-09-12,0.02235548637891947
2019-09-13,-0.003961430985960627
2019-09-14,-0.0002151019139920954
2019-09-15,-0.0012480105092183248
2019-09-16,-0.0062355429688336515
2019-09-17,-0.0030399862138864074
2019-09-18,-0.003443755660350152
2019-09-19,0.006670686773396986
2019-09-20,-0.008671814068044936
2019-09-21,-0.01625151127976544
2019-09-22,0.00443427090565203
2019-09-23,-0.03467421361171155
2019-09-24,-0.12184969250314431
2019-09-25,-0.0151463807191871
2019-09-26,-0.04437855867934794
2019-09-27,0.01642316045244876
2019-09-28,-0.0007956573773988854
2019-09-29,-0.017533138689177195
2019-09-30,0.023215509669589737
2019-10-01,0.005777414338306107
2019-10-02,0.005957805692978669
2019-10-03,-0.015893086494045475
2019-10-04,-0.006353782281753558
2019-10-05,-0.006483346221668658
2019-10-06,-0.020102533964866012
2019-10-07,0.03161745975645574
2019-10-08,-0.00208305057154769
2019-10-09,0.043507594615090704
2019-10-10,-0.001407190587606984
2019-10-11,-0.03126174881702575
2019-10-12,0.00178506088482114
2019-10-13,-0.0017818693634953865
2019-10-14,0.006408374026677238
2019-10-15,-0.02032131337278176
2019-10-16,-0.019792700401281307
2019-10-17,0.007233049091280968
2019-10-18,-0.01629465760916702
2019-10-19,0.0018784526541144066
2019-10-20,0.028664109556733146
2019-10-21,0.0025568082917675965
2019-10-22,-0.020287484622745044
2019-10-23,-0.07228859464618849
2019-10-24,-0.002697511960229083
2019-10-25,0.14504712209063894
2019-10-26,0.06357531366911846
2019-10-27,0.032617042746104816
2019-10-28,-0.031087325723812186
2019-10-29,0.018395042853597637
2019-10-30,-0.0236575826955434
2019-10-31,-0.0006887121599843476
2019-11-01,0.006394614316587411
2019-11-02,0.006932109608617706
2019-11-03,-0.009470685368437573
2019-11-04,0.01920091599599435
2019-11-05,-0.007066223899496828
2019-11-06,0.0020752565345437297
2019-11-07,-0.010307990674165228
2019-11-08,-0.050945362563094586
2019-11-09,0.0011141609854066095
2019-11-10,0.02709585289124956
2019-11-11,-0.03322843048260979
2019-11-12,0.006557488358063552
2019-11-13,-0.0008402829846015891
2019-11-14,-0.011530197439205138
2019-11-15,-0.02507217858584236
2019-11-16,0.006892318825329112
2019-11-17,0.003253979201304616
2019-11-18,-0.032082198394814444
2019-11-19,-0.012670029881813082
2019-11-20,-0.02169435461407251
2019-11-21,-0.04931950367804095
2019-11-22,-0.046814825510430765
2019-11-23,0.013735462065823444
2019-11-24,-0.04881503558544947
2019-11-25,0.013544644601970345
2019-11-26,0.010174877428106958
2019-11-27,0.042032810465795656
2019-11-28,-0.008938263007887136
2019-11-29,0.03949173403649627
2019-11-30,-0.025055662676284913
2019-12-01,-0.019361611618885808
2019-12-02,-0.014133890270792697
2019-12-03,-0.000361767152125157
2019-12-04,-0.00937589058081962
2019-12-05,0.026319234366012297
2019-12-06,0.013304346162554628
2019-12-07,0.0012350002846172707
2019-12-08,0.0006620335777297489
2019-12-09,-0.021421600580090357
2019-12-10,-0.016751574392369836
2019-12-11,-0.008459375999992034
2019-12-12,0.0036153822847282985
2019-12-13,0.003463358462187074
2019-12-14,-0.019792761622882647
2019-12-15,0.00395066213713923
2019-12-16,-0.0320909665084248
2019-12-17,-0.04794451794397376
2019-12-18,0.09585507895605337
2019-12-19,-0.010372615786731168
2019-12-20,0.0019563756350950644
2019-12-21,-0.003922540825415176
2019-12-22,0.043844582589108755
2019-12-23,-0.021572467773636066
2019-12-24,-0.006363137008362502
2019-12-25,-0.005232344933693852
2019-12-26,-0.004202869598370256
2019-12-27,0.0070483223826688386
2019-12-28,0.003951657828575163
2019-12-29,0.014215372265750098
2019-12-30,-0.01647561011432484
2019-12-31,-0.014418943722310158
2020-01-01,0.0005535464402138061
2020-01-02,-0.030436734797417965
2020-01-03,0.05077605583687695
2020-01-04,0.008827802893002544
2020-01-05,0.0007877547098280284
2020-01-06,0.04920076013612573
2020-01-07,0.04688279242663658
2020-01-08,-0.01029785979243544
2020-01-09,-0.025206020371908715
2020-01-10,0.03657997332419396
2020-01-11,-0.014831043291846018
2020-01-12,0.01932510973817431
2020-01-13,-0.005525968584381118
2020-01-14,0.08248239457659896
2020-01-15,0.002605177980905551
2020-01-16,-0.0098661501288832
2020-01-17,0.021765268005852274
2020-01-18,-0.0002733555436308358
2020-01-19,-0.026020260405726563
2020-01-20,-0.004993980181947556
2020-01-21,0.010082593358361307
2020-01-22,-0.007558012049235376
2020-01-23,-0.03249848494168649
2020-01-24,0.004329153831754961
2020-01-25,-0.008994859366019336
2020-01-26,0.027792008225838577
2020-01-27,0.03557527428590983
2020-01-28,0.04863226036174446
2020-01-29,-0.0037682601801326044
2020-01-30,0.02095912218706536
2020-01-31,-0.017109841307999068
2020-02-01,0.004879763243808097
2020-02-02,-0.00533389903014075
2020-02-03,-0.005313526528195499
2020-02-04,-0.01266222074222932
2020-02-05,0.04718931497447628
2020-02-06,0.01117309769207145
2020-02-07,0.006620101212507937
2020-02-08,0.007888326929061659
2020-02-09,0.02488704602740869
2020-02-10,-0.025864597557682514
2020-02-11,0.03480366024153322
2020-02-12,0.012167981697962047
2020-02-13,-0.011260850836235578
2020-02-14,0.010026232348405443
2020-02-15,-0.042666279318424004
2020-02-16,0.0033032335702630547
2020-02-17,-0.024328957061154705
2020-02-18,0.04520705818122999
2020-02-19,-0.05205736266642875
2020-02-20,-0.0028009842617322525
2020-02-21,0.008564509224878197
2020-02-22,-0.0024918988171976886
2020-02-23,0.02699714512943877
2020-02-24,-0.028399127265969697
2020-02-25,-0.03312286726652338
2020-02-26,-0.05878258133012201
2020-02-27,-0.0035432149235025616
2020-02-28,-0.012827657705491925
2020-02-29,-0.008669534773665263
2020-03-01,-0.004456761987266852
2020-03-02,0.03554007631265346
2020-03-03,-0.009263132144859253
2020-03-04,-0.003873092203011057
2020-03-05,0.03616530247811605
2020-03-06,0.005174744403239843
2020-03-07,-0.02400771162688717
2020-03-08,-0.09533637316499331
2020-03-09,-0.02299992214364349
2020-03-10,-0.001533571875787414
2020-03-11,-0.00036640366977210936
2020-03-12,-0.4551614766006227
2020-03-13,0.10380479275200749
2020-03-14,-0.06786547100479749
2020-03-15,0.03631370164962158
2020-03-16,-0.0731310778011418
2020-03-17,0.04108525123897229
2020-03-18,0.005235642451697211
2020-03-19,0.16614441249996945
2020-03-20,0.001941870836287144
2020-03-21,-0.0020901297893771596
2020-03-22,-0.05971403196980577
2020-03-23,0.09560796847277774
2020-03-24,0.04782654403589639
2020-03-25,-0.008338550214298893
2020-03-26,0.005397825913516242
2020-03-27,-0.03680109974269241
2020-03-28,-0.03587128591756355
2020-03-29,-0.0526744832891546
2020-03-30,0.08198431855353501
2020-03-31,0.0012315008782396246
2020-04-01,0.025477017413742694
2020-04-02,0.027713837329060506
2020-04-03,-0.008639275215731346
2020-04-04,0.019574567479677653
2020-04-05,-0.011253087490311548
2020-04-06,0.0686088856577545
2020-04-07,-0.013042221759784433
2020-04-08,0.022036339443158418
2020-04-09,-0.002998010886570722
2020-04-10,-0.06256999261339741
2020-04-11,-0.0008987572362496052
2020-04-12,0.016033217576407313
2020-04-13,-0.018382784928514688
2020-04-14,-0.000124544832244762
2020-04-15,-0.030073047902014875
2020-04-16,0.06905279435443099
2020-04-17,-0.0026756882274833436
2020-04-18,0.02274806277012948
2020-04-19,-0.009393076308911149
2020-04-20,-0.04402520778405333
2020-04-21,-0.00022462425751087025
2020-04-22,0.03423507748418447
2020-04-23,0.04238479517714021
2020-04-24,0.01626473690919506
2020-04-25,0.002985908800948523
2020-04-26,0.013943982957228448
2020-04-27,0.014571855832474384
2020-04-28,0.0016352742859572118
2020-04-29,0.11861582562475848
2020-04-30,-0.016833868054602668
2020-05-01,0.023550455578637792
2020-05-02,0.013837662776541935
2020-05-03,-0.010458082035011411
2020-05-04,0.0014606441385194003
2020-05-05,0.009828853179399666
2020-05-06,0.02849289060851945
2020-05-07,0.07031660162423344
2020-05-08,-0.010476045517520412
2020-05-09,-0.025831232512346893
2020-05-10,-0.09117558613935706
2020-05-11,-0.017890229720470534
2020-05-12,0.023396613344672856
2020-05-13,0.0510546995798707
2020-05-14,0.04831733506594932
2020-05-15,-0.04232882456872586
2020-05-16,0.0052749231350414936
2020-05-17,0.030684922135432037
2020-05-18,0.005946869915899709
2020-05-19,-3.335362445888125e-05
2020-05-20,-0.020730727515705767
2020-05-21,-0.047495684335061315
2020-05-22,0.011239101638688917
2020-05-23,0.002794198140520032
2020-05-24,-0.04635728709317049
2020-05-25,0.013199153943132444
2020-05-26,-0.008170113673935253
2020-05-27,0.03818884325290673
2020-05-28,0.03665089917265236
2020-05-29,-0.009107302199467622
2020-05-30,0.027687791720751486
2020-05-31,-0.024813949819296324
2020-06-01,0.071382947784372
2020-06-02,-0.06432153526504211
2020-06-03,0.013180881328811853
2020-06-04,0.014711942050065834
2020-06-05,-0.013811163283762393
2020-06-06,-0.001244491376839912
2020-06-07,0.010682631315652934
2020-06-08,0.0012052705085345452
2020-06-09,0.0024105520029559665
2020-06-10,0.007561003046894869
2020-06-11,-0.05745150261081783
2020-06-12,0.017067959841747634
2020-06-13,-0.0004310697253640389
2020-06-14,-0.009513848892196922
2020-06-15,0.006561412902222645
2020-06-16,0.00916782972572926
2020-06-17,-0.0059799267544661085
2020-06-18,-0.007282839629043062
2020-06-19,-0.013385113132456593
2020-06-20,0.00489292079436402
2020-06-21,-0.003165349438094699
2020-06-22,0.03629228276002311
2020-06-23,-0.0017523212405052956
2020-06-24,-0.03322835101561675
2020-06-25,-0.005772800731521123
2020-06-26,-0.010550603154865475
2020-06-27,-0.013328212569183213
2020-06-28,0.01074851394798082
2020-06-29,0.005220576482399862
2020-06-30,-0.005812223968566291
2020-07-01,0.01006830619209515
2020-07-02,-0.011558866888652488
2020-07-03,-0.004533050201970522
2020-07-04,0.0054409182827834775
2020-07-05,-0.006434384600792054
2020-07-06,0.03287427360155674
2020-07-07,-0.013175481102862562
2020-07-08,0.01910837584617549
2020-07-09,-0.016000105972968214
2020-07-10,1.5341277897457783e-05
2020-07-11,-0.003930034490689981
2020-07-12,0.0037572864344940383
2020-07-13,-0.003619173002338356
2020-07-14,-5.3476936287187755e-05
2020-07-15,-0.005539589645672462
2020-07-16,-0.006851266744762177
2020-07-17,0.0020865168107817686
2020-07-18,0.0008491344686412882
2020-07-19,0.003010907189867702
2020-07-20,-0.0025245915423911243
2020-07-21,0.022849096082227165
2020-07-22,0.01607711121835879
2020-07-23,0.005795269237770801
2020-07-24,-0.004792412446270515
2020-07-25,0.015165733037644137
2020-07-26,0.02296469000120232
2020-07-27,0.1034255676370683
2020-07-28,-0.006581466923502972
2020-07-29,0.01696035610013897
2020-07-30,0.001072275121870949
2020-07-31,0.018903450130683508
2020-08-01,0.03846097508826534
2020-08-02,-0.062183034854663644
2020-08-03,0.01745988765589698
2020-08-04,-0.0037151374837490116
2020-08-05,0.04715421108287892
2020-08-06,0.0033630990133759206
2020-08-07,-0.015434591654209306
2020-08-08,0.013061686542446355
2020-08-09,-0.006730698495547648
2020-08-10,0.01719455681066352
2020-08-11,-0.04084574354605351
2020-08-12,0.015342546059713776
2020-08-13,0.017207278435637397
2020-08-14,-0.0014735184543825904
2020-08-15,0.008634658584030036
2020-08-16,0.002787283461744373
2020-08-17,0.0297765651385496
2020-08-18,-0.021733118881706853
2020-08-19,-0.020027359774258756
2020-08-20,0.010367285829945864
2020-08-21,-0.025209741173238164
2020-08-22,0.008771302387028612
2020-08-23,-0.001357926818547257
2020-08-24,0.00949198470374569
2020-08-25,-0.03576061655636179
2020-08-26,0.010601284851235156
2020-08-27,-0.014663835525612666
2020-08-28,0.019096259413062783
2020-08-29,-0.0030687000750490925
2020-08-30,0.018030545754868742
2020-08-31,-0.002891171599317033
2020-09-01,0.02452469741415163
2020-09-02,-0.047870138528460636
2020-09-03,-0.10911912153620716
2020-09-04,0.026148117030665077
2020-09-05,-0.033518593354335234
2020-09-06,0.010927866278783678
2020-09-07,0.009113644424735631
2020-09-08,-0.023207467261380614
2020-09-09,0.010901059241415925
2020-09-10,0.01173504669963376
2020-09-11,0.0035944493377947904
2020-09-12,0.004337123246604264
2020-09-13,-0.01195509289918727
2020-09-14,0.03372628218125889
2020-09-15,0.010430443195976571
2020-09-16,0.015909494939453886
2020-09-17,-0.002093602896938143
2020-09-18,-0.0015310375195963463
2020-09-19,0.014516308869808014
2020-09-20,-0.01434076663296629
2020-09-21,-0.04468750440855435
2020-09-22,0.007371462949988562
2020-09-23,-0.02827573447117122
2020-09-24,0.04885152255582946
2020-09-25,-0.006055450410962427
2020-09-26,0.005407936769733901
2020-09-27,0.0022257959786106227
2020-09-28,-0.00622448568581481
2020-09-29,0.012523797459342232
2020-09-30,-0.005410275418863433
2020-10-01,-0.01536324329383636
2020-10-02,-0.004388171519122009
2020-10-03,-0.002475802481112829
2020-10-04,0.011386380696983734
2020-10-05,0.01138975567639805
2020-10-06,-0.017632420100298727
2020-10-07,0.006093286862563293
2020-10-08,0.0226882654209917
2020-10-09,0.013559544849629441
2020-10-10,0.020653271063947005
2020-10-11,0.008147369165783987
2020-10-12,0.014773169347113112
2020-10-13,-0.011257787806884868
2020-10-14,0.00015754989099631185
2020-10-15,0.0056033927845558894
2020-10-16,-0.015459622339687566
2020-10-17,0.003175347179026067
2020-10-18,0.010905074733450867
2020-10-19,0.022729402462974564
2020-10-20,0.014179702353314559
2020-10-21,0.0735270738105641
2020-10-22,0.010959855054184243
2020-10-23,-0.002724116218514985
2020-10-24,0.013808339432854491
2020-10-25,-0.006022137291338212
2020-10-26,0.0030481271244051163
2020-10-27,0.043066033165878925
2020-10-28,-0.028493943836742038
2020-10-29,0.012183238078694324
2020-10-30,0.008078550224026591
2020-10-31,0.01714296887038826
2020-11-01,-0.0032781332454959304
2020-11-02,-0.013933862786619226
2020-11-03,0.02875486141831103
2020-11-04,0.013090956379873729
2020-11-05,0.09706198569238174
2020-11-06,-0.00048151937227005844
2020-11-07,-0.04821656410524012
2020-11-08,0.04241737848018466
2020-11-09,-0.009581909307593924
2020-11-10,-0.002702358928987158
2020-11-11,0.026366979302911632
2020-11-12,0.03623077248282635
2020-11-13,0.00281432455987627
2020-11-14,-0.015395526808298428
2020-11-15,-0.007194493072030927
2020-11-16,0.04692921108681527
2020-11-17,0.05408944698997881
2020-11-18,0.008570152974581306
2020-11-19,0.0012866771110292426
2020-11-20,0.04385171959853009
2020-11-21,0.001908174052861632
2020-11-22,-0.014961420231678934
2020-11-23,0.0002508909234424303
2020-11-24,0.04032037536735247
2020-11-25,-0.020632015609763143
2020-11-26,-0.08855562627618006
2020-11-27,-0.0025093185659801082
2020-11-28,0.03582330553206236
2020-11-29,0.025642827552988533
2020-11-30,0.07654936865786426
2020-12-01,-0.04295025132095098
2020-12-02,0.020980587416758446
2020-12-03,0.012650136503046616
2020-12-04,-0.03961270018011848
2020-12-05,0.024127486954085745
2020-12-06,0.009798595853211755
2020-12-07,-0.007924056754612345
2020-12-08,-0.0466919876036947
2020-12-09,0.012567242828666026
2020-12-10,-0.015815506018767758
2020-12-11,-0.01138371463796527
2020-12-12,0.04035138603198686
2020-12-13,0.018112675865687464
2020-12-14,0.005356034239710789
2020-12-15,0.008699942695386159
2020-12-16,0.09310948299640683
2020-12-17,0.06767527097858697
2020-12-18,0.01470217617600851
2020-12-19,0.03134992853286634
2020-12-20,-0.016629237963894806
2020-12-21,-0.029501083225591057
2020-12-22,0.03002887530564876
2020-12-23,-0.011894705215883558
2020-12-24,0.021598333537140274
2020-12-25,0.03886450643413967
2020-12-26,0.06899580197585509
2020-12-27,-0.006285311812959265
2020-12-28,0.030274246893762118
2020-12-29,0.009949312070849398
2020-12-30,0.05211292909428576
2020-12-31,0.005277378670606303
2021-01-01,0.012311846463480386
2021-01-02,0.08924175849964709
2021-01-03,0.020803166420383455
2021-01-04,-0.02499723082053736
2021-01-05,0.06095059124857534
2021-01-06,0.07987100853765874
2021-01-07,0.06657713359945336
2021-01-08,0.03537785878889031
2021-01-09,-0.012878804920700732
2021-01-10,-0.04709660045228643
2021-01-11,-0.07641792183849706
2021-01-12,-0.04705818702205013
2021-01-13,0.09516830002344435
2021-01-14,0.048658104517803176
2021-01-15,-0.06213470056173093
2021-01-16,-0.01754998909144715
2021-01-17,-0.010783794627049904
2021-01-18,0.02341286213767803
2021-01-19,-0.015358153365252996
2021-01-20,-0.014663645109400183
2021-01-21,-0.1426550287980425
2021-01-22,0.0682158941349206
2021-01-23,-0.028597622447405237
2021-01-24,0.006986085428625591
2021-01-25,0.002205369979864316
2021-01-26,0.006120776293472457
2021-01-27,-0.0679984927274209
2021-01-28,0.09483069938147073
2021-01-29,0.025016418574669148
2021-01-30,-0.0014019506874077827
2021-01-31,-0.03422399314095894
2021-02-01,0.024454364523107907
2021-02-02,0.04546695362713347
2021-02-03,0.05392401518951956
2021-02-04,-0.014993978843220292
2021-02-05,0.03274571336304695
2021-02-06,0.028767900241165805
2021-02-07,-0.009335832416502095
2021-02-08,0.17120193772826145
2021-02-09,0.006647059992290501
2021-02-10,-0.03383887612758458
2021-02-11,0.06461909006182369
2021-02-12,-0.008031318284111038
2021-02-13,-0.005739671595731148
2021-02-14,0.032355860868823305
2021-02-15,-0.015437802024673687
2021-02-16,0.025478337483455665
2021-02-17,0.05850402363186003
2021-02-18,-0.008870488521618206
2021-02-19,0.07850191938831137
2021-02-20,0.0031059453192363766
2021-02-21,0.025153430569722038
2021-02-22,-0.059988326305358095
2021-02-23,-0.10510390873520806
2021-02-24,0.017983337261913906
2021-02-25,-0.05396799180322706
2021-02-26,-0.016451739678465242
2021-02-27,-0.003093668718252318
2021-02-28,-0.02332984165590986
2021-03-01,0.09492125247556141
2021-03-02,-0.025433159326523385
2021-03-03,0.0436783731280116
2021-03-04,-0.03998499761203079
2021-03-05,0.007350830304311434
2021-03-06,-0.00020223996870478604
2021-03-07,0.04573036310509999
2021-03-08,0.020036478621212578
2021-03-09,0.04846875744392977
2021-03-10,0.020972212918723605
2021-03-11,0.03135454207915537
2021-03-12,-0.007985619015030466
2021-03-13,0.0658685022765539
2021-03-14,-0.03231400069388794
2021-03-15,-0.05893917805205853
2021-03-16,0.01586218642517223
2021-03-17,0.035634923951133386
2021-03-18,-0.01734473300260587
2021-03-19,0.008349864321120429
2021-03-20,-0.0005393517804930195
2021-03-21,-0.013725804028826323
2021-03-22,-0.05344338761474738
2021-03-23,0.0038261082328047546
2021-03-24,-0.036750218589920856
2021-03-25,-0.020474117326180333
2021-03-26,0.06429531275514844
2021-03-27,0.01491719929982565
2021-03-28,-0.0003052133912752979
2021-03-29,0.03172480517382483
2021-03-30,0.019921890020549674
2021-03-31,0.0001351786348852976
2021-04-01,0.0032814913446653133
2021-04-02,0.005182479367470642
2021-04-03,-0.030819185924629323
2021-04-04,0.020623838535152615
2021-04-05,0.00532922221356717
2021-04-06,-0.014295681854370551
2021-04-07,-0.03794048401755214
2021-04-08,0.039821623070825166
2021-04-09,-0.0014245036225804084
2021-04-10,0.02689951988777954
2021-04-11,0.006859407961263595
2021-04-12,-0.005297488834353687
2021-04-13,0.05857397946706539
2021-04-14,-0.005806651438831618
2021-04-15,0.003681758900061092
2021-04-16,-0.026369455284242196
2021-04-17,-0.01478439903105545
2021-04-18,-0.07696103133435837
2021-04-19,-0.009274818203661996
2021-04-20,0.013555190453596674
2021-04-21,-0.04642165212654125
2021-04-22,-0.04068084681605578
2021-04-23,-0.013364723482033217
2021-04-24,-0.02106410494855973
2021-04-25,-0.02095359214042627
2021-04-26,0.09760975519678361
2021-04-27,0.0188119016943325
2021-04-28,-0.0038279271910621865
2021-04-29,-0.023298154587327313
2021-04-30,0.07549542619910042
2021-05-01,0.0014793372900858987
2021-05-02,-0.020948787862895855
2021-05-03,0.010815260798061695
2021-05-04,-0.06860323861692263
2021-05-05,0.07445856924495356
2021-05-06,-0.01707357143543674
2021-05-07,0.015873140844678703
2021-05-08,0.024655674753907425
2021-05-09,-0.009031045357223185
2021-05-10,-0.042102186269036654
2021-05-11,0.016094478347079166
2021-05-12,-0.1437473246303712
2021-05-13,0.011626457425736375
2021-05-14,0.0037259036656000755
2021-05-15,-0.06494283477903723
2021-05-16,-0.006460511243979967
2021-05-17,-0.0651979692475906
2021-05-18,-0.01386108939265119
2021-05-19,-0.1517897495595594
2021-05-20,0.09776930962801861
2021-05-21,-0.09003596178370755
2021-05-22,0.005555940440748184
2021-05-23,-0.07729908052150261
2021-05-24,0.10859479247819745
2021-05-25,-0.007927708681299252
2021-05-26,0.023611221545587688
2021-05-27,-0.022233727831869544
2021-05-28,-0.07412302602850698
2021-05-29,-0.031034092449191156
2021-05-30,0.03027795588520779
2021-05-31,0.04580028287377549
2021-06-01,-0.017655803802985957
2021-06-02,0.024142705182056388
2021-06-03,0.04245209168144482
2021-06-04,-0.061087105046967204
2021-06-05,-0.037023566166881454
2021-06-06,0.008716837970552609
2021-06-07,-0.06651672637457066
2021-06-08,-0.002772257469613426
2021-06-09,0.10900604691595144
2021-06-10,-0.01748275762766567
2021-06-11,0.016648143754874754
2021-06-12,-0.04854667837865986
2021-06-13,0.0946723675674163
2021-06-14,0.033034540378908864
2021-06-15,-0.006497985326214631
2021-06-16,-0.04611555869462488
2021-06-17,-0.007599444231428213
2021-06-18,-0.06142770535971664
2021-06-19,-0.004909341419060529
2021-06-20,0.0023752608701463392
2021-06-21,-0.12034815471742893
2021-06-22,0.02532858954513483
2021-06-23,0.034987707011714275
2021-06-24,0.02959259736138395
2021-06-25,-0.0911826364925059
2021-06-26,0.017215113171336685
2021-06-27,0.07340625315399726
2021-06-28,-0.005898845549179346
2021-06-29,0.040887402912479935
2021-06-30,-0.022970557867902815
2021-07-01,-0.042860184428893174
2021-07-02,0.009460710001834615
2021-07-03,0.022508018158663178
2021-07-04,0.01775854953418279
2021-07-05,-0.04472462419536356
2021-07-06,0.014370253469975943
2021-07-07,-0.011065922049066616
2021-07-08,-0.029529236648741873
2021-07-09,0.027539386256295602
2021-07-10,-0.008228933666081508
2021-07-11,0.02110501428928207
2021-07-12,-0.03200689000395215
2021-07-13,-0.013810273552788431
2021-07-14,0.0036511483073154694
2021-07-15,-0.032265268422450824
2021-07-16,-0.011640241539528138
2021-07-17,0.00350849264390376
2021-07-18,0.008240940770305035
2021-07-19,-0.030504942064028675
2021-07-20,-0.03367265858274538
2021-07-21,0.07458959054207366
2021-07-22,0.006450039686422469
2021-07-23,0.03831768420303164
2021-07-24,0.02076042024893806
2021-07-25,0.030168870505799993
2021-07-26,0.054443169662139974
2021-07-27,0.05376097301865734
2021-07-28,0.014999108479611051
2021-07-29,0.0006431203363401895
2021-07-30,0.053880904891100395
2021-07-31,-0.014477641810266935
2021-08-01,-0.04035841103869758
2021-08-02,-0.019308072311670837
2021-08-03,-0.027145231429926735
2021-08-04,0.040855570955385466
2021-08-05,0.02773753551119643
2021-08-06,0.04634879695739166
2021-08-07,0.03992171994007127
2021-08-08,-0.017477906393375205
2021-08-09,0.05732547803680424
2021-08-10,-0.016943996153428745
2021-08-11,0.00046197585077893905
2021-08-12,-0.025874440898340567
2021-08-13,0.0733149255887896
2021-08-14,-0.014633507990534192
2021-08-15,-0.0006634579812706365
2021-08-16,-0.022621657946294033
2021-08-17,-0.029014112766857923
2021-08-18,0.0026301838097652643
2021-08-19,0.0419241013199753
2021-08-20,0.054612118617626784
2021-08-21,-0.008781563758675531
2021-08-22,0.008931255597674952
2021-08-23,0.004773471277568286
2021-08-24,-0.03823149902984233
2021-08-25,0.02617434977201458
2021-08-26,-0.04249378472177875
2021-08-27,0.04419916158327725
2021-08-28,-0.0033467112846278534
2021-08-29,-0.0016648216645143577
2021-08-30,-0.03706952544246946
2021-08-31,0.002534919406037819
2021-09-01,0.035309297025726764
2021-09-02,0.009738491952040657
2021-09-03,0.014688846249474865
2021-09-04,-0.0015737861686241684
2021-09-05,0.03588018023336668
2021-09-06,0.01634750784339978
2021-09-07,-0.11806376736568466
2021-09-08,-0.01551219749042189
2021-09-09,0.0065009174810008495
2021-09-10,-0.03304538404954456
2021-09-11,0.007189361070468048
2021-09-12,0.019040856936411353
2021-09-13,-0.024214279569156616
2021-09-14,0.046153811136350066
2021-09-15,0.022807020120777934
2021-09-16,-0.00822341951478385
2021-09-17,-0.010994475959267905
2021-09-18,0.020968115460725613
2021-09-19,-0.02132664717076666
2021-09-20,-0.09836761853546584
2021-09-21,-0.05148267785061724
2021-09-22,0.06856073315801722
2021-09-23,0.029722924824175257
2021-09-24,-0.047070777905083995
2021-09-25,-0.0028761506679645128
2021-09-26,0.011208810989786473
2021-09-27,-0.022915320561411944
2021-09-28,-0.028901430070744222
2021-09-29,0.012971197144881248
2021-09-30,0.05233462470198595
2021-10-01,0.09401170493654513
2021-10-02,-0.008318653567227921
2021-10-03,0.010138247123490384
2021-10-04,0.01851234906972337
2021-10-05,0.04767617149113507
2021-10-06,0.0716498695617187
2021-10-07,-0.028252234616242346
2021-10-08,0.0029298008811745216
2021-10-09,0.018371707025549047
2021-10-10,-0.0038302255262169863
2021-10-11,0.04808845945918129
2021-10-12,-0.025457443882522256
2021-10-13,0.023984174482604065
2021-10-14,-0.0013245886116479162
2021-10-15,0.07170775974571107
2021-10-16,-0.011490807703018404
2021-10-17,0.005138357530416609
