date,cap_weighted_index
2014-04-29,0.014870977070824997
2014-04-30,-0.0013154618559493908
2014-05-01,0.022872307982555844
2014-05-02,-0.016142474230910822
2014-05-03,-0.026193500943987858
2014-05-04,-0.0036162079825491807
2014-05-05,-0.006587080224757724
2014-05-06,-0.012914519197796629
2014-05-07,0.02249428505822071
2014-05-08,0.003337592539582568
2014-05-09,0.019165012356465425
2014-05-10,0.012131104609438179
2014-05-11,-0.03475193272457884
2014-05-12,0.005747217035177708
2014-05-13,-0.0027101779620719497
2014-05-14,0.005723177930980811
2014-05-15,0.0067214563406417975
2014-05-16,0.002061520231655925
2014-05-17,0.002665588261662305
2014-05-18,-0.005977799542057072
2014-05-19,0.0005885998802643646
2014-05-20,0.08764955696292537
2014-05-21,0.013197032071207416
2014-05-22,0.07050301816625126
2014-05-23,-0.012391986141361241
2014-05-24,0.010102595059124263
2014-05-25,0.087237667649239
2014-05-26,0.024101567048551844
2014-05-27,-0.020520361579993762
2014-05-28,0.012871533800761009
2014-05-29,-0.016211040577304235
2014-05-30,0.0829215675897686
2014-05-31,0.014893439371175921
2014-06-01,0.009170873688347559
2014-06-02,0.048558546768792656
2014-06-03,0.010398728889797159
2014-06-04,-0.040110594543670865
2014-06-05,0.02740480825609956
2014-06-06,-0.008263422732379894
2014-06-07,0.0029407147734816013
2014-06-08,0.002413443480510123
2014-06-09,-0.012087649879541919
2014-06-10,0.005223352050148989
2014-06-11,-0.03277573296019573
2014-06-12,-0.07513203762298308
2014-06-13,0.021519133674271287
2014-06-14,-0.03853765969382849
2014-06-15,0.02725045648686093
2014-06-16,0.00012309403117978287
2014-06-17,0.033361084534353054
2014-06-18,-0.0049120148872146135
2014-06-19,-0.018321971421204276
2014-06-20,-0.0052947095787883765
2014-06-21,0.0021945278595133727
2014-06-22,0.012427357790739986
2014-06-23,-0.01397829124995452
2014-06-24,-0.019848452824703402
2014-06-25,-0.026102006347744493
2014-06-26,0.026791304423852084
2014-06-27,0.028272574131903518
2014-06-28,2.7227617858433502e-05
2014-06-29,0.011747598388431809
2014-06-30,0.06287319758254518
2014-07-01,0.005853235882668328
2014-07-02,0.015572202454879034
2014-07-03,-0.009688991058237208
2014-07-04,-0.020616735137651884
2014-07-05,0.0023227737329133383
2014-07-06,0.007992969035802917
2014-07-07,-0.020215777756819486
2014-07-08,-0.0005361067599095302
2014-07-09,-0.0009409388164044505
2014-07-10,-0.012653345425488523
2014-07-11,0.02421203236899582
2014-07-12,0.00047245638146320846
2014-07-13,-0.01227149893757008
2014-07-14,-0.011301290460504473
2014-07-15,0.004118700341580451
2014-07-16,-0.00744533342138475
2014-07-17,0.007426288201779895
2014-07-18,0.008657737396979165
2014-07-19,0.0008462244642433179
2014-07-20,-0.007498961087691568
2014-07-21,-0.0027857933419226676
2014-07-22,-0.0009831318203180376
2014-07-23,-0.003195065540317046
2014-07-24,-0.027473329708626423
2014-07-25,-0.0002830886097441234
2014-07-26,-0.008907933443535293
2014-07-27,-0.0036944034925554268
2014-07-28,-0.013363475279701031
2014-07-29,-0.0019947693090106534
2014-07-30,-0.028830587320315446
2014-07-31,0.031777291705196865
2014-08-01,0.014538179686561938
2014-08-02,-0.009011227463305353
2014-08-03,-0.004523477806023535
2014-08-04,0.004905730913919589
2014-08-05,-0.004962675746401468
2014-08-06,-0.0011237379345348548
2014-08-07,0.007701218676477321
2014-08-08,0.007112936158386031
2014-08-09,-0.004203122277930968
2014-08-10,0.00342441792730575
2014-08-11,-0.022011442716858155
2014-08-12,-0.010075456175610696
2014-08-13,-0.039859660233368885
2014-08-14,-0.07993601519063077
2014-08-15,-0.018039863596546118
2014-08-16,0.047407153229698934
2014-08-17,-0.05403386331217423
2014-08-18,-0.06097910273908677
2014-08-19,0.04454511013298814
2014-08-20,0.05139028878517187
2014-08-21,0.009719618137455607
2014-08-22,-0.0037538706155452357
2014-08-23,-0.03042149780415476
2014-08-24,0.01811103471312409
2014-08-25,-0.010244855965588842
2014-08-26,0.0025898649614744577
2014-08-27,-0.0005105395798731416
2014-08-28,-0.006093297680126806
2014-08-29,0.0009109527159957563
2014-08-30,-0.008178932971456984
2014-08-31,-0.0542207633322814
2014-09-01,-0.006171691093011349
2014-09-02,0.006823734369935875
2014-09-03,-0.0009874041161954282
2014-09-04,0.023881303566837663
2014-09-05,-0.013620926874041508
2014-09-06,0.0023977421928677686
2014-09-07,-0.005586654693009119
2014-09-08,-0.01619373970124647
2014-09-09,0.0012297825256470016
2014-09-10,0.007315303692369107
2014-09-11,-0.00010115869698503999
2014-09-12,-0.004283145136072484
2014-09-13,0.001547672040880397
2014-09-14,-0.004690020940869052
2014-09-15,-0.004051704005805774
2014-09-16,-0.02181482088380123
2014-09-17,-0.022634794001357376
2014-09-18,-0.07742302079205739
2014-09-19,-0.07138263984459572
2014-09-20,0.03673920466043643
2014-09-21,-0.02450307592368352
2014-09-22,0.007585233573347418
2014-09-23,0.08384276934579188
2014-09-24,-0.03150569069856374
2014-09-25,-0.028894389314257415
2014-09-26,-0.019055344436407252
2014-09-27,-0.011829652365449942
2014-09-28,-0.06290830856312614
2014-09-29,-0.001649095718459524
2014-09-30,0.031106161570063996
2014-10-01,-0.008768097495523689
2014-10-02,-0.023104057913748248
2014-10-03,-0.04440755588623036
2014-10-04,-0.09251196649508955
2014-10-05,-0.02497339153051863
2014-10-06,0.028669317911387573
2014-10-07,0.019113707638858998
2014-10-08,0.05178738245539522
2014-10-09,0.035035828516370084
2014-10-10,-0.008264446566785284
2014-10-11,0.0027935524252689077
2014-10-12,0.045225120452749054
2014-10-13,0.03287568908313176
2014-10-14,0.02649841525237824
2014-10-15,-0.015347065070886394
2014-10-16,-0.03261182190313779
2014-10-17,0.0030890943473340683
2014-10-18,0.01980863648317835
2014-10-19,-0.004423720772686912
2014-10-20,-0.0179249377161024
2014-10-21,0.009090050432696466
2014-10-22,-0.008918164252777971
2014-10-23,-0.06907841569058792
2014-10-24,-0.00025957959778333993
2014-10-25,-0.0305232008916675
2014-10-26,0.023087081770893768
2014-10-27,-0.007599017399706391
2014-10-28,0.014177761978857827
2014-10-29,-0.06553416687499983
2014-10-30,0.02938884950211531
2014-10-31,-0.02145969035448563
2014-11-01,-0.0376540373692559
2014-11-02,0.00027270291478572085
2014-11-03,0.004329030882269166
2014-11-04,0.00934512080772379
2014-11-05,0.027603997521163333
2014-11-06,0.029785007929426448
2014-11-07,-0.020331805591656836
2014-11-08,0.00873775676923881
2014-11-09,0.05205408102552731
2014-11-10,0.010652913892930018
2014-11-11,0.0023756437036946405
2014-11-12,0.14465285585033613
2014-11-13,-0.0064515034240865
2014-11-14,-0.058915035154443254
2014-11-15,-0.05733412240986697
2014-11-16,0.031219217909742126
2014-11-17,-0.001719810822860874
2014-11-18,-0.03314324691792945
2014-11-19,0.0133434336134893
2014-11-20,-0.06600138820990539
2014-11-21,-0.023841589313654342
2014-11-22,0.0004904123826464344
2014-11-23,0.03420640164950899
2014-11-24,0.02733037625679834
2014-11-25,-0.010409689594790456
2014-11-26,-0.027102028494590282
2014-11-27,-0.013511860087589244
2014-11-28,0.015167739133487504
2014-11-29,0.003373615640027028
2014-11-30,0.022351706241325278
2014-12-01,-0.003851303084755537
2014-12-02,0.0021422621312385233
2014-12-03,-0.0190075287261649
2014-12-04,-0.016652438409187034
2014-12-05,0.018441356011022085
2014-12-06,-0.010082243654636051
2014-12-07,-0.0018593348299361025
2014-12-08,-0.030267703283205747
2014-12-09,-0.03789535948794479
2014-12-10,-0.023544121089265433
2014-12-11,0.01031353754642545
2014-12-12,0.006731693336925461
2014-12-13,-0.019836374698294836
2014-12-14,0.013089810690965896
2014-12-15,-0.025718797068563344
2014-12-16,-0.07720927138176363
2014-12-17,-0.05213072828223459
2014-12-18,-0.04108982253615399
2014-12-19,0.05019465721209059
2014-12-20,0.03764623422522757
2014-12-21,-0.036345447122073965
2014-12-22,0.03529340175644113
2014-12-23,0.01864340671431889
2014-12-24,-0.039260960650105946
2014-12-25,-0.01672323149284065
2014-12-26,0.024596742994621487
2014-12-27,-0.03536723506699482
2014-12-28,0.006372995363337937
2014-12-29,-0.019292781163490147
2014-12-30,-0.006824096635418826
2014-12-31,0.0330106474416583
2015-01-01,-0.021568952041353055
2015-01-02,0.003377271674312501
2015-01-03,-0.11476680147544069
2015-01-04,-0.04791020116745549
2015-01-05,0.032820666125661965
2015-01-06,0.04534531312481559
2015-01-07,0.030724178577341183
2015-01-08,-0.040962112968009855
2015-01-09,0.02718284267433641
2015-01-10,-0.04908703333129128
2015-01-11,-0.03625388098976027
2015-01-12,0.011078582668570213
2015-01-13,-0.17119945730130637
2015-01-14,-0.25701252377868417
2015-01-15,0.16724720072076166
2015-01-16,-0.0102922733681909
2015-01-17,-0.03914896480688838
2015-01-18,0.05978380377216427
2015-01-19,0.021537650365994487
2015-01-20,-0.02014016978597856
2015-01-21,0.07693040645349114
2015-01-22,0.029315879870701406
2015-01-23,-0.0006743079551203919
2015-01-24,0.06750284594004666
2015-01-25,0.024347451814339446
2015-01-26,0.09198168242024832
2015-01-27,-0.04064812127799099
2015-01-28,-0.12689092709271688
2015-01-29,-0.00034253053441206014
2015-01-30,-0.032582427652304964
2015-01-31,-0.044989141895068474
2015-02-01,0.050748509850108085
2015-02-02,0.05809247074526218
2015-02-03,-0.04719962624794711
2015-02-04,-0.005805802200541252
2015-02-05,-0.057151676416407976
2015-02-06,0.016781060495391287
2015-02-07,0.03295507342336664
2015-02-08,-0.02065316432198436
2015-02-09,-0.013571243724191884
2015-02-10,0.0010784014077850558
2015-02-11,-0.005102596569510898
2015-02-12,0.011348999376290341
2015-02-13,0.06303129408945268
2015-02-14,0.09741916381671224
2015-02-15,-0.09269019163884767
2015-02-16,-0.004739681168744924
2015-02-17,0.044162739687703664
2015-02-18,-0.03235858679720189
2015-02-19,0.018850540343944566
2015-02-20,0.01882664232336137
2015-02-21,0.0052832146192227005
2015-02-22,-0.03758661160256401
2015-02-23,0.01111847126596679
2015-02-24,-0.0017116765619657793
2015-02-25,-0.005874053974594248
2015-02-26,-0.004346038437700969
2015-02-27,0.07917240886130653
2015-02-28,0.0049765839442238525
2015-03-01,0.031084378735274726
2015-03-02,0.06426922392360122
2015-03-03,0.03576389098383102
2015-03-04,-0.03000477317326048
2015-03-05,0.0016046544068759874
2015-03-06,-0.008100177806796345
2015-03-07,0.016185094210118267
2015-03-08,-0.002626049950217286
2015-03-09,0.05392095815267669
2015-03-10,0.011919656310597514
2015-03-11,0.01607847736976066
2015-03-12,-0.008212422084227929
2015-03-13,-0.03475887755431568
2015-03-14,-0.017374254141796705
2015-03-15,0.019484492165723486
2015-03-16,0.014539791015116084
2015-03-17,-0.01883403418547723
2015-03-18,-0.11399614227542358
2015-03-19,0.019965238945989502
2015-03-20,0.0034413286530916823
2015-03-21,-0.006166300663345569
2015-03-22,0.03258735830676653
2015-03-23,-0.006171288329071002
2015-03-24,-0.08595374162159385
2015-03-25,0.00790013930915051
2015-03-26,0.013474573443779704
2015-03-27,-0.007322819511867755
2015-03-28,0.025494943675369072
2015-03-29,-0.04069475487534745
2015-03-30,0.02254792688167398
2015-03-31,-0.008176704058181971
2015-04-01,0.014206779345609185
2015-04-02,0.022079101797208282
2015-04-03,-0.0009720721867320528
2015-04-04,-0.003280230063818248
2015-04-05,0.030094148179190004
2015-04-06,-0.021647454021452288
2015-04-07,-0.0118220011938121
2015-04-08,-0.03645192138587172
2015-04-09,-0.0015598367921165622
2015-04-10,-0.03144571991364597
2015-04-11,0.004744330839753482
2015-04-12,-0.0047074240628852855
2015-04-13,-0.050984123601159545
2015-04-14,-0.02565144635477812
2015-04-15,0.025262786777925147
2015-04-16,0.021574901960496738
2015-04-17,-0.02725569613104562
2015-04-18,0.003446131688840523
2015-04-19,-0.002731232864221163
2015-04-20,0.009426355072998976
2015-04-21,0.04954266245271518
2015-04-22,-0.006085681254014166
2015-04-23,0.009951151462136652
2015-04-24,-0.023648979055180177
2015-04-25,-0.024942386507616904
2015-04-26,-0.027798969953611745
2015-04-27,0.04707532705894594
2015-04-28,-0.014804217166072917
2015-04-29,-0.0022813345716543166
2015-04-30,0.04645610397157858
2015-05-01,-0.018018118022965282
2015-05-02,0.013445798620670494
2015-05-03,0.024784038117083303
2015-05-04,-0.005624874139768271
2015-05-05,-0.012333469526981071
2015-05-06,-0.028184594867873593
2015-05-07,0.03692430120901231
2015-05-08,0.02950352234901273
2015-05-09,-0.009312444427293348
2015-05-10,-0.004521855992185752
2015-05-11,0.008197068521533742
2015-05-12,-0.004391866782885374
2015-05-13,-0.01867244692088861
2015-05-14,0.004345357871845377
2015-05-15,0.0022358584536151566
2015-05-16,-0.005802266190972457
2015-05-17,0.005261866140205023
2015-05-18,-0.011678436270692014
2015-05-19,-0.013141791084551317
2015-05-20,0.008033996452642175
2015-05-21,0.0066653338693890155
2015-05-22,0.017581163910835463
2015-05-23,-0.007613682398459538
2015-05-24,0.008547276608022696
2015-05-25,-0.017665538741833856
2015-05-26,0.0007299654307931418
2015-05-27,-0.0017912751538794733
2015-05-28,-0.007587724442900134
2015-05-29,-0.011237222144327182
2015-05-30,-0.011177691950856997
2015-05-31,-0.011378840109460829
2015-06-01,-0.028163266589129102
2015-06-02,0.009062770699550322
2015-06-03,0.00013849836209856207
2015-06-04,-0.006119098398823801
2015-06-05,0.0009108881720001142
2015-06-06,0.0036742305702871726
2015-06-07,-0.012608928034226318
2015-06-08,0.024969622785140047
2015-06-09,0.0024489395312230536
2015-06-10,-0.0012251373270506039
2015-06-11,0.003768020718735512
2015-06-12,0.0014610974046364075
2015-06-13,0.009955287422938424
2015-06-14,0.0032509129629772547
2015-06-15,0.011351512397822623
2015-06-16,0.04681586299973092
2015-06-17,-0.009179061227885123
2015-06-18,-0.00892305878612411
2015-06-19,-0.0243555312578487
2015-06-20,0.0019128545779187286
2015-06-21,0.00034399851470378684
2015-06-22,0.011374993334909942
2015-06-23,-0.011376629239956264
2015-06-24,-0.01675523368877788
2015-06-25,0.00844438935021522
2015-06-26,0.0015161857705273838
2015-06-27,0.029770861316198216
2015-06-28,-0.010466494878713614
2015-06-29,0.027275683904703155
2015-06-30,0.027803386947716432
2015-07-01,-0.01664297899808033
2015-07-02,-0.014229023281643842
2015-07-03,0.003258449482649959
2015-07-04,0.021618569120417066
2015-07-05,0.04403180151586364
2015-07-06,-0.015018564525969683
2015-07-07,-0.008419635836227547
2015-07-08,0.010433740156286345
2015-07-09,-0.01596642003016576
2015-07-10,0.09119359028005206
2015-07-11,0.034973906811521294
2015-07-12,0.05709410240405178
2015-07-13,-0.06336421480560485
2015-07-14,-0.01775198160491563
2015-07-15,-0.001066437270581854
2015-07-16,-0.021416126684037633
2015-07-17,0.004403405801293783
2015-07-18,-0.020438077152996306
2015-07-19,-0.002855205736945353
2015-07-20,0.020586972709432598
2015-07-21,-0.009239120087574704
2015-07-22,0.005608113563722698
2015-07-23,-0.0036091226057341956
2015-07-24,0.03874350433400307
2015-07-25,-2.4983212105237312e-05
2015-07-26,0.013429330078805056
2015-07-27,0.0005360154164382527
2015-07-28,6.324614982575973e-05
2015-07-29,-0.016072266759008528
2015-07-30,-0.004773989756988827
2015-07-31,-0.012048148063495315
2015-08-01,-0.0056859546552227155
2015-08-02,0.003952082886084127
2015-08-03,-0.005281226631398451
2015-08-04,0.013602311540859576
2015-08-05,-0.01200901218381609
2015-08-06,-0.00893797502136851
2015-08-07,0.002238211085440091
2015-08-08,-0.074541540905966
2015-08-09,0.014422736329452011
2015-08-10,-0.002551260606343124
2015-08-11,0.023789456194926516
2015-08-12,-0.012543521638495887
2015-08-13,-0.0073882638511698325
2015-08-14,0.0038059536378509478
2015-08-15,-0.01675742633544691
2015-08-16,-0.012234140159152189
2015-08-17,-0.002158048951898755
2015-08-18,-0.2107059665670379
2015-08-19,0.077819212624986
2015-08-20,0.03888392336467227
2015-08-21,-0.013164114035858078
2015-08-22,-0.008069371717696533
2015-08-23,-0.008069537808504274
2015-08-24,-0.08407286207011737
2015-08-25,0.06006802513827836
2015-08-26,0.01718195997760419
2015-08-27,-0.004646419046306594
2015-08-28,0.03267941711484257
2015-08-29,-0.010466675649452056
2015-08-30,-0.007221666518362091
2015-08-31,0.007735435405681093
2015-09-01,-0.0070507709256839345
2015-09-02,0.006015801140105554
2015-09-03,-0.006255305929931728
2015-09-04,0.015065234004639229
2015-09-05,0.01552397384913152
2015-09-06,0.020776270485095453
2015-09-07,-0.0001546208285624492
2015-09-08,0.017915233862760095
2015-09-09,-0.022229281304894287
2015-09-10,0.0013336640255403051
2015-09-11,0.0011915602503992085
2015-09-12,-0.018788645202661602
2015-09-13,-0.025082304749042415
2015-09-14,0.009905873392909121
2015-09-15,-0.004176909642474823
2015-09-16,-0.0030244836635794146
2015-09-17,0.002403223078135024
2015-09-18,0.013189842619608734
2015-09-19,-0.005687072289287742
2015-09-20,-0.002405314749507631
2015-09-21,-0.015951379051918534
2015-09-22,0.01710222751327472
2015-09-23,0.002505351582515234
2015-09-24,0.01909883676680537
2015-09-25,0.0038395797648269896
2015-09-26,-0.002378619536710313
2015-09-27,-0.007530769071465027
2015-09-28,0.029435693324771757
2015-09-29,-0.003757509510312691
2015-09-30,-0.0028061757570928643
2015-10-01,0.007687654261365138
2015-10-02,-0.004310583554939966
2015-10-03,0.00924079890540636
2015-10-04,0.0005582370612985633
2015-10-05,0.011462892448924874
2015-10-06,0.021015941450818636
2015-10-07,-0.013200423226299347
2015-10-08,-5.033233036103995e-05
2015-10-09,0.007094707210122315
2015-10-10,0.0040718991195041465
2015-10-11,0.00792608440817624
2015-10-12,-0.00899598682740565
2015-10-13,0.016962380834730856
2015-10-14,0.01074286420685141
2015-10-15,0.010615429936438693
2015-10-16,0.03585072797753914
2015-10-17,0.033485120430698054
2015-10-18,-0.0337273168448171
2015-10-19,0.0066399741876696115
2015-10-20,0.02664657888990374
2015-10-21,-0.01251334006291465
2015-10-22,0.03037523088556658
2015-10-23,0.010447735868871074
2015-10-24,0.02048268608355756
2015-10-25,0.008834833594892346
2015-10-26,0.00494207832463486
2015-10-27,0.03165561160317169
2015-10-28,0.03816570973437533
2015-10-29,0.025188796163565556
2015-10-30,0.04357888219548944
2015-10-31,-0.042292738865469894
2015-11-01,0.034370246282388134
2015-11-02,0.10835321255969374
2015-11-03,0.11373446262053712
2015-11-04,0.026410014336388364
2015-11-05,-0.06278747879476287
2015-11-06,-0.03042798107491263
2015-11-07,0.03225153295199562
2015-11-08,-0.03441215190160577
2015-11-09,0.019518826115376166
2015-11-10,-0.12458482385224807
2015-11-11,-0.08238106910246563
2015-11-12,0.08377267383423234
2015-11-13,-0.0033514969157381193
2015-11-14,-0.01066086007322405
2015-11-15,-0.03925550503806655
2015-11-16,0.03285008957159159
2015-11-17,0.013680674855351224
2015-11-18,-0.0016313861277760184
2015-11-19,-0.02597819073752431
2015-11-20,-0.013264242161552095
2015-11-21,0.015676307396601367
2015-11-22,-0.007524710302317146
2015-11-23,-0.00497240141250992
2015-11-24,-0.009415236659667918
2015-11-25,0.02383989983489552
2015-11-26,0.07447242493625754
2015-11-27,0.016445277342178925
2015-11-28,-0.0013856015668210198
2015-11-29,0.03878083251826161
2015-11-30,0.018121551053430607
2015-12-01,-0.04014429627202509
2015-12-02,-0.009472474037967566
2015-12-03,0.004414977950140616
2015-12-04,0.003477473911187222
2015-12-05,0.0684453493561818
2015-12-06,-0.00036018573842964605
2015-12-07,0.015932452843889913
2015-12-08,0.045724508163927785
2015-12-09,-0.0036937966500106235
2015-12-10,-0.0047041008626680595
2015-12-11,0.08858924202025387
2015-12-12,-0.03967657250986129
2015-12-13,-0.004335470697565109
2015-12-14,0.0310473365942525
2015-12-15,0.05232844771049304
2015-12-16,-0.023490184356579916
2015-12-17,0.0028107533140968493
2015-12-18,0.018691133275395195
2015-12-19,-0.0024485483891398025
2015-12-20,-0.044069680427511033
2015-12-21,-0.009302098054700855
2015-12-22,-0.004433239552849291
2015-12-23,0.01388730835562593
2015-12-24,0.029128383188806155
2015-12-25,-0.0007900510812987342
2015-12-26,-0.09013812645276065
2015-12-27,0.012713106402581697
2015-12-28,-0.0015222568123703568
2015-12-29,0.02644184847738332
2015-12-30,-0.015397872060196074
2015-12-31,0.010365835510881325
2016-01-01,0.009513328097129528
2016-01-02,-0.0025397812833914965
2016-01-03,-0.008027462480071796
2016-01-04,0.007831015686199712
2016-01-05,-0.0027688656287287844
2016-01-06,-0.006970023149362936
2016-01-07,0.06788646348212041
2016-01-08,-0.01058149180940211
2016-01-09,-0.013643947640492341
2016-01-10,0.0013043212031372657
2016-01-11,0.0012510813293134114
2016-01-12,-0.03009836916937179
2016-01-13,-0.00808448833997257
2016-01-14,-0.00387822593172716
2016-01-15,-0.17058387429821956
2016-01-16,0.06466477261111765
2016-01-17,-0.015747589157802777
2016-01-18,0.013332174794151264
2016-01-19,-0.015895838397811026
2016-01-20,0.09947497778611662
2016-01-21,-0.024059442689535585
2016-01-22,-0.07232269289715784
2016-01-23,0.013907303594872538
2016-01-24,0.040024710611872204
2016-01-25,-0.029341606559210236
2016-01-26,-0.00387626716697534
2016-01-27,-0.0015984936255001136
2016-01-28,-0.03524509366446558
2016-01-29,-0.00499649925359772
2016-01-30,-0.000972025740775178
2016-01-31,-0.02588006081534268
2016-02-01,0.011785074876677374
2016-02-02,0.0029532259576650326
2016-02-03,-0.013456254105782509
2016-02-04,0.05347221986800066
2016-02-05,-0.01017519289649509
2016-02-06,-0.03143890325664165
2016-02-07,-0.0016913404464108527
2016-02-08,-0.007191231560636072
2016-02-09,0.008419602603993137
2016-02-10,0.01519834922447601
2016-02-11,-0.005002038820731827
2016-02-12,0.010234233860772098
2016-02-13,0.019896744677467364
2016-02-14,0.03845439899681246
2016-02-15,-0.019187499418087006
2016-02-16,0.02112303134044643
2016-02-17,0.024344115872471168
2016-02-18,0.01659179685277159
2016-02-19,-0.00573095470331024
2016-02-20,0.03967763587582768
2016-02-21,0.004126207371702692
2016-02-22,-0.00278417955950859
2016-02-23,-0.04125983011675803
2016-02-24,0.009599182931011533
2016-02-25,-0.00030469735498258005
2016-02-26,0.018430949583528755
2016-02-27,0.0005408994412483451
2016-02-28,0.0025903773144485553
2016-02-29,0.01015800850186905
2016-03-01,-0.005913537841970073
2016-03-02,-0.02784809013799085
2016-03-03,-0.008039701127726036
2016-03-04,-0.02707702137703129
2016-03-05,-0.0262299665100616
2016-03-06,0.019411910147854643
2016-03-07,0.016675053244514272
2016-03-08,-0.0015524308936999303
2016-03-09,0.001039474579988333
2016-03-10,0.004672477533808878
2016-03-11,0.007965303321487264
2016-03-12,-0.024893764794202192
2016-03-13,0.007014297901114822
2016-03-14,0.007481939343974892
2016-03-15,0.0016389054995032573
2016-03-16,0.00015335893593672643
2016-03-17,0.009536478869069838
2016-03-18,-0.026599753673975816
2016-03-19,0.0025274380947564604
2016-03-20,0.008935121462300516
2016-03-21,-0.0021249239282079106
2016-03-22,0.01186438268661024
2016-03-23,-0.0019258714470427045
2016-03-24,-0.004081476635790473
2016-03-25,0.0014061533243940158
2016-03-26,0.0030353974012106736
2016-03-27,0.022774247501723844
2016-03-28,-0.004158847944729531
2016-03-29,-0.019886389906488174
2016-03-30,-0.0024260860031427734
2016-03-31,0.004588795580275023
2016-04-01,0.003282264328084157
2016-04-02,0.006818802816013384
2016-04-03,-0.00037192597097005864
2016-04-04,0.0018346084538948637
2016-04-05,0.007159936305753777
2016-04-06,-0.0005434164226729371
2016-04-07,0.0007043096569011258
2016-04-08,-0.005013545996437148
2016-04-09,0.00013634582942119675
2016-04-10,0.007984309757494016
2016-04-11,0.002000020240282018
2016-04-12,0.005981841401931989
2016-04-13,-0.002340394808924315
2016-04-14,-0.0012595401213375834
2016-04-15,0.013045878353553302
2016-04-16,0.0010277244533647477
2016-04-17,-0.008036542715236947
2016-04-18,0.000373567191481464
2016-04-19,0.016479474194323194
2016-04-20,0.013705672665361131
2016-04-21,0.018561512150035153
2016-04-22,-0.007789435313177984
2016-04-23,0.009746369423044292
2016-04-24,0.01812938323084431
2016-04-25,0.006185492440278699
2016-04-26,0.011682052788324333
2016-04-27,-0.047899303592749194
2016-04-28,0.010821065006131166
2016-04-29,0.013811052466194523
2016-04-30,-0.015579498136181988
2016-05-01,0.008208515308359395
2016-05-02,-0.016738414597729772
2016-05-03,0.013966596982125929
2016-05-04,-0.00732078614041648
2016-05-05,0.0038471308537378016
2016-05-06,0.02573723045631084
2016-05-07,-0.0032410201884184825
2016-05-08,0.000612386549630816
2016-05-09,0.004188590228638428
2016-05-10,-0.020563750985935485
2016-05-11,0.004347230844356133
2016-05-12,0.004947846095268733
2016-05-13,0.0018946677367019044
2016-05-14,-0.0005356466256571435
2016-05-15,0.00410821656594905
2016-05-16,-0.008062429929962561
2016-05-17,-0.0006891088233486864
2016-05-18,0.0019440679910495313
2016-05-19,-0.03704938743570657
2016-05-20,0.00882958061104156
2016-05-21,0.0007422647536218883
2016-05-22,-0.008918485188293211
2016-05-23,0.011717303959403395
2016-05-24,0.004730065335495048
2016-05-25,0.00955906841011847
2016-05-26,0.009369168599586926
2016-05-27,0.0435526388137067
2016-05-28,0.11857218775452676
2016-05-29,-0.007800229636100334
2016-05-30,0.014187343742604558
2016-05-31,-0.004001616928641911
2016-06-01,0.01014922509222642
2016-06-02,0.002397128007543488
2016-06-03,0.058774990744449945
2016-06-04,0.007002165145937011
2016-06-05,0.004395295184244622
2016-06-06,0.018526853315761142
2016-06-07,-0.015355629908426321
2016-06-08,0.009162808863310648
2016-06-09,-0.012864064535632477
2016-06-10,0.004800543974909327
2016-06-11,0.05133919518526801
2016-06-12,0.10744144030688617
2016-06-13,0.04809653989791472
2016-06-14,-0.03261821064151649
2016-06-15,0.013376529674133962
2016-06-16,0.1015913945081216
2016-06-17,-0.023292011114931923
2016-06-18,0.010533048555264884
2016-06-19,0.009566746871074654
2016-06-20,-0.035853430323976705
2016-06-21,-0.10197886091922909
2016-06-22,-0.11415157360823676
2016-06-23,0.04824671784921051
2016-06-24,0.0657731186856015
2016-06-25,-3.182073045398589e-05
2016-06-26,-0.05788205561681104
2016-06-27,0.04171055097021876
2016-06-28,-0.014954435526525369
2016-06-29,-0.011741319542869775
2016-06-30,0.053689333447010844
2016-07-01,0.004143160202665053
2016-07-02,0.04059944757682939
2016-07-03,-0.06745564496321182
2016-07-04,0.03646700324643938
2016-07-05,-0.018515476169395355
2016-07-06,0.010376404942504847
2016-07-07,-0.05643803347062457
2016-07-08,0.04034988860597595
2016-07-09,-0.02423415469976894
2016-07-10,-0.002431041060657306
2016-07-11,-0.00352936154095686
2016-07-12,0.027367804621135756
2016-07-13,-0.015979760369687828
2016-07-14,0.005822390143370909
2016-07-15,0.007058789159272237
2016-07-16,-0.0038955912481690603
2016-07-17,0.02942333954316112
2016-07-18,-0.009545775501956486
2016-07-19,8.642416315451164e-05
2016-07-20,-0.011149603758165198
2016-07-21,-0.001465994474372391
2016-07-22,-0.02246385573548825
2016-07-23,0.007029638700528663
2016-07-24,0.009585486031139682
2016-07-25,-0.011061832765776906
2016-07-26,-0.0019650225360313715
2016-07-27,0.0041499003160728265
2016-07-28,0.000950847863574593
2016-07-29,0.0019743546733516507
2016-07-30,-0.003243130651075444
2016-07-31,-0.04903725565405501
2016-08-01,-0.030726651234447126
2016-08-02,-0.10434566354734427
2016-08-03,0.03519621854814484
2016-08-04,0.019924339519305362
2016-08-05,-0.008736094410243781
2016-08-06,0.02269084478134961
2016-08-07,0.00934567069338884
2016-08-08,-0.002633083069424036
2016-08-09,-0.006428011216984892
2016-08-10,0.007781750384348416
2016-08-11,-0.005565881183551411
2016-08-12,-0.004789374845542456
2016-08-13,-0.0029478109176408088
2016-08-14,-0.028514211129891987
2016-08-15,-0.004654085783381689
2016-08-16,0.018353426492837405
2016-08-17,-0.007018362703541148
2016-08-18,0.0012969547280200539
2016-08-19,0.0027297752490541877
2016-08-20,0.011416266673641155
2016-08-21,-0.0007784709509837229
2016-08-22,0.009651161132279863
2016-08-23,-0.006524410561670456
2016-08-24,-0.006271751424081469
2016-08-25,-0.00387107080192594
2016-08-26,0.0036497635764941192
2016-08-27,-0.017123166629069864
2016-08-28,0.0075753742145287725
2016-08-29,-0.000256513381119234
2016-08-30,0.006056669953442665
2016-08-31,-0.003378566638667551
2016-09-01,-0.004860962195831302
2016-09-02,0.006074640320465286
2016-09-03,0.04106960906588961
2016-09-04,0.017932731570534665
2016-09-05,-0.003678305667216142
2016-09-06,0.007192999888830715
2016-09-07,0.006876551999330787
2016-09-08,0.01955337584780418
2016-09-09,-0.0053420927440038235
2016-09-10,0.0005704362758174682
2016-09-11,-0.027744466227072884
2016-09-12,0.0018686100709452665
2016-09-13,0.0013269820297244239
2016-09-14,0.0021929958987660834
2016-09-15,-0.013938685940314758
2016-09-16,0.0028227039478131446
2016-09-17,2.581687271406309e-05
2016-09-18,0.006415176952243168
2016-09-19,0.000275417282867174
2016-09-20,-0.0009905310733859826
2016-09-21,-0.020070497975455882
2016-09-22,-0.0010228877754273954
2016-09-23,0.010063147366230114
2016-09-24,-0.0008344594079866644
2016-09-25,-0.004908176181562571
2016-09-26,0.012402950696652865
2016-09-27,-0.004157485865969909
2016-09-28,-0.005126702827860184
2016-09-29,0.0018702431612072062
2016-09-30,0.007047553875727097
2016-10-01,0.0100568496148118
2016-10-02,-0.0052270764933045775
2016-10-03,0.0025886070908162744
2016-10-04,-0.0027616866653677125
2016-10-05,0.005307227954549327
2016-10-06,0.0010120999362246384
2016-10-07,0.007102452957582469
2016-10-08,0.0037515245076956715
2016-10-09,-0.004604538248703847
2016-10-10,0.00228231864031823
2016-10-11,0.03613505045015677
2016-10-12,-0.006726560681149888
2016-10-13,0.00017059467927733722
2016-10-14,0.0035228721548750406
2016-10-15,-0.00071309655709471
2016-10-16,0.004994454160230141
2016-10-17,-0.004876029256421799
2016-10-18,-0.002102905585800332
2016-10-19,-0.01241558764300346
2016-10-20,-0.001062938104151642
2016-10-21,0.0029277577800541758
2016-10-22,0.04037723030989977
2016-10-23,-0.001677015038277236
2016-10-24,-0.003905283999202333
2016-10-25,0.007018264489048883
2016-10-26,0.033008500235048956
2016-10-27,0.01626648905661464
2016-10-28,0.004060010162478292
2016-10-29,0.03839199009769105
2016-10-30,-0.020035048596422595
2016-10-31,-0.0010458490666903693
2016-11-01,0.04278008100088878
2016-11-02,0.015134975066312619
2016-11-03,-0.07541915573781063
2016-11-04,0.021348817808331914
2016-11-05,-9.061791772493747e-05
2016-11-06,0.011908769459855062
2016-11-07,-0.01244638307096459
2016-11-08,0.009908846018324502
2016-11-09,0.020176634280155484
2016-11-10,-0.011379593007646195
2016-11-11,0.0014232245603413198
2016-11-12,-0.016383699039019692
2016-11-13,-0.005835350561393271
2016-11-14,0.004979618788151985
2016-11-15,0.010532522551725617
2016-11-16,0.047049526145754625
2016-11-17,-0.0037569093123662406
2016-11-18,0.015075676798206102
2016-11-19,0.0002742226118957766
2016-11-20,-0.0285554059095295
2016-11-21,0.011653109199075827
2016-11-22,0.01737696902599897
2016-11-23,-0.008236417896550979
2016-11-24,-0.005891565966958691
2016-11-25,0.0021066193105706383
2016-11-26,-0.010164505827277168
2016-11-27,-0.003900420154564419
2016-11-28,0.005620702823540189
2016-11-29,0.0005615373629377573
2016-11-30,0.01431483726331153
2016-12-01,0.015612755079220542
2016-12-02,0.02899813609145863
2016-12-03,-0.009145814647758715
2016-12-04,0.0043140314152957295
2016-12-05,-0.01862470897355683
2016-12-06,0.00690790154022324
2016-12-07,0.004253509044750188
2016-12-08,0.0026887668888798616
2016-12-09,0.0024382423238759185
2016-12-10,0.003493586972731778
2016-12-11,-0.006690942357621675
2016-12-12,0.013918523708250101
2016-12-13,0.0005747768464058948
2016-12-14,0.0012267912800049193
2016-12-15,-0.004353811424090201
2016-12-16,0.008120877136509441
2016-12-17,0.008261356666440359
2016-12-18,-0.0006090453506694777
2016-12-19,0.0028791992413656105
2016-12-20,0.011051038322841562
2016-12-21,0.042455383984493326
2016-12-22,0.03711531520628809
2016-12-23,0.06394252487081019
2016-12-24,-0.026432257520718407
2016-12-25,-0.0024660370667653666
2016-12-26,0.013360191079013794
2016-12-27,0.028793639572742762
2016-12-28,0.046146115612825306
2016-12-29,-0.003572757220756715
2016-12-30,-0.01277177548800212
2016-12-31,0.0029510886626314477
2017-01-01,0.03619003705064933
2017-01-02,0.023734010457385372
2017-01-03,0.02149254511303147
2017-01-04,0.10179994036181207
2017-01-05,-0.13197106557449872
2017-01-06,-0.11819235424127382
2017-01-07,0.006656760739075376
2017-01-08,0.0030786964682414813
2017-01-09,-0.010275086052851667
2017-01-10,0.003278995812508105
2017-01-11,-0.1567115832005782
2017-01-12,0.03433864570883838
2017-01-13,0.024159161365420984
2017-01-14,-0.007979392150214353
2017-01-15,0.004134491593059002
2017-01-16,0.011745431124852811
2017-01-17,0.09079788272554046
2017-01-18,-0.024059375113708235
2017-01-19,0.013031010272761616
2017-01-20,-0.0038963108281238213
2017-01-21,0.03062481902783258
2017-01-22,0.0034037468697883403
2017-01-23,-0.004196496511936721
2017-01-24,-0.03124824636141392
2017-01-25,0.01006313457702234
2017-01-26,0.01734286013500022
2017-01-27,0.0028515229600879844
2017-01-28,0.002101289000880669
2017-01-29,-0.0029822287735642153
2017-01-30,0.00017516286805543835
2017-01-31,0.05485092887055432
2017-02-01,0.019560802568970317
2017-02-02,0.02341912880965821
2017-02-03,0.017731933151642804
2017-02-04,0.012922783169663502
2017-02-05,-0.015111314425603766
2017-02-06,0.010587849054163958
2017-02-07,0.022880717677931907
2017-02-08,0.0015232528821233994
2017-02-09,-0.06798229877172031
2017-02-10,-0.006063655807244032
2017-02-11,0.01592815355346763
2017-02-12,-0.005508829017088117
2017-02-13,-0.008915592422096821
2017-02-14,0.013294431589330287
2017-02-15,0.0029452339298806354
2017-02-16,0.0204443253246603
2017-02-17,0.018998985213397695
2017-02-18,0.008479512041648419
2017-02-19,-0.007355448547487762
2017-02-20,0.031717051343681316
2017-02-21,0.03389520813961938
2017-02-22,0.0016525131675870252
2017-02-23,0.043047250182822405
2017-02-24,0.00659895181035485
2017-02-25,-0.026432187991300135
2017-02-26,0.01847915888948335
2017-02-27,0.013026285092380022
2017-02-28,-0.0011123175813235948
2017-03-01,0.033865312178177
2017-03-02,0.022626785634282963
2017-03-03,0.017460901635070393
2017-03-04,-0.015114906313345628
2017-03-05,0.010436399496909506
2017-03-06,0.003448813516156947
2017-03-07,-0.04122326470220402
2017-03-08,-0.06284444417971222
2017-03-09,0.0309929054672903
2017-03-10,-0.06395551714742104
2017-03-11,0.04630718457483217
2017-03-12,0.03803341749619086
2017-03-13,0.007789279569798228
2017-03-14,0.003439069879605818
2017-03-15,0.005465542877276859
2017-03-16,-0.05231473514204222
2017-03-17,-0.08221004655364071
2017-03-18,-0.1330110856038945
2017-03-19,0.06605364002160082
2017-03-20,0.019469031240423155
2017-03-21,0.06613977544755946
2017-03-22,-0.0719619612777211
2017-03-23,-0.017660002409437162
2017-03-24,-0.10826393788619854
2017-03-25,0.04342418193077864
2017-03-26,-0.00712182051333551
2017-03-27,0.08620108794827272
2017-03-28,0.00041230454482944296
2017-03-29,-0.007725943348199451
2017-03-30,-0.026994822594434222
2017-03-31,0.03364118804310233
2017-04-01,0.008045094519729228
2017-04-02,-0.05036541589760418
2017-04-03,0.0897477302230882
2017-04-04,-0.020919345956991048
2017-04-05,-0.013331687574402656
2017-04-06,0.06564122292195756
2017-04-07,-0.009335548536251391
2017-04-08,-0.0023839367604575577
2017-04-09,0.018507126424036718
2017-04-10,-0.0002980601550437718
2017-04-11,0.018379806565757772
2017-04-12,-0.013661134840063505
2017-04-13,-0.029091825266246055
2017-04-14,-0.000610005641350712
2017-04-15,0.002073814270839473
2017-04-16,0.010322949166477007
2017-04-17,0.010307826010115108
2017-04-18,0.017919772001890884
2017-04-19,0.005397326002949198
2017-04-20,0.0158343988509019
2017-04-21,-0.013036426011862234
2017-04-22,0.006097983706778842
2017-04-23,-0.02313809500485455
2017-04-24,0.03542099592629554
2017-04-25,0.011310916075143243
2017-04-26,0.01293647621653989
2017-04-27,0.026661154004510565
2017-04-28,-0.01617887346889825
2017-04-29,-0.015200081142412876
2017-04-30,0.025018810741202355
2017-05-01,0.05651480349088593
2017-05-02,0.027038598601950993
2017-05-03,0.009566910313692424
2017-05-04,0.006804793777441903
2017-05-05,-0.011203621200356994
2017-05-06,0.002845932428905078
2017-05-07,-0.03768744328629231
2017-05-08,0.037576238623046945
2017-05-09,0.05810944625216691
2017-05-10,-0.0011999933566042855
2017-05-11,0.04499854485293524
2017-05-12,-0.1045026717990853
2017-05-13,0.04689609200345423
2017-05-14,-0.0033536446008661878
2017-05-15,-0.09345142822372932
2017-05-16,-0.07123026679039918
2017-05-17,0.03947433919478914
2017-05-18,0.052838648264517125
2017-05-19,0.0970211955032833
2017-05-20,0.04222386260378656
2017-05-21,-0.018868724044118615
2017-05-22,0.0947737710290938
2017-05-23,0.07077079065431509
2017-05-24,0.082256636362631
2017-05-25,-0.02596757281722221
2017-05-26,-0.067262594195699
2017-05-27,-0.045155619725935556
2017-05-28,0.0522401885515303
2017-05-29,0.05066842177423281
2017-05-30,-0.022199476549078962
2017-05-31,0.02452916062045134
2017-06-01,-0.004041282034270823
2017-06-02,0.05946554125742232
2017-06-03,0.017495887708257874
2017-06-04,-0.005967287535706241
2017-06-05,0.08300955124058824
2017-06-06,0.084805350284045
2017-06-07,-0.051025924726752485
2017-06-08,0.022909606739655936
2017-06-09,0.011232174258672388
2017-06-10,0.07033676884810804
2017-06-11,-0.009255668213664336
2017-06-12,-0.11236829332911419
2017-06-13,0.013486717602129846
2017-06-14,-0.10343297472214608
2017-06-15,-0.00742468242768072
2017-06-16,0.019177799397376658
2017-06-17,0.05062780682849128
2017-06-18,-0.06295061595309162
2017-06-19,0.008007636140359594
2017-06-20,0.0494716506755564
2017-06-21,0.0033102291108851037
2017-06-22,0.00647642444265834
2017-06-23,0.0020708947040305107
2017-06-24,-0.055520199432416206
2017-06-25,0.0014410029796717938
2017-06-26,-0.03612395285537661
2017-06-27,0.03708145334710548
2017-06-28,0.004336431372735997
2017-06-29,-0.004037808516588567
2017-06-30,-0.026699440605272136
2017-07-01,-0.013667416751251783
2017-07-02,0.03004543970176038
2017-07-03,0.022479808007485346
2017-07-04,0.013557127854223954
2017-07-05,-0.0018986751900732688
2017-07-06,0.005926117824575374
2017-07-07,-0.02551703802884694
2017-07-08,0.021217560323854613
2017-07-09,-0.0191258346438738
2017-07-10,-0.043599394797410575
2017-07-11,-0.0009331831214140203
2017-07-12,0.00950636513117821
2017-07-13,-0.013473021150011822
2017-07-14,-0.05285208640704092
2017-07-15,-0.1111625814311954
2017-07-16,-0.02263485003717625
2017-07-17,0.1427488840981148
2017-07-18,0.03645475023755642
2017-07-19,-0.0035071658874731375
2017-07-20,0.23368504386116593
2017-07-21,-0.062089741089582325
2017-07-22,0.051802986667587994
2017-07-23,-0.03309352074480145
2017-07-24,0.010755939023015155
2017-07-25,-0.0655549357895944
2017-07-26,-0.019177404723927104
2017-07-27,0.06584009157628576
2017-07-28,0.06771435879621515
2017-07-29,-0.03870106189859233
2017-07-30,0.01918924907572746
2017-07-31,0.04523713070587116
2017-08-01,-0.0755878555239465
2017-08-02,-0.00030962565290976093
2017-08-03,0.03851818446414989
2017-08-04,0.03820691077451092
2017-08-05,0.12625631317617533
2017-08-06,-0.009171006679594354
2017-08-07,0.0580435584378166
2017-08-08,0.0038883142128687052
2017-08-09,-0.020635167017290203
2017-08-10,0.016797717741450856
2017-08-11,0.08885695827819441
2017-08-12,0.07548036801110047
2017-08-13,0.05845984152499498
2017-08-14,0.0677211748685838
2017-08-15,-0.03342475064242739
2017-08-16,0.048966032604137594
2017-08-17,-0.010407435670819525
2017-08-18,-0.047193622336691124
2017-08-19,0.006770624417372404
2017-08-20,-0.03286605000629971
2017-08-21,-0.04013388520084446
2017-08-22,0.005551928737682551
2017-08-23,0.006891456340329831
2017-08-24,0.06269078050392346
2017-08-25,0.009643474500246167
2017-08-26,-0.009705669690341862
2017-08-27,0.00953585393687683
2017-08-28,-0.010167259343543294
2017-08-29,0.053006426239018994
2017-08-30,-0.0095544098551507
2017-08-31,0.01916347204282217
2017-09-01,0.03887523803919488
2017-09-02,-0.06143782387573885
2017-09-03,0.0008812535650511213
2017-09-04,-0.0700210818312554
2017-09-05,0.028406405084136433
2017-09-06,0.04581264998852942
2017-09-07,0.003191337540176969
2017-09-08,-0.08491208548063327
2017-09-09,0.0016730564437456065
2017-09-10,-0.02682597222636053
2017-09-11,0.00722367306010834
2017-09-12,-0.005391059647179895
2017-09-13,-0.06428412431383045
2017-09-14,-0.1992878096464693
2017-09-15,0.14498424178906683
2017-09-16,-0.003918864940814708
2017-09-17,-0.014802908630843785
2017-09-18,0.13365282177867552
2017-09-19,-0.035030082458801515
2017-09-20,-0.0054842949639591606
2017-09-21,-0.07376701312553666
2017-09-22,-0.0032842113532668567
2017-09-23,0.0465030171272337
2017-09-24,-0.030077128055010734
2017-09-25,0.06675526922821878
2017-09-26,-0.011749717114452761
2017-09-27,0.07625493089837707
2017-09-28,-0.0015418863898855842
2017-09-29,-0.00022979956051519327
2017-09-30,0.04412136006506915
2017-10-01,0.014499887776279908
2017-10-02,0.004668380772132279
2017-10-03,-0.022685292581408664
2017-10-04,-0.028896316148649428
2017-10-05,0.016913033598906918
2017-10-06,0.011216135586684066
2017-10-07,0.012045942245073328
2017-10-08,0.030992322975454106
2017-10-09,0.05508419079604822
2017-10-10,-0.002284394723529978
2017-10-11,0.008221173732333725
2017-10-12,0.1403993176106268
2017-10-13,0.035799079553979575
2017-10-14,0.03561797606268054
2017-10-15,-0.03318904749539307
2017-10-16,0.012975282931176895
2017-10-17,-0.012585677509969381
2017-10-18,0.0015116007414235138
2017-10-19,0.025175533603685955
2017-10-20,0.06024391777074906
2017-10-21,0.0052969820679710684
2017-10-22,-0.001576122220364343
2017-10-23,-0.011358733812993536
2017-10-24,-0.08492480465542214
2017-10-25,0.04579268594583835
2017-10-26,0.030599389122476832
2017-10-27,-0.0231624185719942
2017-10-28,-0.0050064575596327505
2017-10-29,0.0738494966550735
2017-10-30,-0.004650051089184167
2017-10-31,0.06103937444110167
2017-11-01,0.054125519043701144
2017-11-02,0.046482063751226904
2017-11-03,0.0179666188491413
2017-11-04,0.027491601116269006
2017-11-05,0.004945485471805058
2017-11-06,-0.06022179137509601
2017-11-07,0.014190933145936372
2017-11-08,0.043224763705938724
2017-11-09,-0.049707695325015365
2017-11-10,-0.07879348225478544
2017-11-11,-0.048414750893740414
2017-11-12,-0.07851034591740559
2017-11-13,0.11146622549617922
2017-11-14,0.01025992053184012
2017-11-15,0.10744114529819465
2017-11-16,0.07532824808135945
2017-11-17,-0.022001409985138904
2017-11-18,0.008671602367528836
2017-11-19,0.033858450113712205
2017-11-20,0.018329441930733086
2017-11-21,-0.01617758464030924
2017-11-22,0.018542241257929956
2017-11-23,-0.03031428349674624
2017-11-24,0.026776970555256924
2017-11-25,0.06155277296997846
2017-11-26,0.06823578123856984
2017-11-27,0.05227408963560258
2017-11-28,0.016672351889227804
2017-11-29,-0.005306218381160794
2017-11-30,0.031300226727253834
2017-12-01,0.07244231356715647
2017-12-02,0.008850847028459004
2017-12-03,0.02460056963074959
2017-12-04,0.02969224717202062
2017-12-05,0.024768097416790934
2017-12-06,0.20167970139309221
2017-12-07,0.24426243347865886
2017-12-08,-0.0920951792626076
2017-12-09,-0.09922403631367499
2017-12-10,0.02329399853772039
2017-12-11,0.08401826591307775
2017-12-12,-0.004153422767019603
2017-12-13,-0.07595371352712803
2017-12-14,-0.03331640855335173
2017-12-15,0.08747600728568249
2017-12-16,0.10757870716789367
2017-12-17,-0.02352752304129034
2017-12-18,-0.014505576654150112
2017-12-19,-0.08450992456420707
2017-12-20,-0.07937983168228172
2017-12-21,-0.10673479728660955
2017-12-22,-0.14086613554198033
2017-12-23,0.060476486704697664
2017-12-24,-0.04744327768236901
2017-12-25,-5.872484387343774e-06
2017-12-26,0.15773354557010127
2017-12-27,-0.039555165759045476
2017-12-28,-0.09745496743802332
2017-12-29,-0.08346818534948863
2017-12-30,-0.14835718042336765
2017-12-31,0.09696374336081294
2018-01-01,-0.05717722207697584
2018-01-02,0.10631039278659324
2018-01-03,-0.041331004587104266
2018-01-04,0.02578029484076508
2018-01-05,0.16220658420294148
2018-01-06,-0.005649179298704141
2018-01-07,-0.10794262645299586
2018-01-08,-0.01536656389260374
2018-01-09,-0.01153045872337808
2018-01-10,0.04658125814118266
2018-01-11,-0.13326716446900808
2018-01-12,0.04040224032665729
2018-01-13,0.03269710890327084
2018-01-14,-0.029580883778701463
2018-01-15,0.030108475434393833
2018-01-16,-0.1490938795463934
2018-01-17,-0.053557553064100795
2018-01-18,-0.012947393816501429
2018-01-19,0.02094950180245317
2018-01-20,0.12518713596104944
2018-01-21,-0.09950131150721403
2018-01-22,-0.06847585412666557
2018-01-23,-0.00343470142444593
2018-01-24,0.03447648483715276
2018-01-25,0.012282201080838715
2018-01-26,0.005851923460196732
2018-01-27,0.028356747784719714
2018-01-28,0.0074103589124828
2018-01-29,-0.03856327167033749
2018-01-30,-0.10323601114645792
2018-01-31,0.010089077658201098
2018-02-01,-0.09247447835995673
2018-02-02,-0.02758180296839122
2018-02-03,0.0299215658651984
2018-02-04,-0.09867031043602022
2018-02-05,-0.17468852486434447
2018-02-06,0.10484040299036168
2018-02-07,-0.007399805375951257
2018-02-08,0.07581886155698658
2018-02-09,0.03312878647742348
2018-02-10,-0.03671790630857165
2018-02-11,-0.05773648051748192
2018-02-12,0.09839021850737313
2018-02-13,-0.035842202716191866
2018-02-14,0.08809131842960159
2018-02-15,0.08185743024284602
2018-02-16,0.008717553101750044
2018-02-17,0.09225252979547216
2018-02-18,-0.046457279757847275
2018-02-19,0.07077398717839949
2018-02-20,0.027187942874875123
2018-02-21,-0.0632749934389813
2018-02-22,-0.06381078157838117
2018-02-23,0.022354688778289254
2018-02-24,-0.05138600633330815
2018-02-25,-0.019374931424984407
2018-02-26,0.08354281158979655
2018-02-27,0.044854963010415076
2018-02-28,-0.0262978267074855
2018-03-01,0.0565532201406141
2018-03-02,0.018120992119470717
2018-03-03,0.04422408992433333
2018-03-04,-0.013914247372127816
2018-03-05,0.014591709345125086
2018-03-06,-0.0757746371252955
2018-03-07,-0.08181366093595546
2018-03-08,-0.060603477108354474
2018-03-09,-0.014862382857637389
2018-03-10,-0.05017762439911431
2018-03-11,0.08335288352144088
2018-03-12,-0.03920315524498758
2018-03-13,0.0019143880252535303
2018-03-14,-0.10467505402875181
2018-03-15,0.00514439476414421
2018-03-16,0.0067467841858920245
2018-03-17,-0.04587362579055387
2018-03-18,0.04099016319571558
2018-03-19,0.036189721571519326
2018-03-20,0.04392409719347563
2018-03-21,0.005304598140803848
2018-03-22,-0.018617166084444213
2018-03-23,0.02322100754036912
2018-03-24,-0.026145718411216084
2018-03-25,-0.02406085066642857
2018-03-26,-0.02742867508092966
2018-03-27,-0.04536704607943388
2018-03-28,0.019736677885211433
2018-03-29,-0.1010587117534904
2018-03-30,-0.04674842906116392
2018-03-31,0.014520633753954642
2018-04-01,-0.013705815927363548
2018-04-02,0.03381547483718938
2018-04-03,0.039795191474853345
2018-04-04,-0.07870045833826675
2018-04-05,-0.006165489997141587
2018-04-06,-0.022637811719647162
2018-04-07,0.043330743656793784
2018-04-08,0.014632347272072254
2018-04-09,-0.039800981043616165
2018-04-10,0.010893350846806465
2018-04-11,0.007999011712140172
2018-04-12,0.121306443250241
2018-04-13,-6.9675884707246e-05
2018-04-14,0.014434426154145825
2018-04-15,0.03607130921384559
2018-04-16,-0.033595323240019334
2018-04-17,-0.02419826580848457
2018-04-18,0.02231560241880288
2018-04-19,-0.0009978453298535267
2018-04-20,0.04924100137550295
2018-04-21,0.020013389539347098
2018-04-22,-0.012767822552896007
2018-04-23,0.013709481050977664
2018-04-24,0.08580657977582891
2018-04-25,-0.07844709029271865
2018-04-26,0.043851033420106385
2018-04-27,-0.02910753000618186
2018-04-28,0.03598099295888321
2018-04-29,0.007131481295965575
2018-04-30,-0.014504668386935168
2018-05-01,-0.017378882790962072
2018-05-02,0.010820528008530688
2018-05-03,0.05742650029478524
2018-05-04,-0.00845761149017692
2018-05-05,0.015423306928395188
2018-05-06,-0.016994172385274495
2018-05-07,-0.02597087937023327
2018-05-08,-0.012986773586390494
2018-05-09,0.014944338190502896
2018-05-10,-0.025340330750183652
2018-05-11,-0.06273423908595332
2018-05-12,0.004398070105132256
2018-05-13,0.018993961139411635
2018-05-14,0.005671264651309017
2018-05-15,-0.025032131548810392
2018-05-16,-0.022317596521523604
2018-05-17,-0.0267808315939056
2018-05-18,0.018779087890232735
2018-05-19,0.0006278747574848272
2018-05-20,0.031138851451664985
2018-05-21,-0.007068683993343446
2018-05-22,-0.044125070892492145
2018-05-23,-0.05975393822572061
2018-05-24,-0.004435207754259571
2018-05-25,-0.0110710712009707
2018-05-26,-0.019303882150362977
2018-05-27,0.003698112078529695
2018-05-28,-0.02066256066711067
2018-05-29,0.03891149489202678
2018-05-30,-0.010382006227267525
2018-05-31,0.012095207375750518
2018-06-01,0.003863644638812601
2018-06-02,0.00979167407687589
2018-06-03,0.004325463268708798
2018-06-04,-0.027723468801282083
2018-06-05,0.014767735654835797
2018-06-06,0.003995082708436386
2018-06-07,0.0031258261975035855
2018-06-08,-0.007023964606091881
2018-06-09,-0.01013471170344745
2018-06-10,-0.10275131825066412
2018-06-11,0.016936816734072997
2018-06-12,-0.043676630051003806
2018-06-13,-0.03152290010682746
2018-06-14,0.048555288944708605
2018-06-15,-0.03125794291864177
2018-06-16,0.017365303568607545
2018-06-17,-0.007001409269763966
2018-06-18,0.03897500532640773
2018-06-19,0.003299324148764039
2018-06-20,0.004127354510743437
2018-06-21,-0.006397740808369758
2018-06-22,-0.10066161138518342
2018-06-23,0.014925296705766505
2018-06-24,0.0077745494952871025
2018-06-25,0.01251097249353326
2018-06-26,-0.019394713399883936
2018-06-27,0.006304152348271595
2018-06-28,-0.04133888752927188
2018-06-29,0.058077263679586336
2018-06-30,0.03158856929733204
2018-07-01,-0.0037078954189174096
2018-07-02,0.028951279086198402
2018-07-03,-0.007063320730675051
2018-07-04,0.006896839096688177
2018-07-05,0.010363879740305242
2018-07-06,0.005859071305564736
2018-07-07,0.027751228843078745
2018-07-08,-0.008950685346308955
2018-07-09,-0.003689992754384322
2018-07-10,-0.06255183831329147
2018-07-11,0.009233840632085636
2018-07-12,-0.02528675626954702
2018-07-13,0.0002950840822571408
2018-07-14,0.006974365419222793
2018-07-15,0.011998706420588551
2018-07-16,0.05471049631980964
2018-07-17,0.08779642736656522
2018-07-18,0.014274560166464159
2018-07-19,0.017185577156714125
2018-07-20,-0.00730304049176444
2018-07-21,0.0070717522751132435
2018-07-22,0.0020044311313815277
2018-07-23,0.04664417693180478
2018-07-24,0.09630477221116918
2018-07-25,-0.032924737184459894
2018-07-26,-0.029226813351145724
2018-07-27,0.029327735398331167
2018-07-28,0.004335388916141435
2018-07-29,0.003936953557399527
2018-07-30,-0.00320336642804972
2018-07-31,-0.05231943911135092
2018-08-01,-0.025364441206551888
2018-08-02,-0.0032602403199335976
2018-08-03,-0.02300727130043916
2018-08-04,-0.059229774907648455
2018-08-05,0.0034436632448385167
2018-08-06,-0.013229143464714517
2018-08-07,-0.021013274959236827
2018-08-08,-0.06018569623412208
2018-08-09,0.04048315420616531
2018-08-10,-0.057484834209545324
2018-08-11,0.026905511266313346
2018-08-12,0.005277829698520846
2018-08-13,0.004786740658075779
2018-08-14,-0.014457678329793352
2018-08-15,0.01601659181083812
2018-08-16,0.0011421641666004012
2018-08-17,0.016374793613417017
2018-08-18,-0.012374243258863547
2018-08-19,0.009110473080972478
2018-08-20,-0.025108153816997127
2018-08-21,0.026300986387685382
2018-08-22,-0.014502830903215061
2018-08-23,0.02398016405255071
2018-08-24,0.03045805579072932
2018-08-25,0.007947336721136528
2018-08-26,-0.007698266754080537
2018-08-27,0.021787549501831878
2018-08-28,0.028102927835412773
2018-08-29,-0.005110456433897471
2018-08-30,-0.008165251110770651
2018-08-31,0.0067737321164731915
2018-09-01,0.01682807115163432
2018-09-02,0.015752915669514766
2018-09-03,-0.0006519468996126249
2018-09-04,0.015953738451625794
2018-09-05,-0.06990233367058685
2018-09-06,-0.05000453172283273
2018-09-07,-0.007942227941478777
2018-09-08,-0.03806671424615981
2018-09-09,0.012429501097064139
2018-09-10,0.006389532380401301
2018-09-11,0.0030804488693173073
2018-09-12,0.004654401211008241
2018-09-13,0.02304263894416259
2018-09-14,-0.0005129353013512908
2018-09-15,0.0037265229408905546
2018-09-16,-0.004829268984978167
2018-09-17,-0.03605077510731928
2018-09-18,-0.00031963034765600365
2018-09-19,0.00377735929992021
2018-09-20,-0.016789621626969634
2018-09-21,0.004561079690275895
2018-09-22,-0.004741368176199596
2018-09-23,-0.0016414837258831357
2018-09-24,0.0022960395148149244
2018-09-25,-0.03597751581640632
2018-09-26,0.01225643211040484
2018-09-27,0.02261911005223436
2018-09-28,-0.003599393757529813
2018-09-29,-0.01727528628866522
2018-09-30,0.0016950783677181379
2018-10-01,-0.004743467681678648
2018-10-02,0.00988178803613079
2018-10-03,-0.011032217466253852
2018-10-04,0.014065702105751648
2018-10-05,0.01005988839914204
2018-10-06,0.0033671540669084304
2018-10-07,0.004188452041830829
2018-10-08,0.005434203190843515
2018-10-09,0.001876399979460525
2018-10-10,-0.004490207937483677
2018-10-11,-0.03107403302138327
2018-10-12,-0.009434001691791712
2018-10-13,0.00174999805819649
2018-10-14,0.0071239559814377275
2018-10-15,0.040540634031402095
2018-10-16,-0.005809032800605934
2018-10-17,-0.008175051709017899
2018-10-18,-0.00819236039481536
2018-10-19,-0.0011780185439045608
2018-10-20,0.0025360823138872004
2018-10-21,-7.935036703824769e-05
2018-10-22,0.002344345215315143
2018-10-23,-0.004695034564882076
2018-10-24,0.005303990227334408
2018-10-25,-0.004162799113506513
2018-10-26,-0.0010559004369594303
2018-10-27,0.002925444706755684
2018-10-28,-0.0018404932006379359
2018-10-29,-0.019892486851857044
2018-10-30,-0.0009680497404141929
2018-10-31,-0.004014360983770396
2018-11-01,0.008462087775961611
2018-11-02,0.0004959975423585641
2018-11-03,-0.0039047988807873594
2018-11-04,-0.0009467978850980368
2018-11-05,-0.0018388224176316362
2018-11-06,-0.008897140927757334
2018-11-07,0.01593898591025717
2018-11-08,0.0006831008509525795
2018-11-09,-0.01400211591987265
2018-11-10,0.0022292200788044687
2018-11-11,0.0013420785315834509
2018-11-12,-0.010529114661401249
2018-11-13,0.0005292872190767673
2018-11-14,-0.10669032693601911
2018-11-15,-0.021144977732854054
2018-11-16,-0.011324273009904568
2018-11-17,-0.010378752905986397
2018-11-18,0.008248378253566693
2018-11-19,-0.1577436030688993
2018-11-20,-0.08835959232536539
2018-11-21,0.03279197484694331
2018-11-22,-0.05246893518099523
2018-11-23,0.0027570498245924535
2018-11-24,-0.12043933735866692
2018-11-25,0.03995393164477929
2018-11-26,-0.061080940175403886
2018-11-27,0.009591441043682076
2018-11-28,0.11284560582421332
2018-11-29,0.01229948015467618
2018-11-30,-0.0666842364045963
2018-12-01,0.05057270968363261
2018-12-02,-0.01843711907973561
2018-12-03,-0.06212757393819955
2018-12-04,0.01746377069366802
2018-12-05,-0.054000651799445215
2018-12-06,-0.05883578494985521
2018-12-07,-0.03206332976238262
2018-12-08,0.016763341592702454
2018-12-09,0.04171909691701933
2018-12-10,-0.03021877897063342
2018-12-11,-0.024455352530712755
2018-12-12,0.017619147691183137
2018-12-13,-0.05571103607385737
2018-12-14,-0.01916410602594503
2018-12-15,-0.001099791503231876
2018-12-16,0.0031421830884225746
2018-12-17,0.07754052549252526
2018-12-18,0.03763993729714278
2018-12-19,0.015396820028997628
2018-12-20,0.102230445701971
2018-12-21,-0.05933109337798147
2018-12-22,0.03306059710556323
2018-12-23,-0.010155129361976434
2018-12-24,0.007639593172205262
2018-12-25,-0.0657115201489596
2018-12-26,0.013444475338286048
2018-12-27,-0.04379910522648405
2018-12-28,0.06460387330827083
2018-12-29,-0.026789360221174077
2018-12-30,0.01286600891413744
2018-12-31,-0.02960034256463034
2019-01-01,0.02490384924303974
2019-01-02,0.02473893090643691
2019-01-03,-0.024812692362969922
2019-01-04,0.008118801426350611
2019-01-05,-0.004876855688248807
2019-01-06,0.06088660787476246
2019-01-07,-0.012184119273427775
2019-01-08,0.0004854070676909658
2019-01-09,-0.001751398608034522
2019-01-10,-0.08854406698717467
2019-01-11,0.0037427333902152605
2019-01-12,-0.006528032597601946
2019-01-13,-0.028339892654103634
2019-01-14,0.04056271791922597
2019-01-15,-0.020395868645950947
2019-01-16,0.006378578920158152
2019-01-17,0.007775871070937996
2019-01-18,-0.0036147609983438723
2019-01-19,0.018307611042705483
2019-01-20,-0.03521760456192842
2019-01-21,-0.008207273823045936
2019-01-22,0.00979993780887371
2019-01-23,-0.005174176569766183
2019-01-24,0.003901666582519688
2019-01-25,-0.00032538740201461946
2019-01-26,0.001846871181392676
2019-01-27,-0.0029255676401624352
2019-01-28,-0.02907062324926667
2019-01-29,-0.004909535339340321
2019-01-30,-0.004161295107243256
2019-01-31,-0.0037223808994117378
2019-02-01,0.01045359331884184
2019-02-02,0.008835067808063805
2019-02-03,-0.01479837634015817
2019-02-04,-0.0003794819023174069
2019-02-05,0.002866037608744072
2019-02-06,-0.012276624750985034
2019-02-07,-0.006004003961251427
2019-02-08,0.07155990180753564
2019-02-09,0.0006107854136510499
2019-02-10,0.005431644439847339
2019-02-11,-0.007852616722284824
2019-02-12,-0.0003074247445212862
2019-02-13,-0.004944765219846766
2019-02-14,-0.003348012800394558
2019-02-15,0.0005343284182895702
2019-02-16,0.002252972571421825
2019-02-17,0.01314907915788091
2019-02-18,0.06370819676430486
2019-02-19,0.008159089627495706
2019-02-20,0.008993818779105902
2019-02-21,-0.006280264492738732
2019-02-22,0.014372963262929042
2019-02-23,0.0335668549864439
2019-02-24,-0.07914988996502531
2019-02-25,0.007856070891905952
2019-02-26,-0.003848747137697147
2019-02-27,0.0016349855683966384
2019-02-28,0.0001416681316286024
2019-03-01,-0.000827393826453888
2019-03-02,0.0015090744392830817
2019-03-03,-0.0032659019522604544
2019-03-04,-0.023332584694371227
2019-03-05,0.033734020527773065
2019-03-06,-0.000354030816044916
2019-03-07,0.0023299039455199995
2019-03-08,-0.0005482557747563432
2019-03-09,0.016001762163937186
2019-03-10,-0.0025567317540293923
2019-03-11,-0.011928484824613703
2019-03-12,-0.0008108417458799478
2019-03-13,-0.001836307485541438
2019-03-14,0.005702076601339533
2019-03-15,0.008387916466060887
2019-03-16,0.021579392241030344
2019-03-17,-0.005189244244519458
2019-03-18,0.0030410438032652995
2019-03-19,0.010428510582465654
2019-03-20,0.003612068322172942
2019-03-21,-0.012674840096017572
2019-03-22,-0.001623838565082279
2019-03-23,0.0019059098076038257
2019-03-24,-0.0024543991845028625
2019-03-25,-0.013632043571782179
2019-03-26,0.00630012982061388
2019-03-27,0.024250666041429936
2019-03-28,-0.0031432139880883214
2019-03-29,0.009069337737122355
2019-03-30,0.0013790885505746886
2019-03-31,-0.0006105735567716984
2019-04-01,0.012713548672225659
2019-04-02,0.16412396895330694
2019-04-03,0.020403392979973466
2019-04-04,-0.0082414933569581
2019-04-05,0.013494227059751816
2019-04-06,0.006600548022331445
2019-04-07,0.030221663058203136
2019-04-08,0.022900567349586332
2019-04-09,-0.014093604456215079
2019-04-10,0.024229138186887104
2019-04-11,-0.04494545530516697
2019-04-12,0.008118013726641525
2019-04-13,0.002080429915875355
2019-04-14,0.012567784305454424
2019-04-15,-0.018212190480132215
2019-04-16,0.034827561830626394
2019-04-17,0.001652169802538816
2019-04-18,0.007819583283852266
2019-04-19,0.0031117466390946074
2019-04-20,0.008443039041387265
2019-04-21,0.0002700823121425389
2019-04-22,0.01806395787665974
2019-04-23,0.039056055921461136
2019-04-24,-0.014310313567188733
2019-04-25,-0.04868005433219753
2019-04-26,0.010745979909971228
2019-04-27,-0.0005298613286418857
2019-04-28,0.0038272149211135585
2019-04-29,-0.005763787326880235
2019-04-30,0.01329984617480531
2019-05-01,0.012978280929519798
2019-05-02,0.02231896223661256
2019-05-03,0.04887711446511855
2019-05-04,0.014615480891163126
2019-05-05,-0.005150209198920046
2019-05-06,-0.009124213752512505
2019-05-07,0.017572202689507946
2019-05-08,0.029540134786522704
2019-05-09,0.038272149602791516
2019-05-10,0.03482481969425866
2019-05-11,0.12527886178148537
2019-05-12,-0.031021898064519247
2019-05-13,0.12324538735254577
2019-05-14,0.002075886318937227
2019-05-15,0.013679049846421907
2019-05-16,-0.03437637963165816
2019-05-17,-0.06972469502124522
2019-05-18,-0.0074926379412914145
2019-05-19,0.12162427252910045
2019-05-20,-0.024524367425565123
2019-05-21,-0.002203182438123127
2019-05-22,-0.03412350866183813
2019-05-23,0.02808210086997337
2019-05-24,0.010134079771106808
2019-05-25,0.008111710822820029
2019-05-26,0.07615301016087735
2019-05-27,0.008874257125547796
2019-05-28,-0.013179262367574399
2019-05-29,-0.007328899917795232
2019-05-30,-0.038612263291847325
2019-05-31,0.028204329338093487
2019-06-01,0.0006403447920804375
2019-06-02,0.019740851240710944
2019-06-03,-0.06483244265649997
2019-06-04,-0.06358032425839708
2019-06-05,0.015961121523793774
2019-06-06,-0.0071543857729097745
2019-06-07,0.028891272940054703
2019-06-08,-0.011221566724602899
2019-06-09,-0.03088611573383015
2019-06-10,0.03742755667745067
2019-06-11,-0.0111754908273423
2019-06-12,0.02862773504764904
2019-06-13,0.013922988169066881
2019-06-14,0.061357700001309766
2019-06-15,0.01618432989834687
2019-06-16,0.015839796197709987
2019-06-17,0.037733136829133325
2019-06-18,-0.02573264195623301
2019-06-19,0.021390699790850294
2019-06-20,0.03289179591612364
2019-06-21,0.06748200619100014
2019-06-22,0.0535796102682153
2019-06-23,0.019010939516121636
2019-06-24,0.01597974966712489
2019-06-25,0.07730762250037396
2019-06-26,0.11267109482426398
2019-06-27,-0.15433054100931817
2019-06-28,0.11037802754876486
2019-06-29,-0.0472063617769681
2019-06-30,-0.10009275995879932
2019-07-01,-0.0266328659119567
2019-07-02,0.025343249389770384
2019-07-03,0.11112926392564053
2019-07-04,-0.0671361003386511
2019-07-05,-0.021731143550765743
2019-07-06,0.02142056009820243
2019-07-07,0.02145526086216225
2019-07-08,0.07671072292202392
2019-07-09,0.02763576256034404
2019-07-10,-0.02840879550429031
2019-07-11,-0.06655227860838536
2019-07-12,0.03994037232421738
2019-07-13,-0.036507987969661565
2019-07-14,-0.1062224161732028
2019-07-15,0.06417742962578965
2019-07-16,-0.14443030026871906
2019-07-17,0.017727901485590263
2019-07-18,0.09774254985259093
2019-07-19,-0.011571037218459604
2019-07-20,0.021031110845798243
2019-07-21,-0.016695580175695612
2019-07-22,-0.02364936146739331
2019-07-23,-0.04389404070412693
2019-07-24,-0.012457603464799568
2019-07-25,0.01146555040327344
2019-07-26,-0.006842278990467702
2019-07-27,-0.040002686463442294
2019-07-28,0.007713196347605092
2019-07-29,-0.002960038263496829
2019-07-30,0.007819601711662108
2019-07-31,0.05095066317284111
2019-08-01,0.034320494729405716
2019-08-02,0.015140218768273334
2019-08-03,0.03032636593945929
2019-08-04,0.01474337083085794
2019-08-05,0.0787925959505305
2019-08-06,-0.027520667162760214
2019-08-07,0.04360280428642233
2019-08-08,0.0033787436334991486
2019-08-09,-0.005995185444764601
2019-08-10,-0.04784210045426707
2019-08-11,0.013928497326536919
2019-08-12,-0.01192325718072981
2019-08-13,-0.0463359738164963
2019-08-14,-0.07797488025776161
2019-08-15,0.02738146526072774
2019-08-16,0.007673554841914184
2019-08-17,-0.015068148359463887
2019-08-18,0.007276502366961396
2019-08-19,0.05774242856130379
2019-08-20,-0.012926474676062333
2019-08-21,-0.06201913962760975
2019-08-22,-0.002045960199843551
2019-08-23,0.027396545478335654
2019-08-24,-0.02467657604410063
2019-08-25,-0.0013480854720245407
2019-08-26,0.023841971729060166
2019-08-27,-0.01888834183859395
2019-08-28,-0.04222544957524817
2019-08-29,-0.025982587250707113
2019-08-30,0.010019935198393188
2019-08-31,0.0029208227068014646
2019-09-01,0.014019544865862434
2019-09-02,0.062485738469967696
2019-09-03,0.02706765947440328
2019-09-04,-0.0014333714131698377
2019-09-05,-0.00043927028504810894
2019-09-06,-0.021998965532937075
2019-09-07,0.013934934562502273
2019-09-08,-0.0090205760770253
2019-09-09,-0.010171870336790085
2019-09-10,-0.023085686682659375
2019-09-11,0.007628029932566026
2019-09-12,0.024682018635295642
2019-09-13,-0.0056108210156667155
2019-09-14,-0.001998369849325168
2019-09-15,-0.0009336897026006824
2019-09-16,-0.008107749309081414
2019-09-17,-0.009536038071512975
2019-09-18,-0.012167382311238093
2019-09-19,0.009901602927161694
2019-09-20,-0.0065868088655458325
2019-09-21,-0.015711289319257228
2019-09-22,0.007997638977448214
2019-09-23,-0.03299896757760978
2019-09-24,-0.11881185301932046
2019-09-25,-0.02055001309691189
2019-09-26,-0.04671170163303678
2019-09-27,0.01712809542557369
2019-09-28,-0.0001460653691393714
2019-09-29,-0.01790685787643025
2019-09-30,0.020493483872375734
2019-10-01,0.008157791602798458
2019-10-02,0.005350351138734489
2019-10-03,-0.016034895159511328
2019-10-04,-0.008877097731637926
2019-10-05,-0.007161792010355744
2019-10-06,-0.022754138720179205
2019-10-07,0.029001914115506087
2019-10-08,-0.0027942964873465606
2019-10-09,0.046242276192190054
2019-10-10,0.0019413092128201031
2019-10-11,-0.0333970711357248
2019-10-12,0.0014474561978921328
2019-10-13,-0.003578942915761906
2019-10-14,0.0021006931835655
2019-10-15,-0.01967922988001407
2019-10-16,-0.019460753905100547
2019-10-17,0.0020971839340337604
2019-10-18,-0.015471683862101553
2019-10-19,0.002468554611127471
2019-10-20,0.031155976860772004
2019-10-21,0.0032019530899111267
2019-10-22,-0.0212944840360335
2019-10-23,-0.07310073158619176
2019-10-24,-0.004571416327618091
2019-10-25,0.15225731379657298
2019-10-26,0.07195591608210243
2019-10-27,0.03358833915796884
2019-10-28,-0.03335127815239061
2019-10-29,0.01811187583873811
2019-10-30,-0.024249002885472274
2019-10-31,-0.000756951510265926
2019-11-01,0.008071396009767048
2019-11-02,0.00677106706204102
2019-11-03,-0.009351372631526793
2019-11-04,0.01773297705368642
2019-11-05,-0.00913237558704727
2019-11-06,-0.00022780126765327847
2019-11-07,-0.006039650480766189
2019-11-08,-0.05173775923436552
2019-11-09,-0.0002669046335323264
2019-11-10,0.02881721183293524
2019-11-11,-0.03456839772794703
2019-11-12,0.008031748960947932
2019-11-13,-0.0008999662735832706
2019-11-14,-0.011243053523597966
2019-11-15,-0.024626004320615444
2019-11-16,0.006641396537010946
2019-11-17,0.0028257777570834222
2019-11-18,-0.03109935507267626
2019-11-19,-0.013791177320864451
2019-11-20,-0.02224846784619316
2019-11-21,-0.049581073962756954
2019-11-22,-0.04548624953773939
2019-11-23,0.013136222321794608
2019-11-24,-0.04706423146248742
2019-11-25,0.016250744717975118
2019-11-26,0.009235881841872726
2019-11-27,0.0450938135785318
2019-11-28,-0.009528956867147002
2019-11-29,0.039998831054470926
2019-11-30,-0.025350109920730477
2019-12-01,-0.02080976015158906
2019-12-02,-0.012484755455162004
2019-12-03,-9.321671154842853e-05
2019-12-04,-0.008967784723524611
2019-12-05,0.027203521383608237
2019-12-06,0.013316376146849912
2019-12-07,0.0005022881652684808
2019-12-08,0.0001302332790136709
2019-12-09,-0.021546251242381582
2019-12-10,-0.017689211712629507
2019-12-11,-0.008100858661134195
2019-12-12,0.004396658919028513
2019-12-13,0.0032511249794207357
2019-12-14,-0.020229823619716356
2019-12-15,0.003787268719380434
2019-12-16,-0.02879009148659867
2019-12-17,-0.041558921948532015
2019-12-18,0.0977203189986759
2019-12-19,-0.008836828044237263
2019-12-20,0.0009039852504771175
2019-12-21,-0.0035752065403912717
2019-12-22,0.045610881008660786
2019-12-23,-0.020807141627779708
2019-12-24,-0.0068884485666868235
2019-12-25,-0.005140401359142725
2019-12-26,-0.0041148284820933505
2019-12-27,0.007076219789032481
2019-12-28,0.0023627675129124725
2019-12-29,0.013318371702613751
2019-12-30,-0.016312914580393443
2019-12-31,-0.014226399395695467
2020-01-01,0.00027384795991485043
2020-01-02,-0.030272454007201334
2020-01-03,0.051422601208056015
2020-01-04,0.00840059287224809
2020-01-05,-0.0009317408195258619
2020-01-06,0.044192356829472236
2020-01-07,0.05375178754450339
2020-01-08,-0.009071655164124642
2020-01-09,-0.02570792081012303
2020-01-10,0.03490439112636334
2020-01-11,-0.0176254969812845
2020-01-12,0.01866434859484825
2020-01-13,-0.0052407345463658245
2020-01-14,0.07698513326255849
2020-01-15,-0.004224540448724617
2020-01-16,-0.00887179334473887
2020-01-17,0.02195633452217356
2020-01-18,0.0017419591959988404
2020-01-19,-0.026593894238377734
2020-01-20,-0.005531181075093149
2020-01-21,0.009761481769516526
2020-01-22,-0.007878882952445557
2020-01-23,-0.030682503482695928
2020-01-24,0.005894818688898057
2020-01-25,-0.009170841210262709
2020-01-26,0.025472388079231675
2020-01-27,0.03752710802364653
2020-01-28,0.050530009605756016
2020-01-29,-0.00405672879225505
2020-01-30,0.017469431133391323
2020-01-31,-0.01684515462837359
2020-02-01,0.0031706563347780087
2020-02-02,-0.007585246529077725
2020-02-03,-0.006633458842855313
2020-02-04,-0.015409129616025028
2020-02-05,0.04631585150588612
2020-02-06,0.011365427272004307
2020-02-07,0.00778427952191911
2020-02-08,0.006865167027175481
2020-02-09,0.026045275324583072
2020-02-10,-0.02569143466192302
2020-02-11,0.03613697375586697
2020-02-12,0.005748414161116524
2020-02-13,-0.01647873127720681
2020-02-14,0.008104860468239836
2020-02-15,-0.03731483956731093
2020-02-16,0.008228746079956311
2020-02-17,-0.024773196203662154
2020-02-18,0.04607218159543246
2020-02-19,-0.04921193391723702
2020-02-20,-0.001108263418134624
2020-02-21,0.006782397105059395
2020-02-22,-0.0031369506008542777
2020-02-23,0.026083952661051606
2020-02-24,-0.02637044552950532
2020-02-25,-0.0295604836149049
2020-02-26,-0.05276167962317679
2020-02-27,-0.006289519951637859
2020-02-28,-0.013233466515142546
2020-02-29,-0.007303862089051687
2020-03-01,-0.0038034873138827296
2020-03-02,0.03436069099989019
2020-03-03,-0.009117699479686667
2020-03-04,-0.003697097558481406
2020-03-05,0.03738082532577036
2020-03-06,0.003657275059009109
2020-03-07,-0.022732142010667276
2020-03-08,-0.0902142634243097
2020-03-09,-0.024825486752036004
2020-03-10,-0.0029997208084162697
2020-03-11,0.002352277484928505
2020-03-12,-0.4593343877640012
2020-03-13,0.10007471684780551
2020-03-14,-0.06651081400371932
2020-03-15,0.0353917358504625
2020-03-16,-0.07095379571741553
2020-03-17,0.04257820546042371
2020-03-18,0.0022320810083111347
2020-03-19,0.1690123571377948
2020-03-20,0.004651123581645295
2020-03-21,-0.003075497683084605
2020-03-22,-0.05886626586033745
2020-03-23,0.09871250075316396
2020-03-24,0.04987625568586335
2020-03-25,-0.007619883550771413
2020-03-26,0.0006938112278193988
2020-03-27,-0.04042790371022818
2020-03-28,-0.03846128887913929
2020-03-29,-0.05180283607888234
2020-03-30,0.08501719901192059
2020-03-31,0.000612877281208584
2020-04-01,0.02775434159002223
2020-04-02,0.0286140747161159
2020-04-03,-0.010146359888933788
2020-04-04,0.020392473763700555
2020-04-05,-0.011238973863345143
2020-04-06,0.06685802219620612
2020-04-07,-0.013288395660904452
2020-04-08,0.01993823335170181
2020-04-09,-0.004271984219788603
2020-04-10,-0.06149617163337082
2020-04-11,-0.0010300125644186347
2020-04-12,0.016621064926140582
2020-04-13,-0.01843957363303605
2020-04-14,0.0010758508486281978
2020-04-15,-0.030610856722379325
2020-04-16,0.06994401468707351
2020-04-17,-0.0031225171526786935
2020-04-18,0.022071076558090798
2020-04-19,-0.008471166684431645
2020-04-20,-0.04388516060408695
2020-04-21,-0.0006536382748392122
2020-04-22,0.034662319164189756
2020-04-23,0.04482526518690776
2020-04-24,0.01588089233121789
2020-04-25,0.001829579372569594
2020-04-26,0.015201636217728583
2020-04-27,0.016224344009919057
2020-04-28,-0.004016951348156087
2020-04-29,0.12525366146560624
2020-04-30,-0.012827371643460515
2020-05-01,0.023310905703873928
2020-05-02,0.012874368105517675
2020-05-03,-0.009327043854264293
2020-05-04,0.0023347184024456644
2020-05-05,0.011547245717122769
2020-05-06,0.031552862831191
2020-05-07,0.07496324129721949
2020-05-08,-0.01207123890617907
2020-05-09,-0.02679711389438268
2020-05-10,-0.09063997009185956
2020-05-11,-0.017668711815438057
2020-05-12,0.02337264897007168
2020-05-13,0.05378575888381481
2020-05-14,0.05152931251996519
2020-05-15,-0.043926368777332636
2020-05-16,0.005160604007303898
2020-05-17,0.032552704348686574
2020-05-18,0.004753771985698089
2020-05-19,7.733680191625194e-05
2020-05-20,-0.02150106607130695
2020-05-21,-0.048352457790287996
2020-05-22,0.00960597004683288
2020-05-23,0.003584233631031151
2020-05-24,-0.048329651240823605
2020-05-25,0.013181418418182626
2020-05-26,-0.007464203802872049
2020-05-27,0.039644189268447476
2020-05-28,0.03832874180659483
2020-05-29,-0.00907686009347161
2020-05-30,0.02608970090376093
2020-05-31,-0.024801512791235693
2020-06-01,0.07387778841546493
2020-06-02,-0.06670753833239351
2020-06-03,0.013561077860676774
2020-06-04,0.015278048675890454
2020-06-05,-0.014364140571055685
2020-06-06,-0.0008933152542986265
2020-06-07,0.011458579072295404
2020-06-08,0.0014220511985165469
2020-06-09,0.0032622991896482903
2020-06-10,0.0074478678636041365
2020-06-11,-0.05678233657153565
2020-06-12,0.016490047368528604
2020-06-13,-0.0004305534537418147
2020-06-14,-0.009300495951788033
2020-06-15,0.006906706228811369
2020-06-16,0.010299058479976449
2020-06-17,-0.0068625733839874905
2020-06-18,-0.006856536185980493
2020-06-19,-0.012507775162358199
2020-06-20,0.004278397705829191
2020-06-21,-0.00250153968686565
2020-06-22,0.03717778767172064
2020-06-23,-0.0019959827981940706
2020-06-24,-0.03385711038259129
2020-06-25,-0.005668352887256347
2020-06-26,-0.011316694514006426
2020-06-27,-0.011442792701610822
2020-06-28,0.011306717094484565
2020-06-29,0.005037856813507839
2020-06-30,-0.0054208727918994845
2020-07-01,0.010422701736656536
2020-07-02,-0.012257767726406748
2020-07-03,-0.004405519733889795
2020-07-04,0.005067148177041731
2020-07-05,-0.006478476796980582
2020-07-06,0.030606876494843404
2020-07-07,-0.01326644662909878
2020-07-08,0.013524861554193532
2020-07-09,-0.01637676889792766
2020-07-10,0.0019329829870505012
2020-07-11,-0.005478338041251475
2020-07-12,0.004499865477454834
2020-07-13,-0.00275730703960118
2020-07-14,-0.00010796784837152492
2020-07-15,-0.004994627763630688
2020-07-16,-0.005695194276208844
2020-07-17,0.001960746443198163
2020-07-18,-0.0006163296841027533
2020-07-19,0.0031625639035874962
2020-07-20,-0.0018507683314150558
2020-07-21,0.022682542660963475
2020-07-22,0.015356316541889747
2020-07-23,0.004990274560478341
2020-07-24,-0.003715599087965936
2020-07-25,0.011553355473463913
2020-07-26,0.0251228709505886
2020-07-27,0.1079005935224981
2020-07-28,-0.009832040567506257
2020-07-29,0.01563135311305581
2020-07-30,0.0001804636783201239
2020-07-31,0.01705596688148497
2020-08-01,0.032980711136733586
2020-08-02,-0.06434285119767091
2020-08-03,0.013389702251601089
2020-08-04,-0.0017918787723361833
2020-08-05,0.049866170425837894
2020-08-06,0.002401329431261426
2020-08-07,-0.013985374328298304
2020-08-08,0.013947212383976159
2020-08-09,-0.005942582539704815
2020-08-10,0.017282953404933327
2020-08-11,-0.04025073387223879
2020-08-12,0.015854384770590854
2020-08-13,0.015055224497992485
2020-08-14,-0.0017401657300848436
2020-08-15,0.008018869317387496
2020-08-16,0.0008352826311009957
2020-08-17,0.029212585513599752
2020-08-18,-0.020740792924757893
2020-08-19,-0.017432532811842677
2020-08-20,0.010113026120452284
2020-08-21,-0.023358214342056392
2020-08-22,0.007362990868043849
2020-08-23,-0.001488026251336225
2020-08-24,0.008872204726471926
2020-08-25,-0.034500038674412065
2020-08-26,0.011696840367262902
2020-08-27,-0.012094466032841743
2020-08-28,0.018671711502400188
2020-08-29,-0.003852803921984566
2020-08-30,0.01576265501176403
2020-08-31,-0.002041419733211907
2020-09-01,0.02317341501608235
2020-09-02,-0.04593306922307777
2020-09-03,-0.10596006963933603
2020-09-04,0.02433643624278416
2020-09-05,-0.03020561806578371
2020-09-06,0.010688935093372065
2020-09-07,0.008509294607745821
2020-09-08,-0.023228593207569988
2020-09-09,0.010835237453205138
2020-09-10,0.01129999604867345
2020-09-11,0.004026508528739846
2020-09-12,0.002704342216887765
2020-09-13,-0.009923922878231425
2020-09-14,0.035198463650463904
2020-09-15,0.01243281400880068
2020-09-16,0.016407560672284122
2020-09-17,-0.0034292144387770207
2020-09-18,-0.0009097144743975984
2020-09-19,0.015127238582088264
2020-09-20,-0.013819036434294097
2020-09-21,-0.04311569680896744
2020-09-22,0.00707335573023386
2020-09-23,-0.026574753012340108
2020-09-24,0.048983368926947816
2020-09-25,-0.00896177910566137
2020-09-26,0.005690877011258338
2020-09-27,0.002464829588829598
2020-09-28,-0.006231352337080506
2020-09-29,0.012946861253286056
2020-09-30,-0.006027554850621498
2020-10-01,-0.01564346245847086
2020-10-02,-0.0028965454841748065
2020-10-03,-0.0026478782766147808
2020-10-04,0.008579728401551481
2020-10-05,0.011853454362121171
2020-10-06,-0.017480543653124115
2020-10-07,0.005639973257126291
2020-10-08,0.023719074031128214
2020-10-09,0.01377238858435424
2020-10-10,0.02173278035756064
2020-10-11,0.007315974502026753
2020-10-12,0.01584248732430363
2020-10-13,-0.01180222795429148
2020-10-14,0.0018078932987202069
2020-10-15,0.006973763180564896
2020-10-16,-0.014466120850792385
2020-10-17,0.003490330718978462
2020-10-18,0.011198504763326251
2020-10-19,0.0226652662499898
2020-10-20,0.0167255550079806
2020-10-21,0.0748998546478317
2020-10-22,0.010416683698425347
2020-10-23,-0.0025596819146125518
2020-10-24,0.013125112963997432
2020-10-25,-0.005502925460477774
2020-10-26,0.0049578569057174586
2020-10-27,0.04507670145405019
2020-10-28,-0.028464357798824304
2020-10-29,0.014175686440906408
2020-10-30,0.009228918082840128
2020-10-31,0.017690289859216956
2020-11-01,-0.0033690227232086507
2020-11-02,-0.013135166199132794
2020-11-03,0.030162038049413115
2020-11-04,0.013868534090176604
2020-11-05,0.10048322634361838
2020-11-06,-0.003960014030024289
2020-11-07,-0.0485134054328236
2020-11-08,0.04377014180915116
2020-11-09,-0.009202186281706376
2020-11-10,-0.003136161444233528
2020-11-11,0.027335788220129907
2020-11-12,0.037675577297130114
2020-11-13,0.0002550874959240448
2020-11-14,-0.01684243883432908
2020-11-15,-0.006846630750507738
2020-11-16,0.04395077179319147
2020-11-17,0.05498832910387077
2020-11-18,0.010965965196992087
2020-11-19,-0.0018421403835295902
2020-11-20,0.04337048187665965
2020-11-21,-0.01628540833550525
2020-11-22,-0.012910937468536
2020-11-23,-0.02260978898619063
2020-11-24,0.03369826245844779
2020-11-25,-0.014371585756253235
2020-11-26,-0.07973716549517175
2020-11-27,-0.005916691919865539
2020-11-28,0.0286000948030259
2020-11-29,0.02904703212551598
2020-11-30,0.07544146044032368
2020-12-01,-0.04032103973673722
2020-12-02,0.020235158180162534
2020-12-03,0.013604932342579593
2020-12-04,-0.03234105139080743
2020-12-05,0.022501042059277714
2020-12-06,0.007740755427578711
2020-12-07,-0.00846413833614938
2020-12-08,-0.04306868785329372
2020-12-09,0.010464853535882678
2020-12-10,-0.015427444690975381
2020-12-11,-0.008787281808476316
2020-12-12,0.04837992340990866
2020-12-13,0.017427281975779727
2020-12-14,0.007433521747689986
2020-12-15,0.012883328296160837
2020-12-16,0.08712823089495814
2020-12-17,0.07092043915253123
2020-12-18,0.013409497537406681
2020-12-19,0.032324822168088414
2020-12-20,-0.015162788317131543
2020-12-21,-0.02576726710170072
2020-12-22,0.03597209190603738
2020-12-23,0.011183951037675334
2020-12-24,0.011746363355692825
2020-12-25,0.04061236571447104
2020-12-26,0.07445081858227266
2020-12-27,-0.005226145165499297
2020-12-28,0.03473767635311513
2020-12-29,0.013047645484771534
2020-12-30,0.05518938608758777
2020-12-31,0.005776371264440204
2021-01-01,0.011676072099288465
2021-01-02,0.09170726038489761
2021-01-03,0.01807668544409304
2021-01-04,-0.025989957688130064
2021-01-05,0.06385786115399401
2021-01-06,0.08003202651280017
2021-01-07,0.0647467866539442
2021-01-08,0.036806413762895195
2021-01-09,-0.014849203739153388
2021-01-10,-0.049469791867282356
2021-01-11,-0.07289356476288886
2021-01-12,-0.04858886658162549
2021-01-13,0.09640491501729906
2021-01-14,0.050756295818314735
2021-01-15,-0.06250534459095118
2021-01-16,-0.01851210131988303
2021-01-17,-0.010657810150105498
2021-01-18,0.022479095047694502
2021-01-19,-0.016649000892996403
2021-01-20,-0.014923764299081689
2021-01-21,-0.14342922843519837
2021-01-22,0.0697188710481977
2021-01-23,-0.02996879672391485
2021-01-24,0.006555226958604508
2021-01-25,0.0033463600461216838
2021-01-26,0.006877795666871622
2021-01-27,-0.0675284698782784
2021-01-28,0.09103357077869087
2021-01-29,0.02192841579977934
2021-01-30,-0.008266097489254016
2021-01-31,-0.04112215166371134
2021-02-01,0.031093154991205997
2021-02-02,0.05046080936164194
2021-02-03,0.05231858965054301
2021-02-04,-0.020474207657507675
2021-02-05,0.03388310076341162
2021-02-06,0.029317576606908032
2021-02-07,-0.011627578502532432
2021-02-08,0.17733905952497625
2021-02-09,0.005326818730713113
2021-02-10,-0.03798975415949745
2021-02-11,0.06661681590711083
2021-02-12,-0.014353735331858682
2021-02-13,-0.012423833341829345
2021-02-14,0.038996902383705054
2021-02-15,-0.013888116121278365
2021-02-16,0.028838640674382646
2021-02-17,0.05895329965274713
2021-02-18,-0.010068921319842633
2021-02-19,0.08005516586858069
2021-02-20,0.00689844846156872
2021-02-21,0.025102002395093255
2021-02-22,-0.061659572933583956
2021-02-23,-0.10137695593511693
2021-02-24,0.01706074765118893
2021-02-25,-0.053462532692145265
2021-02-26,-0.015626035801440563
2021-02-27,-0.004106336638159942
2021-02-28,-0.02177744565896243
2021-03-01,0.09588872010650748
2021-03-02,-0.026149488399061217
2021-03-03,0.04401599001770972
2021-03-04,-0.04246790845027203
2021-03-05,0.009274745275464864
2021-03-06,-0.0011038308879233066
2021-03-07,0.04704663128903195
2021-03-08,0.01933498024206962
2021-03-09,0.049152185664511815
2021-03-10,0.023799129211147716
2021-03-11,0.033136238465495765
2021-03-12,-0.009092429859906085
2021-03-13,0.06661567071397213
2021-03-14,-0.03154774835620496
2021-03-15,-0.06004111822787048
2021-03-16,0.015313143665251558
2021-03-17,0.03649917054746412
2021-03-18,-0.017703681008163576
2021-03-19,0.008568338979900296
2021-03-20,-0.002887158190423481
2021-03-21,-0.01338098148292606
2021-03-22,-0.05609973661437317
2021-03-23,0.0038023214112741506
2021-03-24,-0.03416811511416184
2021-03-25,-0.022165322631864725
2021-03-26,0.06372202322387871
2021-03-27,0.01629585065775742
2021-03-28,-0.00046865201966131393
2021-03-29,0.03158610232104114
2021-03-30,0.020812336042654752
2021-03-31,-0.0003765175394341627
2021-04-01,0.001438300430441936
2021-04-02,0.003408728551104668
2021-04-03,-0.029456253706450258
2021-04-04,0.017288157461187312
2021-04-05,-0.006014419698747118
2021-04-06,-0.025017419771280094
2021-04-07,-0.030401215967998822
2021-04-08,0.03600806778761593
2021-04-09,-8.569031415435548e-05
2021-04-10,0.012346941856172819
2021-04-11,0.007059249422589054
2021-04-12,-0.008844560579577741
2021-04-13,0.04775594275890335
2021-04-14,-0.011520240245454774
2021-04-15,-0.00046353366106508095
2021-04-16,-0.043990519958911
2021-04-17,-0.007868762526400314
2021-04-18,-0.08041547546749993
2021-04-19,-0.01465810300324703
2021-04-20,0.021606507087208734
2021-04-21,-0.046486646735370424
2021-04-22,-0.033162097554331825
2021-04-23,-0.012332787362262891
2021-04-24,-0.018618706799439624
2021-04-25,-0.019985819650501335
2021-04-26,0.08866755316448977
2021-04-27,0.01791815024268991
2021-04-28,-0.007988153430453946
2021-04-29,-0.025333505220507913
2021-04-30,0.07151141318995895
2021-05-01,-0.007116672125368832
2021-05-02,-0.0177436577808611
2021-05-03,0.0029515450004941536
2021-05-04,-0.08431278197603218
2021-05-05,0.06070465882738937
2021-05-06,-0.012550363623544267
2021-05-07,0.02278542400011286
2021-05-08,0.03384021050973493
2021-05-09,-0.0053861822234217704
2021-05-10,-0.027727888500127168
2021-05-11,0.007874537376626977
2021-05-12,-0.13573597919142077
2021-05-13,-0.0038268120211774007
2021-05-14,-0.006804311055774882
2021-05-15,-0.06780956188899263
2021-05-16,-0.007029737112731387
2021-05-17,-0.07060272211593348
2021-05-18,-0.019701644773400966
2021-05-19,-0.11574924331831421
2021-05-20,0.07669526558662022
2021-05-21,-0.08218216235368928
2021-05-22,0.01665360573090042
2021-05-23,-0.07082232931078433
2021-05-24,0.09532356209159389
2021-05-25,-0.004779903281336297
2021-05-26,0.019964556322088635
2021-05-27,-0.017457766541010167
2021-05-28,-0.07391462416026612
2021-05-29,-0.027718770436802192
2021-05-30,0.028664147273829443
2021-05-31,0.03727075175968321
2021-06-01,-0.024410802278493234
2021-06-02,0.017412190658912835
2021-06-03,0.0503635656747359
2021-06-04,-0.05966342083548295
2021-06-05,-0.03804067659077933
2021-06-06,0.008249009626552076
2021-06-07,-0.06145009716392273
2021-06-08,-0.003193531004995921
2021-06-09,0.11716961284030143
2021-06-10,-0.013242583549702834
2021-06-11,0.022155819770905007
2021-06-12,-0.05243491413242808
2021-06-13,0.10051526968716855
2021-06-14,0.03507639909452231
2021-06-15,-0.004179817055905641
2021-06-16,-0.04647328873335374
2021-06-17,-0.008949842923386112
2021-06-18,-0.06258462346678671
2021-06-19,-0.0017663230219720106
2021-06-20,0.002605808292294141
2021-06-21,-0.0985665804371395
2021-06-22,0.030909879450921437
2021-06-23,0.022169958957673742
2021-06-24,0.02478938598194603
2021-06-25,-0.09148179850988297
2021-06-26,0.017566766221708458
2021-06-27,0.07509982178831527
2021-06-28,-0.005884838752814115
2021-06-29,0.03965347203839403
2021-06-30,-0.024698711814060463
2021-07-01,-0.04193459232616447
2021-07-02,0.010891414943946008
2021-07-03,0.023252909400044697
2021-07-04,0.017672950224842086
2021-07-05,-0.04321079261420024
2021-07-06,0.014480612661582045
2021-07-07,-0.00935232970943161
2021-07-08,-0.026505971709183854
2021-07-09,0.02683300113143072
2021-07-10,-0.007111686812538821
2021-07-11,0.022214432220624948
2021-07-12,-0.033341029048111474
2021-07-13,-0.012607350652455655
2021-07-14,0.004495333222909648
2021-07-15,-0.030619309902526093
2021-07-16,-0.008920563217720348
2021-07-17,0.0018159998848835766
2021-07-18,0.009527851797992511
2021-07-19,-0.02985260382874908
2021-07-20,-0.032819182388718705
2021-07-21,0.0729744224034109
2021-07-22,0.004715246722252814
2021-07-23,0.03987894368826846
2021-07-24,0.02215231112936781
2021-07-25,0.033004602417429384
2021-07-26,0.056830814105477925
2021-07-27,0.056784757309202065
2021-07-28,0.011115864924797703
2021-07-29,-0.0010989547794095452
2021-07-30,0.057646193567651514
2021-07-31,-0.015411995922346228
2021-08-01,-0.04190675000649173
2021-08-02,-0.021931288751656883
2021-08-03,-0.026393116704520832
2021-08-04,0.04214726540518491
2021-08-05,0.030073205631090283
2021-08-06,0.04875544443849676
2021-08-07,0.030976963845192752
2021-08-08,-0.013249354583895515
2021-08-09,0.05620701943404983
2021-08-10,-0.0200661449025384
2021-08-11,-0.00929223074198442
2021-08-12,-0.02545630886828707
2021-08-13,0.06967624737765316
2021-08-14,-0.025851249495348904
2021-08-15,-0.008187804083436667
2021-08-16,-0.01717963166725938
2021-08-17,-0.023862463226463352
2021-08-18,-0.000488896840676659
2021-08-19,0.04001976743883743
2021-08-20,0.05737108736258133
2021-08-21,-0.006234725426422691
2021-08-22,0.008563918919381398
2021-08-23,0.003593395088430318
2021-08-24,-0.03209926255254578
2021-08-25,0.026204190685998146
2021-08-26,-0.037834172184357966
2021-08-27,0.03944191988410322
2021-08-28,-0.00033356187307461647
2021-08-29,-0.000664233776033034
2021-08-30,-0.03724741474035445
2021-08-31,-0.002679534723269857
2021-09-01,0.03364695640580656
2021-09-02,0.009581508217080396
2021-09-03,0.011986740543083236
2021-09-04,-0.0006265877173940314
2021-09-05,0.03417683479249187
2021-09-06,0.0165734870370325
2021-09-07,-0.10770563533907275
2021-09-08,-0.016514326981220368
2021-09-09,0.008260231668036834
2021-09-10,-0.032470936377834644
2021-09-11,0.006074906248746017
2021-09-12,0.01719309327436046
2021-09-13,-0.021559938795100115
2021-09-14,0.04829041308137616
2021-09-15,0.022477334597792473
2021-09-16,-0.006660756370160668
2021-09-17,-0.009821995797654056
2021-09-18,0.022412897768242332
2021-09-19,-0.020524150458260133
2021-09-20,-0.0953811044648232
2021-09-21,-0.05249944541153331
2021-09-22,0.06333812760417377
2021-09-23,0.03250358279865529
2021-09-24,-0.045043737746716626
2021-09-25,-0.002702249911628502
2021-09-26,0.012973172271581937
2021-09-27,-0.022548752815652242
2021-09-28,-0.028951504950460564
2021-09-29,0.011408522094881565
2021-09-30,0.05416577906112979
2021-10-01,0.09481375425648535
2021-10-02,-0.00877879165256059
2021-10-03,0.00992835712124238
2021-10-04,0.018524335878659592
2021-10-05,0.04825610385708263
2021-10-06,0.07807901614647433
2021-10-07,-0.02917443038231163
2021-10-08,0.003577294959039807
2021-10-09,0.015349729219554527
2021-10-10,-0.0006595122103514617
2021-10-11,0.052056587117137634
2021-10-12,-0.02510539526199332
2021-10-13,0.02388427053960722
2021-10-14,-0.0018473527471685417
2021-10-15,0.07670896615289027
2021-10-16,-0.01236731490666699
2021-10-17,0.005557922751031811
