datetime,0
2017-10-28 00:00:00+00:00,100.0
2017-10-29 00:00:00+00:00,101.38392656086354
2017-10-30 00:00:00+00:00,101.99253561096657
2017-10-31 00:00:00+00:00,101.0382390898838
2017-11-01 00:00:00+00:00,101.64371841783276
2017-11-02 00:00:00+00:00,94.08593722080195
2017-11-03 00:00:00+00:00,100.88736770914524
2017-11-04 00:00:00+00:00,110.92463282055762
2017-11-05 00:00:00+00:00,120.15287953031608
2017-11-06 00:00:00+00:00,116.64554958470812
2017-11-07 00:00:00+00:00,135.78155188594164
2017-11-08 00:00:00+00:00,143.0022675081085
2017-11-09 00:00:00+00:00,150.0379446548338
2017-11-10 00:00:00+00:00,139.4306544469082
2017-11-11 00:00:00+00:00,132.4945704265315
2017-11-12 00:00:00+00:00,118.9091400724176
2017-11-13 00:00:00+00:00,146.71266895146138
2017-11-14 00:00:00+00:00,150.25386780020526
2017-11-15 00:00:00+00:00,184.14941357589868
2017-11-16 00:00:00+00:00,185.72172096541604
2017-11-17 00:00:00+00:00,184.2483715632168
2017-11-18 00:00:00+00:00,186.7603822158035
2017-11-19 00:00:00+00:00,215.61391655459207
2017-11-20 00:00:00+00:00,219.38506545306203
2017-11-21 00:00:00+00:00,215.41544306298218
2017-11-22 00:00:00+00:00,232.909727087853
2017-11-23 00:00:00+00:00,235.69460500802273
2017-11-24 00:00:00+00:00,240.0675157432601
2017-11-25 00:00:00+00:00,256.0050688092996
2017-11-26 00:00:00+00:00,352.05369541434163
2017-11-27 00:00:00+00:00,340.36387067598065
2017-11-28 00:00:00+00:00,370.1388524268491
2017-11-29 00:00:00+00:00,336.57531235080194
2017-11-30 00:00:00+00:00,346.9426674536941
2017-12-01 00:00:00+00:00,391.7808591510581
2017-12-02 00:00:00+00:00,426.5639665966718
2017-12-03 00:00:00+00:00,453.17669180958944
2017-12-04 00:00:00+00:00,485.34186924378577
2017-12-05 00:00:00+00:00,530.3493098501915
2017-12-06 00:00:00+00:00,560.0493129751752
2017-12-07 00:00:00+00:00,566.1332180921552
2017-12-08 00:00:00+00:00,559.8677401924791
2017-12-09 00:00:00+00:00,574.5878880508039
2017-12-10 00:00:00+00:00,657.9362882002088
2017-12-11 00:00:00+00:00,773.0923548053004
2017-12-12 00:00:00+00:00,823.8715099974867
2017-12-13 00:00:00+00:00,865.0056421161581
2017-12-14 00:00:00+00:00,912.7862883185948
2017-12-15 00:00:00+00:00,928.2339785582737
2017-12-16 00:00:00+00:00,1188.53902023928
2017-12-17 00:00:00+00:00,1246.7555194979764
2017-12-18 00:00:00+00:00,1436.8111485597362
2017-12-19 00:00:00+00:00,1400.3517288639796
2017-12-20 00:00:00+00:00,1401.1800424819116
2017-12-21 00:00:00+00:00,1612.396234132735
2017-12-22 00:00:00+00:00,1331.2007370609467
2017-12-23 00:00:00+00:00,1514.138342039588
2017-12-24 00:00:00+00:00,1580.6305880415496
2017-12-25 00:00:00+00:00,1744.3328921858879
2017-12-26 00:00:00+00:00,1839.9849155766783
2017-12-27 00:00:00+00:00,2013.0106197160999
2017-12-28 00:00:00+00:00,2050.0283634592665
2017-12-29 00:00:00+00:00,2283.615544811073
2017-12-30 00:00:00+00:00,2041.8269836663412
2017-12-31 00:00:00+00:00,2408.90410440212
2018-01-01 00:00:00+00:00,2421.2385392609613
2018-01-02 00:00:00+00:00,2539.868759529537
2018-01-03 00:00:00+00:00,2732.6654315171454
2018-01-04 00:00:00+00:00,2971.7542041966626
2018-01-05 00:00:00+00:00,3035.261379461872
2018-01-06 00:00:00+00:00,3879.2460017108097
2018-01-07 00:00:00+00:00,3929.709609850928
2018-01-08 00:00:00+00:00,3871.603053967008
2018-01-09 00:00:00+00:00,3820.990112017292
2018-01-10 00:00:00+00:00,3857.0735112523657
2018-01-11 00:00:00+00:00,3558.9361423394466
2018-01-12 00:00:00+00:00,3876.3772199428076
2018-01-13 00:00:00+00:00,4100.4529710931765
2018-01-14 00:00:00+00:00,3768.7151594317784
2018-01-15 00:00:00+00:00,3592.859388345884
2018-01-16 00:00:00+00:00,2641.03712432491
2018-01-17 00:00:00+00:00,2714.6124301132327
2018-01-18 00:00:00+00:00,2957.7764982841636
2018-01-19 00:00:00+00:00,3014.3335979192634
2018-01-20 00:00:00+00:00,3391.5910159761916
2018-01-21 00:00:00+00:00,2920.834253762516
2018-01-22 00:00:00+00:00,2755.7388090223926
2018-01-23 00:00:00+00:00,2717.916423851466
2018-01-24 00:00:00+00:00,2900.1793071548623
2018-01-25 00:00:00+00:00,2972.0095284340855
2018-01-26 00:00:00+00:00,2986.1873780127075
2018-01-27 00:00:00+00:00,3103.9168406435087
2018-01-28 00:00:00+00:00,3131.161905932416
2018-01-29 00:00:00+00:00,2911.784605814279
2018-01-30 00:00:00+00:00,2450.4702587538973
2018-01-31 00:00:00+00:00,2490.4149070698604
2018-02-01 00:00:00+00:00,2046.702054076802
2018-02-02 00:00:00+00:00,1956.7422190062543
2018-02-03 00:00:00+00:00,2099.1701901223037
2018-02-04 00:00:00+00:00,1839.6434271187584
2018-02-05 00:00:00+00:00,1519.7267560924904
2018-02-06 00:00:00+00:00,1766.5713347034866
2018-02-07 00:00:00+00:00,1699.1402085181405
2018-02-08 00:00:00+00:00,1874.6052623615356
2018-02-09 00:00:00+00:00,1973.3148349149885
2018-02-10 00:00:00+00:00,1956.7627394329093
2018-02-11 00:00:00+00:00,1844.4120297992974
2018-02-12 00:00:00+00:00,2062.048156255576
2018-02-13 00:00:00+00:00,1997.0921576423455
2018-02-14 00:00:00+00:00,2247.82468735908
2018-02-15 00:00:00+00:00,2329.8971963626996
2018-02-16 00:00:00+00:00,2390.6419151448254
2018-02-17 00:00:00+00:00,2515.867726840792
2018-02-18 00:00:00+00:00,2295.9456682050622
2018-02-19 00:00:00+00:00,2421.7031909679904
2018-02-20 00:00:00+00:00,2317.21315193513
2018-02-21 00:00:00+00:00,2146.125051411475
2018-02-22 00:00:00+00:00,2024.8527648304653
2018-02-23 00:00:00+00:00,2178.000114657987
2018-02-24 00:00:00+00:00,2088.538493512625
2018-02-25 00:00:00+00:00,2032.9007172504753
2018-02-26 00:00:00+00:00,2067.2569547285457
2018-02-27 00:00:00+00:00,2073.479531168689
2018-02-28 00:00:00+00:00,1923.1810418966966
2018-03-01 00:00:00+00:00,2019.5209302722376
2018-03-02 00:00:00+00:00,2037.2468589056273
2018-03-03 00:00:00+00:00,2050.0103479167633
2018-03-04 00:00:00+00:00,2017.6663360461323
2018-03-05 00:00:00+00:00,1952.6394999129784
2018-03-06 00:00:00+00:00,1883.256760829444
2018-03-07 00:00:00+00:00,1740.7929740292636
2018-03-08 00:00:00+00:00,1671.9898800534306
2018-03-09 00:00:00+00:00,1625.6119658518621
2018-03-10 00:00:00+00:00,1507.3923291720394
2018-03-11 00:00:00+00:00,1572.4654945912125
2018-03-12 00:00:00+00:00,1548.4555595070133
2018-03-13 00:00:00+00:00,1547.0507750343177
2018-03-14 00:00:00+00:00,1351.3226926206496
2018-03-15 00:00:00+00:00,1334.4159066354032
2018-03-16 00:00:00+00:00,1300.665764752719
2018-03-17 00:00:00+00:00,1164.3529351106658
2018-03-18 00:00:00+00:00,1174.6431313013497
2018-03-19 00:00:00+00:00,1237.2104319728137
2018-03-20 00:00:00+00:00,1352.080525616891
2018-03-21 00:00:00+00:00,1369.0559277012746
2018-03-22 00:00:00+00:00,1338.626300471999
2018-03-23 00:00:00+00:00,1263.526180442899
2018-03-24 00:00:00+00:00,1275.2260841702725
2018-03-25 00:00:00+00:00,1355.0401383302749
2018-03-26 00:00:00+00:00,1248.2136358701516
2018-03-27 00:00:00+00:00,1174.6192174815255
2018-03-28 00:00:00+00:00,1198.6918936010377
2018-03-29 00:00:00+00:00,1045.4850178847157
2018-03-30 00:00:00+00:00,1030.4740126603674
2018-03-31 00:00:00+00:00,1089.3903262574545
2018-04-01 00:00:00+00:00,1079.4256832601727
2018-04-02 00:00:00+00:00,1139.9540497223047
2018-04-03 00:00:00+00:00,1262.2096716476292
2018-04-04 00:00:00+00:00,1119.3304997410057
2018-04-05 00:00:00+00:00,1108.9653846757215
2018-04-06 00:00:00+00:00,1087.3321062636887
2018-04-07 00:00:00+00:00,1133.7119180882462
2018-04-08 00:00:00+00:00,1179.3184859663206
2018-04-09 00:00:00+00:00,1182.0055437106412
2018-04-10 00:00:00+00:00,1245.806362700007
2018-04-11 00:00:00+00:00,1259.8846606188229
2018-04-12 00:00:00+00:00,1430.7921028650287
2018-04-13 00:00:00+00:00,1471.872668597307
2018-04-14 00:00:00+00:00,1539.2619852766893
2018-04-15 00:00:00+00:00,1667.2619831118088
2018-04-16 00:00:00+00:00,1596.8224846633523
2018-04-17 00:00:00+00:00,1567.3687179781252
2018-04-18 00:00:00+00:00,1729.6961158316676
2018-04-19 00:00:00+00:00,1896.789856122128
2018-04-20 00:00:00+00:00,1942.8331978493482
2018-04-21 00:00:00+00:00,1920.4416751918188
2018-04-22 00:00:00+00:00,1964.6665911741825
2018-04-23 00:00:00+00:00,2093.3479702957966
2018-04-24 00:00:00+00:00,2329.028201370573
2018-04-25 00:00:00+00:00,2009.6611354381153
2018-04-26 00:00:00+00:00,2527.5533259019044
2018-04-27 00:00:00+00:00,2269.7743003514706
2018-04-28 00:00:00+00:00,2829.2654269552713
2018-04-29 00:00:00+00:00,2712.0880252440033
2018-04-30 00:00:00+00:00,2625.6079855818466
2018-05-01 00:00:00+00:00,3086.1873603573154
2018-05-02 00:00:00+00:00,3190.3659360043125
2018-05-03 00:00:00+00:00,3399.7841365197346
2018-05-04 00:00:00+00:00,3134.9674259819817
2018-05-05 00:00:00+00:00,3277.4166175130545
2018-05-06 00:00:00+00:00,3215.884765585348
2018-05-07 00:00:00+00:00,3102.9676996334433
2018-05-08 00:00:00+00:00,3627.8134878213878
2018-05-09 00:00:00+00:00,3396.394885340891
2018-05-10 00:00:00+00:00,3165.162893933025
2018-05-11 00:00:00+00:00,2832.5082956465258
2018-05-12 00:00:00+00:00,2873.579190467108
2018-05-13 00:00:00+00:00,3147.139444999525
2018-05-14 00:00:00+00:00,3125.650778998627
2018-05-15 00:00:00+00:00,2956.7954861544486
2018-05-16 00:00:00+00:00,2928.226305980286
2018-05-17 00:00:00+00:00,2759.7320313755495
2018-05-18 00:00:00+00:00,2885.626801757527
2018-05-19 00:00:00+00:00,2874.8684394294796
2018-05-20 00:00:00+00:00,2926.889107312226
2018-05-21 00:00:00+00:00,2901.6721261124126
2018-05-22 00:00:00+00:00,2723.270716466584
2018-05-23 00:00:00+00:00,2549.536882449433
2018-05-24 00:00:00+00:00,2569.592548138427
2018-05-25 00:00:00+00:00,2470.182320892174
2018-05-26 00:00:00+00:00,2448.3106674338783
2018-05-27 00:00:00+00:00,2418.27994689766
2018-05-28 00:00:00+00:00,2237.3514725541727
2018-05-29 00:00:00+00:00,2501.2573994533777
2018-05-30 00:00:00+00:00,2490.9234858362756
2018-05-31 00:00:00+00:00,2531.4939322105297
2018-06-01 00:00:00+00:00,2549.6985632982105
2018-06-02 00:00:00+00:00,2615.975495681861
2018-06-03 00:00:00+00:00,2635.366912062056
2018-06-04 00:00:00+00:00,2497.740074213333
2018-06-05 00:00:00+00:00,2449.4733968953383
2018-06-06 00:00:00+00:00,2470.6864720657395
2018-06-07 00:00:00+00:00,2471.012873907423
2018-06-08 00:00:00+00:00,2375.69720282055
2018-06-09 00:00:00+00:00,2328.071405766782
2018-06-10 00:00:00+00:00,1999.6991816928908
2018-06-11 00:00:00+00:00,2030.2591932164405
2018-06-12 00:00:00+00:00,1886.106125505017
2018-06-13 00:00:00+00:00,1777.4994656031581
2018-06-14 00:00:00+00:00,1916.263717525573
2018-06-15 00:00:00+00:00,1851.9107434232592
2018-06-16 00:00:00+00:00,1887.0343949049964
2018-06-17 00:00:00+00:00,1834.0385108055987
2018-06-18 00:00:00+00:00,1925.1838791773052
2018-06-19 00:00:00+00:00,1905.5883777163374
2018-06-20 00:00:00+00:00,1966.203943729822
2018-06-21 00:00:00+00:00,1918.899043991559
2018-06-22 00:00:00+00:00,1680.5769316852213
2018-06-23 00:00:00+00:00,1694.4868984361253
2018-06-24 00:00:00+00:00,1611.4351454364698
2018-06-25 00:00:00+00:00,1654.57435359753
2018-06-26 00:00:00+00:00,1582.0733591179244
2018-06-27 00:00:00+00:00,1564.14917490254
2018-06-28 00:00:00+00:00,1478.6766519397688
2018-06-29 00:00:00+00:00,1594.7270948165385
2018-06-30 00:00:00+00:00,1719.3716716323815
2018-07-01 00:00:00+00:00,1707.9509228649474
2018-07-02 00:00:00+00:00,1776.0728249971858
2018-07-03 00:00:00+00:00,1725.1673107726056
2018-07-04 00:00:00+00:00,1737.106173752686
2018-07-05 00:00:00+00:00,1668.3169813784982
2018-07-06 00:00:00+00:00,1706.5732631144137
2018-07-07 00:00:00+00:00,1751.8355404252784
2018-07-08 00:00:00+00:00,1814.2621319771051
2018-07-09 00:00:00+00:00,1794.3023184185702
2018-07-10 00:00:00+00:00,1636.4048838319397
2018-07-11 00:00:00+00:00,1657.1254450602812
2018-07-12 00:00:00+00:00,1626.4552177636813
2018-07-13 00:00:00+00:00,1681.668352065428
2018-07-14 00:00:00+00:00,1702.3558177564787
2018-07-15 00:00:00+00:00,1713.6202600306226
2018-07-16 00:00:00+00:00,1769.8641732103024
2018-07-17 00:00:00+00:00,1923.8817328249756
2018-07-18 00:00:00+00:00,1910.4650610902638
2018-07-19 00:00:00+00:00,1883.3709406643038
2018-07-20 00:00:00+00:00,1814.344144310248
2018-07-21 00:00:00+00:00,1830.225923582504
2018-07-22 00:00:00+00:00,1738.6280437602359
2018-07-23 00:00:00+00:00,1766.0716232734426
2018-07-24 00:00:00+00:00,1805.8662994096026
2018-07-25 00:00:00+00:00,1836.0351498821797
2018-07-26 00:00:00+00:00,1814.3702644204548
2018-07-27 00:00:00+00:00,1819.4819685917455
2018-07-28 00:00:00+00:00,1803.9909751373746
2018-07-29 00:00:00+00:00,1802.7041879729989
2018-07-30 00:00:00+00:00,1736.2843442057529
2018-07-31 00:00:00+00:00,1618.6824349356646
2018-08-01 00:00:00+00:00,1577.7187042349265
2018-08-02 00:00:00+00:00,1438.4114575052624
2018-08-03 00:00:00+00:00,1437.911123243008
2018-08-04 00:00:00+00:00,1397.1096339753967
2018-08-05 00:00:00+00:00,1422.6417040097353
2018-08-06 00:00:00+00:00,1422.9125801334146
2018-08-07 00:00:00+00:00,1333.1214324319458
2018-08-08 00:00:00+00:00,1256.6970109502518
2018-08-09 00:00:00+00:00,1365.7224081922852
2018-08-10 00:00:00+00:00,1191.763564116613
2018-08-11 00:00:00+00:00,1187.5416650272616
2018-08-12 00:00:00+00:00,1188.5578679437942
2018-08-13 00:00:00+00:00,1069.9507385878844
2018-08-14 00:00:00+00:00,1090.134506613567
2018-08-15 00:00:00+00:00,1117.6885133444682
2018-08-16 00:00:00+00:00,1182.2135527315859
2018-08-17 00:00:00+00:00,1344.7800317360065
2018-08-18 00:00:00+00:00,1238.7068931877068
2018-08-19 00:00:00+00:00,1232.332218855945
2018-08-20 00:00:00+00:00,1181.510118890849
2018-08-21 00:00:00+00:00,1243.7482940845484
2018-08-22 00:00:00+00:00,1192.0859478016848
2018-08-23 00:00:00+00:00,1236.3486738414163
2018-08-24 00:00:00+00:00,1232.295164072081
2018-08-25 00:00:00+00:00,1205.6105713426532
2018-08-26 00:00:00+00:00,1259.73185527561
2018-08-27 00:00:00+00:00,1215.260314927826
2018-08-28 00:00:00+00:00,1292.7894110281989
2018-08-29 00:00:00+00:00,1259.6863428161616
2018-08-30 00:00:00+00:00,1246.924875760954
2018-08-31 00:00:00+00:00,1262.6829716582874
2018-09-01 00:00:00+00:00,1340.7286163730016
2018-09-02 00:00:00+00:00,1459.0219479793802
2018-09-03 00:00:00+00:00,1389.2703755590262
2018-09-04 00:00:00+00:00,1388.722216127148
2018-09-05 00:00:00+00:00,1225.3997603799714
2018-09-06 00:00:00+00:00,1169.7017644248056
2018-09-07 00:00:00+00:00,1098.3176608501046
2018-09-08 00:00:00+00:00,1066.793616133179
2018-09-09 00:00:00+00:00,987.202352283893
2018-09-10 00:00:00+00:00,991.4419443839257
2018-09-11 00:00:00+00:00,945.3139112814123
2018-09-12 00:00:00+00:00,952.085259644438
2018-09-13 00:00:00+00:00,1011.5119348468328
2018-09-14 00:00:00+00:00,1026.3948118025858
2018-09-15 00:00:00+00:00,1037.1052674264154
2018-09-16 00:00:00+00:00,1063.4961379924046
2018-09-17 00:00:00+00:00,1016.2329133726657
2018-09-18 00:00:00+00:00,1046.6322392171398
2018-09-19 00:00:00+00:00,1074.2003976280278
2018-09-20 00:00:00+00:00,1139.1858809187825
2018-09-21 00:00:00+00:00,1177.5092101396217
2018-09-22 00:00:00+00:00,1178.9637220141012
2018-09-23 00:00:00+00:00,1161.486959691645
2018-09-24 00:00:00+00:00,1136.813178582306
2018-09-25 00:00:00+00:00,1069.9795223547314
2018-09-26 00:00:00+00:00,1128.541707421908
2018-09-27 00:00:00+00:00,1177.0078187130898
2018-09-28 00:00:00+00:00,1150.4707551737108
2018-09-29 00:00:00+00:00,1109.4026196899567
2018-09-30 00:00:00+00:00,1133.1869949022416
2018-10-01 00:00:00+00:00,1171.2053957423425
2018-10-02 00:00:00+00:00,1159.3429180297326
2018-10-03 00:00:00+00:00,1127.2648325279847
2018-10-04 00:00:00+00:00,1151.7650196956959
2018-10-05 00:00:00+00:00,1139.1227553971974
2018-10-06 00:00:00+00:00,1133.830233583404
2018-10-07 00:00:00+00:00,1160.1080902956405
2018-10-08 00:00:00+00:00,1171.5973075650688
2018-10-09 00:00:00+00:00,1177.664178374598
2018-10-10 00:00:00+00:00,1133.6841237622843
2018-10-11 00:00:00+00:00,1011.3435634045619
2018-10-12 00:00:00+00:00,1045.605654335155
2018-10-13 00:00:00+00:00,1008.0820991329722
2018-10-14 00:00:00+00:00,997.2905146973328
2018-10-15 00:00:00+00:00,1062.396320375954
2018-10-16 00:00:00+00:00,1094.6521532739418
2018-10-17 00:00:00+00:00,1057.4378442639572
2018-10-18 00:00:00+00:00,1033.6680186836647
2018-10-19 00:00:00+00:00,1012.5979984303445
2018-10-20 00:00:00+00:00,1047.8883200281819
2018-10-21 00:00:00+00:00,1055.978275758757
2018-10-22 00:00:00+00:00,1041.5493051039412
2018-10-23 00:00:00+00:00,1062.790087949568
2018-10-24 00:00:00+00:00,1067.3579291924784
2018-10-25 00:00:00+00:00,1072.5561323364402
2018-10-26 00:00:00+00:00,1101.1074654610034
2018-10-27 00:00:00+00:00,1096.8134087351427
2018-10-28 00:00:00+00:00,1133.5440009189188
2018-10-29 00:00:00+00:00,1083.0226877135647
2018-10-30 00:00:00+00:00,1077.2599603916444
2018-10-31 00:00:00+00:00,1075.9972904846502
2018-11-01 00:00:00+00:00,1209.540627013959
2018-11-02 00:00:00+00:00,1168.7724864939464
2018-11-03 00:00:00+00:00,1175.8691014068445
2018-11-04 00:00:00+00:00,1159.022303232573
2018-11-05 00:00:00+00:00,1110.9903298817915
2018-11-06 00:00:00+00:00,1127.0448973226248
2018-11-07 00:00:00+00:00,1249.805639747227
2018-11-08 00:00:00+00:00,1309.1265838444351
2018-11-09 00:00:00+00:00,1245.0717714488355
2018-11-10 00:00:00+00:00,1415.7593404529985
2018-11-11 00:00:00+00:00,1340.7113881108319
2018-11-12 00:00:00+00:00,1328.4397087363845
2018-11-13 00:00:00+00:00,1366.3027835831285
2018-11-14 00:00:00+00:00,1121.3743200804586
2018-11-15 00:00:00+00:00,1305.5018438743296
2018-11-16 00:00:00+00:00,1270.242938121813
2018-11-17 00:00:00+00:00,1263.1910255632035
2018-11-18 00:00:00+00:00,1342.1005777182427
2018-11-19 00:00:00+00:00,1086.2374884558494
2018-11-20 00:00:00+00:00,974.530371259834
2018-11-21 00:00:00+00:00,1054.874079568345
2018-11-22 00:00:00+00:00,989.0705398506947
2018-11-23 00:00:00+00:00,953.8667149916586
2018-11-24 00:00:00+00:00,875.9457066164285
2018-11-25 00:00:00+00:00,908.3675934489623
2018-11-26 00:00:00+00:00,858.8998621321259
2018-11-27 00:00:00+00:00,882.5525338518801
2018-11-28 00:00:00+00:00,983.8224638479113
2018-11-29 00:00:00+00:00,1000.8369034009554
2018-11-30 00:00:00+00:00,928.5929335275871
2018-12-01 00:00:00+00:00,954.2691902335891
2018-12-02 00:00:00+00:00,946.9798974325668
2018-12-03 00:00:00+00:00,1061.1778813084118
2018-12-04 00:00:00+00:00,1093.3734941083042
2018-12-05 00:00:00+00:00,1015.9804984010119
2018-12-06 00:00:00+00:00,944.6853268155346
2018-12-07 00:00:00+00:00,928.1456855503304
2018-12-08 00:00:00+00:00,938.911673876169
2018-12-09 00:00:00+00:00,991.7055255444183
2018-12-10 00:00:00+00:00,953.9730947716315
2018-12-11 00:00:00+00:00,910.760716387145
2018-12-12 00:00:00+00:00,970.7593392289848
2018-12-13 00:00:00+00:00,955.0565776637512
2018-12-14 00:00:00+00:00,933.7379072886769
2018-12-15 00:00:00+00:00,949.1746181972783
2018-12-16 00:00:00+00:00,956.5754227797346
2018-12-17 00:00:00+00:00,1053.471841168899
2018-12-18 00:00:00+00:00,1139.1889047127893
2018-12-19 00:00:00+00:00,1186.1334980581346
2018-12-20 00:00:00+00:00,1313.0604193161232
2018-12-21 00:00:00+00:00,1199.78847156894
2018-12-22 00:00:00+00:00,1247.1856510260648
2018-12-23 00:00:00+00:00,1351.312529319227
2018-12-24 00:00:00+00:00,1351.7395377925577
2018-12-25 00:00:00+00:00,1250.241508878587
2018-12-26 00:00:00+00:00,1241.1052129345107
2018-12-27 00:00:00+00:00,1175.5136805658797
2018-12-28 00:00:00+00:00,1255.0378605546018
2018-12-29 00:00:00+00:00,1224.280542173973
2018-12-30 00:00:00+00:00,1254.7318655515787
2018-12-31 00:00:00+00:00,1192.26792998233
2019-01-01 00:00:00+00:00,1217.7702143589083
2019-01-02 00:00:00+00:00,1294.2510799165564
2019-01-03 00:00:00+00:00,1277.6947134652294
2019-01-04 00:00:00+00:00,1265.5773406961703
2019-01-05 00:00:00+00:00,1302.5356249985102
2019-01-06 00:00:00+00:00,1315.460789404352
2019-01-07 00:00:00+00:00,1296.8251679796206
2019-01-08 00:00:00+00:00,1316.4586219200637
2019-01-09 00:00:00+00:00,1325.5076099629098
2019-01-10 00:00:00+00:00,1170.4579353989798
2019-01-11 00:00:00+00:00,1209.302217803431
2019-01-12 00:00:00+00:00,1172.378715832628
2019-01-13 00:00:00+00:00,1148.263376457319
2019-01-14 00:00:00+00:00,1212.9456400419906
2019-01-15 00:00:00+00:00,1170.5041778898951
2019-01-16 00:00:00+00:00,1177.060738964467
2019-01-17 00:00:00+00:00,1244.7593161290124
2019-01-18 00:00:00+00:00,1194.4302437207564
2019-01-19 00:00:00+00:00,1206.3244035314437
2019-01-20 00:00:00+00:00,1217.3783766627632
2019-01-21 00:00:00+00:00,1194.3506171781216
2019-01-22 00:00:00+00:00,1207.0970349519496
2019-01-23 00:00:00+00:00,1222.76084538845
2019-01-24 00:00:00+00:00,1206.3831299651447
2019-01-25 00:00:00+00:00,1155.513505034844
2019-01-26 00:00:00+00:00,1147.9180682175968
2019-01-27 00:00:00+00:00,1125.8148540359198
2019-01-28 00:00:00+00:00,1139.545584715981
2019-01-29 00:00:00+00:00,1161.5253222399697
2019-01-30 00:00:00+00:00,1138.4071445130307
2019-01-31 00:00:00+00:00,1114.5349990167774
2019-02-01 00:00:00+00:00,1120.601440201184
2019-02-02 00:00:00+00:00,1172.8886636556908
2019-02-03 00:00:00+00:00,1498.1777187916343
2019-02-04 00:00:00+00:00,1432.1399211327887
2019-02-05 00:00:00+00:00,1420.1337544314938
2019-02-06 00:00:00+00:00,1516.1695100889592
2019-02-07 00:00:00+00:00,1520.4530756413028
2019-02-08 00:00:00+00:00,1709.3578538122351
2019-02-09 00:00:00+00:00,2005.1717676119083
2019-02-10 00:00:00+00:00,2003.2803393503812
2019-02-11 00:00:00+00:00,2038.432405746958
2019-02-12 00:00:00+00:00,2014.595803393559
2019-02-13 00:00:00+00:00,2092.867165213428
2019-02-14 00:00:00+00:00,2052.9659816707594
2019-02-15 00:00:00+00:00,2427.2886068717753
2019-02-16 00:00:00+00:00,2309.015582985266
2019-02-17 00:00:00+00:00,2503.3151824164283
2019-02-18 00:00:00+00:00,2576.5733919805652
2019-02-19 00:00:00+00:00,2666.5214330746417
2019-02-20 00:00:00+00:00,2680.771740583204
2019-02-21 00:00:00+00:00,2603.7859441506134
2019-02-22 00:00:00+00:00,2634.956167603807
2019-02-23 00:00:00+00:00,2705.867964150156
2019-02-24 00:00:00+00:00,2463.801131546251
2019-02-25 00:00:00+00:00,2638.9485142772587
2019-02-26 00:00:00+00:00,2594.0816071596955
2019-02-27 00:00:00+00:00,3153.6208190346324
2019-02-28 00:00:00+00:00,3174.1973869785897
2019-03-01 00:00:00+00:00,3243.4412160020606
2019-03-02 00:00:00+00:00,3170.7623646934417
2019-03-03 00:00:00+00:00,3140.547139153522
2019-03-04 00:00:00+00:00,2978.919553945675
2019-03-05 00:00:00+00:00,3205.1585865462357
2019-03-06 00:00:00+00:00,3128.388011282811
2019-03-07 00:00:00+00:00,3155.6173725266967
2019-03-08 00:00:00+00:00,3093.4089894735557
2019-03-09 00:00:00+00:00,3058.9186985111096
2019-03-10 00:00:00+00:00,3146.6805306053784
2019-03-11 00:00:00+00:00,3068.4950112938986
2019-03-12 00:00:00+00:00,3213.9876842500726
2019-03-13 00:00:00+00:00,3162.651724687482
2019-03-14 00:00:00+00:00,3260.997989545207
2019-03-15 00:00:00+00:00,3273.359238930088
2019-03-16 00:00:00+00:00,3417.27522116581
2019-03-17 00:00:00+00:00,3473.9230840481896
2019-03-18 00:00:00+00:00,3335.4092934226605
2019-03-19 00:00:00+00:00,3382.3814120568572
2019-03-20 00:00:00+00:00,3428.3567247983597
2019-03-21 00:00:00+00:00,3366.9758838140015
2019-03-22 00:00:00+00:00,3398.4763559503212
2019-03-23 00:00:00+00:00,3519.6789863463628
2019-03-24 00:00:00+00:00,3504.0003568528427
2019-03-25 00:00:00+00:00,3537.1315935466973
2019-03-26 00:00:00+00:00,3501.3539412151786
2019-03-27 00:00:00+00:00,3576.7788812370836
2019-03-28 00:00:00+00:00,3531.6064722137435
2019-03-29 00:00:00+00:00,3581.2277249631243
2019-03-30 00:00:00+00:00,3858.1347397534237
2019-03-31 00:00:00+00:00,3756.345540917754
2019-04-01 00:00:00+00:00,3818.601274592232
2019-04-02 00:00:00+00:00,4325.602858155549
2019-04-03 00:00:00+00:00,4211.045516855314
2019-04-04 00:00:00+00:00,4389.920386498987
2019-04-05 00:00:00+00:00,4502.465755754841
2019-04-06 00:00:00+00:00,4482.57781671592
2019-04-07 00:00:00+00:00,4528.79622423651
2019-04-08 00:00:00+00:00,4525.649990867177
2019-04-09 00:00:00+00:00,4390.173269161146
2019-04-10 00:00:00+00:00,4558.585626696101
2019-04-11 00:00:00+00:00,4136.141996590382
2019-04-12 00:00:00+00:00,4221.792548866771
2019-04-13 00:00:00+00:00,4212.973538054459
2019-04-14 00:00:00+00:00,4318.024838237259
2019-04-15 00:00:00+00:00,4163.099096772919
2019-04-16 00:00:00+00:00,4200.28371074751
2019-04-17 00:00:00+00:00,12451.779244900468
2019-04-18 00:00:00+00:00,12234.453056169203
2019-04-19 00:00:00+00:00,12318.628523848152
2019-04-20 00:00:00+00:00,12162.237268415074
2019-04-21 00:00:00+00:00,11932.268454523031
2019-04-22 00:00:00+00:00,12218.018039727454
2019-04-23 00:00:00+00:00,12144.913618443548
2019-04-24 00:00:00+00:00,11610.185478164629
2019-04-25 00:00:00+00:00,10978.415201895585
2019-04-26 00:00:00+00:00,11024.907506820004
2019-04-27 00:00:00+00:00,10963.73933263952
2019-04-28 00:00:00+00:00,11089.025808839047
2019-04-29 00:00:00+00:00,10733.558953129785
2019-04-30 00:00:00+00:00,11018.475389542693
2019-05-01 00:00:00+00:00,11059.019822019407
2019-05-02 00:00:00+00:00,11782.033702094417
2019-05-03 00:00:00+00:00,11710.848045291039
2019-05-04 00:00:00+00:00,11764.673240635035
2019-05-05 00:00:00+00:00,11703.89640685083
2019-05-06 00:00:00+00:00,11915.337577245922
2019-05-07 00:00:00+00:00,11729.664407216509
2019-05-08 00:00:00+00:00,12110.37338514728
2019-05-09 00:00:00+00:00,12107.137386908511
2019-05-10 00:00:00+00:00,13390.876893360377
2019-05-11 00:00:00+00:00,16221.997323416559
2019-05-12 00:00:00+00:00,15534.166595350962
2019-05-13 00:00:00+00:00,15803.43812270074
2019-05-14 00:00:00+00:00,15598.56405273521
2019-05-15 00:00:00+00:00,17843.503841624875
2019-05-16 00:00:00+00:00,17185.032626748627
2019-05-17 00:00:00+00:00,15796.64771015625
2019-05-18 00:00:00+00:00,15704.798386871076
2019-05-19 00:00:00+00:00,17076.28953961325
2019-05-20 00:00:00+00:00,16364.126607972305
2019-05-21 00:00:00+00:00,17706.581702589167
2019-05-22 00:00:00+00:00,16951.38316110354
2019-05-23 00:00:00+00:00,16870.862214685265
2019-05-24 00:00:00+00:00,17859.821852358833
2019-05-25 00:00:00+00:00,17374.80595210146
2019-05-26 00:00:00+00:00,17813.412349552844
2019-05-27 00:00:00+00:00,18857.667900894186
2019-05-28 00:00:00+00:00,19068.544094852452
2019-05-29 00:00:00+00:00,18800.66410168688
2019-05-30 00:00:00+00:00,19440.531944622126
2019-05-31 00:00:00+00:00,21096.995238890027
2019-06-01 00:00:00+00:00,21470.899767693143
2019-06-02 00:00:00+00:00,23015.569404912738
2019-06-03 00:00:00+00:00,20617.7450106804
2019-06-04 00:00:00+00:00,20172.72514834876
2019-06-05 00:00:00+00:00,21089.532011895317
2019-06-06 00:00:00+00:00,23779.852105280137
2019-06-07 00:00:00+00:00,24712.357743473953
2019-06-08 00:00:00+00:00,24472.050938748762
2019-06-09 00:00:00+00:00,24535.80753347012
2019-06-10 00:00:00+00:00,25677.93074276978
2019-06-11 00:00:00+00:00,27368.060285742355
2019-06-12 00:00:00+00:00,28828.1180335991
2019-06-13 00:00:00+00:00,28412.266059239926
2019-06-14 00:00:00+00:00,29462.070769759845
2019-06-15 00:00:00+00:00,29708.725511765784
2019-06-16 00:00:00+00:00,29559.61573535206
2019-06-17 00:00:00+00:00,37811.79721925373
2019-06-18 00:00:00+00:00,35638.51489583007
2019-06-19 00:00:00+00:00,36028.033464104155
2019-06-20 00:00:00+00:00,35625.01201185076
2019-06-21 00:00:00+00:00,38325.80290189397
2019-06-22 00:00:00+00:00,37082.47271179091
2019-06-23 00:00:00+00:00,39292.691752373416
2019-06-24 00:00:00+00:00,40458.835079865275
2019-06-25 00:00:00+00:00,47504.04061005816
2019-06-26 00:00:00+00:00,49964.702883732425
2019-06-27 00:00:00+00:00,43750.02556557032
2019-06-28 00:00:00+00:00,46963.942231145134
2019-06-29 00:00:00+00:00,45737.80687176211
2019-06-30 00:00:00+00:00,42926.71277921891
2019-07-01 00:00:00+00:00,44493.34697676107
2019-07-02 00:00:00+00:00,43630.73231931256
2019-07-03 00:00:00+00:00,46689.098136529836
2019-07-04 00:00:00+00:00,42510.75682324635
2019-07-05 00:00:00+00:00,38965.65313435684
2019-07-06 00:00:00+00:00,40218.78351421184
2019-07-07 00:00:00+00:00,43448.477530637574
2019-07-08 00:00:00+00:00,42438.44402621672
2019-07-09 00:00:00+00:00,43572.17212604593
2019-07-10 00:00:00+00:00,42251.485038284
2019-07-11 00:00:00+00:00,37900.90640837704
2019-07-12 00:00:00+00:00,40089.51919630771
2019-07-13 00:00:00+00:00,37927.67244213333
2019-07-14 00:00:00+00:00,33185.51907120063
2019-07-15 00:00:00+00:00,35597.40283330362
2019-07-16 00:00:00+00:00,29934.447690545847
2019-07-17 00:00:00+00:00,31791.47204487698
2019-07-18 00:00:00+00:00,33075.82430959014
2019-07-19 00:00:00+00:00,33186.844771728116
2019-07-20 00:00:00+00:00,36159.22105354053
2019-07-21 00:00:00+00:00,35444.80517238757
2019-07-22 00:00:00+00:00,35665.756153971444
2019-07-23 00:00:00+00:00,36569.972276198634
2019-07-24 00:00:00+00:00,35036.217246380584
2019-07-25 00:00:00+00:00,36579.595421108665
2019-07-26 00:00:00+00:00,36416.9771285811
2019-07-27 00:00:00+00:00,34259.19619011397
2019-07-28 00:00:00+00:00,33806.508150952126
2019-07-29 00:00:00+00:00,35306.1287018821
2019-07-30 00:00:00+00:00,42203.79227000601
2019-07-31 00:00:00+00:00,43802.30376496688
2019-08-01 00:00:00+00:00,44968.04875325253
2019-08-02 00:00:00+00:00,44280.731002021006
2019-08-03 00:00:00+00:00,45221.29396221025
2019-08-04 00:00:00+00:00,44734.863201567496
2019-08-05 00:00:00+00:00,47674.26180955113
2019-08-06 00:00:00+00:00,46978.92250575045
2019-08-07 00:00:00+00:00,46634.57825039752
2019-08-08 00:00:00+00:00,45280.929540871846
2019-08-09 00:00:00+00:00,44203.667634724196
2019-08-10 00:00:00+00:00,44519.29426400382
2019-08-11 00:00:00+00:00,43936.540964847874
2019-08-12 00:00:00+00:00,42860.40598516681
2019-08-13 00:00:00+00:00,46653.59886040332
2019-08-14 00:00:00+00:00,43067.28434885367
2019-08-15 00:00:00+00:00,45261.627493411535
2019-08-16 00:00:00+00:00,45522.934357739
2019-08-17 00:00:00+00:00,45492.58939538336
2019-08-18 00:00:00+00:00,47287.22485994517
2019-08-19 00:00:00+00:00,50168.097309239616
2019-08-20 00:00:00+00:00,47463.27158434577
2019-08-21 00:00:00+00:00,44274.849594949796
2019-08-22 00:00:00+00:00,46307.491869160476
2019-08-23 00:00:00+00:00,49321.18118391572
2019-08-24 00:00:00+00:00,46744.486673290194
2019-08-25 00:00:00+00:00,47471.22529525894
2019-08-26 00:00:00+00:00,47846.75618457003
2019-08-27 00:00:00+00:00,48188.26458027874
2019-08-28 00:00:00+00:00,45428.3594887346
2019-08-29 00:00:00+00:00,44300.80032202853
2019-08-30 00:00:00+00:00,46447.930506191384
2019-08-31 00:00:00+00:00,47094.66849068214
2019-09-01 00:00:00+00:00,48663.89970254266
2019-09-02 00:00:00+00:00,49277.47520520288
2019-09-03 00:00:00+00:00,48543.25974412298
2019-09-04 00:00:00+00:00,49797.59303563534
2019-09-05 00:00:00+00:00,49627.83514571626
2019-09-06 00:00:00+00:00,47587.91691591336
2019-09-07 00:00:00+00:00,47553.667687041634
2019-09-08 00:00:00+00:00,49820.77520744027
2019-09-09 00:00:00+00:00,47584.912074801585
2019-09-10 00:00:00+00:00,46990.63772555374
2019-09-11 00:00:00+00:00,47373.62181814987
2019-09-12 00:00:00+00:00,45904.80654891807
2019-09-13 00:00:00+00:00,46450.026461104404
2019-09-14 00:00:00+00:00,49734.7844719989
2019-09-15 00:00:00+00:00,48395.31657182759
2019-09-16 00:00:00+00:00,49417.92656690948
2019-09-17 00:00:00+00:00,49591.65175302062
2019-09-18 00:00:00+00:00,49285.87712158044
2019-09-19 00:00:00+00:00,52503.43771461568
2019-09-20 00:00:00+00:00,52203.607340678034
2019-09-21 00:00:00+00:00,51520.9555453027
2019-09-22 00:00:00+00:00,51335.56597344525
2019-09-23 00:00:00+00:00,48458.883497309595
2019-09-24 00:00:00+00:00,43565.444204283805
2019-09-25 00:00:00+00:00,43082.10605049535
2019-09-26 00:00:00+00:00,43945.80901443802
2019-09-27 00:00:00+00:00,44699.77674019901
2019-09-28 00:00:00+00:00,45100.460261822045
2019-09-29 00:00:00+00:00,44931.8591731802
2019-09-30 00:00:00+00:00,43855.49995219196
2019-10-01 00:00:00+00:00,43915.0713095007
2019-10-02 00:00:00+00:00,44934.942224226324
2019-10-03 00:00:00+00:00,44446.52468925704
2019-10-04 00:00:00+00:00,46174.33307024532
2019-10-05 00:00:00+00:00,45260.857474745106
2019-10-06 00:00:00+00:00,45005.91416571931
2019-10-07 00:00:00+00:00,44402.221716750464
2019-10-08 00:00:00+00:00,45017.10009673846
2019-10-09 00:00:00+00:00,48021.11600074195
2019-10-10 00:00:00+00:00,47537.620750298716
2019-10-11 00:00:00+00:00,46018.03119577904
2019-10-12 00:00:00+00:00,45160.592346146426
2019-10-13 00:00:00+00:00,46473.80957417996
2019-10-14 00:00:00+00:00,49050.27389673787
2019-10-15 00:00:00+00:00,48214.47114013077
2019-10-16 00:00:00+00:00,47003.66677500869
2019-10-17 00:00:00+00:00,49736.55801105799
2019-10-18 00:00:00+00:00,46434.91829696294
2019-10-19 00:00:00+00:00,47873.3448559251
2019-10-20 00:00:00+00:00,49418.96720198191
2019-10-21 00:00:00+00:00,50456.75260192931
2019-10-22 00:00:00+00:00,50021.48652084335
2019-10-23 00:00:00+00:00,47666.01786695972
2019-10-24 00:00:00+00:00,46050.36656929149
2019-10-25 00:00:00+00:00,72207.720785029
2019-10-26 00:00:00+00:00,71091.46704373564
2019-10-27 00:00:00+00:00,70450.20654527395
2019-10-28 00:00:00+00:00,71931.89268777518
2019-10-29 00:00:00+00:00,69417.04248221315
2019-10-30 00:00:00+00:00,66127.1269956482
2019-10-31 00:00:00+00:00,70390.85775233131
2019-11-01 00:00:00+00:00,70609.57156761794
2019-11-02 00:00:00+00:00,122455.7420793697
2019-11-03 00:00:00+00:00,122952.22103300541
2019-11-04 00:00:00+00:00,122114.33635807669
2019-11-05 00:00:00+00:00,114756.26317462783
2019-11-06 00:00:00+00:00,122063.88917351139
2019-11-07 00:00:00+00:00,124199.26192881724
2019-11-08 00:00:00+00:00,118180.29755763483
2019-11-09 00:00:00+00:00,116656.52329975048
2019-11-10 00:00:00+00:00,118817.86043290154
2019-11-11 00:00:00+00:00,116915.18196384366
2019-11-12 00:00:00+00:00,115039.65541102523
2019-11-13 00:00:00+00:00,125769.88602649144
2019-11-14 00:00:00+00:00,125440.952468822
2019-11-15 00:00:00+00:00,122546.98067491247
2019-11-16 00:00:00+00:00,125715.1682885343
2019-11-17 00:00:00+00:00,126006.05058832325
2019-11-18 00:00:00+00:00,123671.88661208365
2019-11-19 00:00:00+00:00,122475.3193596728
2019-11-20 00:00:00+00:00,119571.3058974731
2019-11-21 00:00:00+00:00,112309.46183830901
2019-11-22 00:00:00+00:00,107456.80307236203
2019-11-23 00:00:00+00:00,109351.2465288544
2019-11-24 00:00:00+00:00,105556.5900540755
2019-11-25 00:00:00+00:00,104594.28759166542
2019-11-26 00:00:00+00:00,106159.06621089368
2019-11-27 00:00:00+00:00,111338.99597547288
2019-11-28 00:00:00+00:00,111795.65407398732
2019-11-29 00:00:00+00:00,120049.63977633277
2019-11-30 00:00:00+00:00,122650.65561009747
2019-12-01 00:00:00+00:00,123464.1640738302
2019-12-02 00:00:00+00:00,120710.04182619326
2019-12-03 00:00:00+00:00,122829.7270947524
2019-12-04 00:00:00+00:00,120419.5606859065
2019-12-05 00:00:00+00:00,121063.25178988017
2019-12-06 00:00:00+00:00,127095.16261134576
2019-12-07 00:00:00+00:00,126176.64723438345
2019-12-08 00:00:00+00:00,122763.82970328827
2019-12-09 00:00:00+00:00,118061.51596412832
2019-12-10 00:00:00+00:00,113788.97071626864
2019-12-11 00:00:00+00:00,118261.53483208688
2019-12-12 00:00:00+00:00,120883.7263916769
2019-12-13 00:00:00+00:00,115289.53158049249
2019-12-14 00:00:00+00:00,129779.33439161618
2019-12-15 00:00:00+00:00,137402.5010038486
2019-12-16 00:00:00+00:00,154557.41746642863
2019-12-17 00:00:00+00:00,145258.07020690865
2019-12-18 00:00:00+00:00,148965.61976814218
2019-12-19 00:00:00+00:00,156407.46546355975
2019-12-20 00:00:00+00:00,150339.38692192137
2019-12-21 00:00:00+00:00,145002.79451358248
2019-12-22 00:00:00+00:00,143082.51670402693
2019-12-23 00:00:00+00:00,146909.59272170445
2019-12-24 00:00:00+00:00,145781.17155392724
2019-12-25 00:00:00+00:00,144736.66841772766
2019-12-26 00:00:00+00:00,153464.6325617861
2019-12-27 00:00:00+00:00,160246.21059265782
2019-12-28 00:00:00+00:00,153697.37437571734
2019-12-29 00:00:00+00:00,165647.58231330945
2019-12-30 00:00:00+00:00,162776.26075382167
2019-12-31 00:00:00+00:00,159103.38150175716
2020-01-01 00:00:00+00:00,158006.63454623774
2020-01-02 00:00:00+00:00,160358.5391125135
2020-01-03 00:00:00+00:00,168415.1300027704
2020-01-04 00:00:00+00:00,170829.5591638593
2020-01-05 00:00:00+00:00,180107.63975091526
2020-01-06 00:00:00+00:00,174332.26295276938
2020-01-07 00:00:00+00:00,177428.6262836144
2020-01-08 00:00:00+00:00,180454.2104590807
2020-01-09 00:00:00+00:00,168033.16267052272
2020-01-10 00:00:00+00:00,185773.39235233053
2020-01-11 00:00:00+00:00,185545.6361852938
2020-01-12 00:00:00+00:00,175726.89246244373
2020-01-13 00:00:00+00:00,183293.0143617102
2020-01-14 00:00:00+00:00,203707.65795529095
2020-01-15 00:00:00+00:00,235021.37061823733
2020-01-16 00:00:00+00:00,220894.35324827745
2020-01-17 00:00:00+00:00,236169.16270328953
2020-01-18 00:00:00+00:00,229832.38284236562
2020-01-19 00:00:00+00:00,229263.64497974183
2020-01-20 00:00:00+00:00,235323.30904246678
2020-01-21 00:00:00+00:00,226768.4614206854
2020-01-22 00:00:00+00:00,236080.22762295505
2020-01-23 00:00:00+00:00,237225.4025982655
2020-01-24 00:00:00+00:00,238603.80121736572
2020-01-25 00:00:00+00:00,227230.18944005962
2020-01-26 00:00:00+00:00,236146.2105369665
2020-01-27 00:00:00+00:00,243787.70754793595
2020-01-28 00:00:00+00:00,257985.83856012695
2020-01-29 00:00:00+00:00,256885.42603247365
2020-01-30 00:00:00+00:00,251538.87251746395
2020-01-31 00:00:00+00:00,255998.7695001828
2020-02-01 00:00:00+00:00,260671.1905003126
2020-02-02 00:00:00+00:00,254459.53949950667
2020-02-03 00:00:00+00:00,296332.834210466
2020-02-04 00:00:00+00:00,291835.28844978916
2020-02-05 00:00:00+00:00,301752.62952840887
2020-02-06 00:00:00+00:00,305434.36098866106
2020-02-07 00:00:00+00:00,309824.50832095026
2020-02-08 00:00:00+00:00,312604.3708053511
2020-02-09 00:00:00+00:00,311768.4607590894
2020-02-10 00:00:00+00:00,309915.95950563636
2020-02-11 00:00:00+00:00,325418.18781847117
2020-02-12 00:00:00+00:00,337071.33093551017
2020-02-13 00:00:00+00:00,327647.80651721783
2020-02-14 00:00:00+00:00,341751.0735583854
2020-02-15 00:00:00+00:00,327002.5427111046
2020-02-16 00:00:00+00:00,321185.4452276893
2020-02-17 00:00:00+00:00,322893.2750117963
2020-02-18 00:00:00+00:00,330110.14580414206
2020-02-19 00:00:00+00:00,299914.7445819743
2020-02-20 00:00:00+00:00,302616.5029602209
2020-02-21 00:00:00+00:00,298967.27422981145
2020-02-22 00:00:00+00:00,289548.4951869922
2020-02-23 00:00:00+00:00,344872.84287308744
2020-02-24 00:00:00+00:00,331689.49568315403
2020-02-25 00:00:00+00:00,315456.1667099951
2020-02-26 00:00:00+00:00,296468.08094257343
2020-02-27 00:00:00+00:00,299054.9289885106
2020-02-28 00:00:00+00:00,283504.01884403476
2020-02-29 00:00:00+00:00,287698.1718095065
2020-03-01 00:00:00+00:00,279788.843369062
2020-03-02 00:00:00+00:00,282076.369103632
2020-03-03 00:00:00+00:00,307907.55274549394
2020-03-04 00:00:00+00:00,298334.1755054277
2020-03-05 00:00:00+00:00,318148.1201193768
2020-03-06 00:00:00+00:00,318282.96395432536
2020-03-07 00:00:00+00:00,339874.31776714727
2020-03-08 00:00:00+00:00,316747.4718569516
2020-03-09 00:00:00+00:00,308769.4456646474
2020-03-10 00:00:00+00:00,307746.28608928726
2020-03-11 00:00:00+00:00,313785.14777023904
2020-03-12 00:00:00+00:00,192358.2430373042
2020-03-13 00:00:00+00:00,216707.30113035883
2020-03-14 00:00:00+00:00,208243.89371984848
2020-03-15 00:00:00+00:00,215018.3910926457
2020-03-16 00:00:00+00:00,197238.01423016255
2020-03-17 00:00:00+00:00,207444.2728335889
2020-03-18 00:00:00+00:00,219076.06839728056
2020-03-19 00:00:00+00:00,265378.5451027554
2020-03-20 00:00:00+00:00,280084.1514479799
2020-03-21 00:00:00+00:00,262789.42900034384
2020-03-22 00:00:00+00:00,256990.48936746453
2020-03-23 00:00:00+00:00,273685.40078316675
2020-03-24 00:00:00+00:00,331771.3190063461
2020-03-25 00:00:00+00:00,323937.13763376366
2020-03-26 00:00:00+00:00,333273.2680243139
2020-03-27 00:00:00+00:00,302637.0145865289
2020-03-28 00:00:00+00:00,291561.98264137795
2020-03-29 00:00:00+00:00,287118.17456851003
2020-03-30 00:00:00+00:00,315928.63913977356
2020-03-31 00:00:00+00:00,310125.40667374403
2020-04-01 00:00:00+00:00,339120.33410093765
2020-04-02 00:00:00+00:00,362798.61212069134
2020-04-03 00:00:00+00:00,375714.2732646288
2020-04-04 00:00:00+00:00,359318.78496211633
2020-04-05 00:00:00+00:00,383068.12456984626
2020-04-06 00:00:00+00:00,430065.2225732971
2020-04-07 00:00:00+00:00,436997.43365020165
2020-04-08 00:00:00+00:00,459289.7260950325
2020-04-09 00:00:00+00:00,508670.6869852096
2020-04-10 00:00:00+00:00,473942.75458982267
2020-04-11 00:00:00+00:00,464561.13991509157
2020-04-12 00:00:00+00:00,490808.1539512256
2020-04-13 00:00:00+00:00,482974.2205394196
2020-04-14 00:00:00+00:00,465383.9795813733
2020-04-15 00:00:00+00:00,509636.7856819086
2020-04-16 00:00:00+00:00,530826.0889867106
2020-04-17 00:00:00+00:00,519298.81563149276
2020-04-18 00:00:00+00:00,543553.917361044
2020-04-19 00:00:00+00:00,542027.3242493907
2020-04-20 00:00:00+00:00,544870.9215709134
2020-04-21 00:00:00+00:00,543929.689004682
2020-04-22 00:00:00+00:00,550208.1117966024
2020-04-23 00:00:00+00:00,592769.0852059978
2020-04-24 00:00:00+00:00,598972.3293417237
2020-04-25 00:00:00+00:00,588763.5908798908
2020-04-26 00:00:00+00:00,619235.9403451047
2020-04-27 00:00:00+00:00,598710.2798328727
2020-04-28 00:00:00+00:00,651941.606091309
2020-04-29 00:00:00+00:00,745592.5839716457
2020-04-30 00:00:00+00:00,712335.6186993745
2020-05-01 00:00:00+00:00,695720.1965262026
2020-05-02 00:00:00+00:00,766149.1961586042
2020-05-03 00:00:00+00:00,806374.0330524407
2020-05-04 00:00:00+00:00,759717.9716043249
2020-05-05 00:00:00+00:00,821304.3651895002
2020-05-06 00:00:00+00:00,824714.164445848
2020-05-07 00:00:00+00:00,888008.2120891163
2020-05-08 00:00:00+00:00,876420.1213233024
2020-05-09 00:00:00+00:00,848570.862761274
2020-05-10 00:00:00+00:00,763138.5155286468
2020-05-11 00:00:00+00:00,757156.8570573138
2020-05-12 00:00:00+00:00,823687.1722213905
2020-05-13 00:00:00+00:00,887851.5575650146
2020-05-14 00:00:00+00:00,877059.88962058
2020-05-15 00:00:00+00:00,798602.4799967378
2020-05-16 00:00:00+00:00,859401.8047346579
2020-05-17 00:00:00+00:00,907272.831129381
2020-05-18 00:00:00+00:00,1025769.2617996365
2020-05-19 00:00:00+00:00,995001.4936507029
2020-05-20 00:00:00+00:00,1313898.6401782942
2020-05-21 00:00:00+00:00,4904210.6936910115
2020-05-22 00:00:00+00:00,4741896.061226669
2020-05-23 00:00:00+00:00,4773603.909843141
2020-05-24 00:00:00+00:00,4722726.036110103
2020-05-25 00:00:00+00:00,4788101.24136956
2020-05-26 00:00:00+00:00,4653568.286689227
2020-05-27 00:00:00+00:00,4938238.465639121
2020-05-28 00:00:00+00:00,5178420.922491344
2020-05-29 00:00:00+00:00,5416307.723836178
2020-05-30 00:00:00+00:00,5641306.198294639
2020-05-31 00:00:00+00:00,5531621.201887888
2020-06-01 00:00:00+00:00,5605865.332833958
2020-06-02 00:00:00+00:00,5574956.603919057
2020-06-03 00:00:00+00:00,5988654.789588941
2020-06-04 00:00:00+00:00,5990938.373915837
2020-06-05 00:00:00+00:00,5960831.023245776
2020-06-06 00:00:00+00:00,6170764.312009144
2020-06-07 00:00:00+00:00,6273372.635892466
2020-06-08 00:00:00+00:00,6568398.607886818
2020-06-09 00:00:00+00:00,6382391.830507416
2020-06-10 00:00:00+00:00,6418736.09478039
2020-06-11 00:00:00+00:00,6055711.69789209
2020-06-12 00:00:00+00:00,6066379.6793471575
2020-06-13 00:00:00+00:00,6228445.647771926
2020-06-14 00:00:00+00:00,6161253.0455089575
2020-06-15 00:00:00+00:00,6282585.208671575
2020-06-16 00:00:00+00:00,6406185.29088093
2020-06-17 00:00:00+00:00,6485834.935098894
2020-06-18 00:00:00+00:00,6654859.964250782
2020-06-19 00:00:00+00:00,6535547.2287043715
2020-06-20 00:00:00+00:00,6497559.4344711285
2020-06-21 00:00:00+00:00,6624259.607937746
2020-06-22 00:00:00+00:00,7079650.532398155
2020-06-23 00:00:00+00:00,7333734.895775604
2020-06-24 00:00:00+00:00,7388730.825608822
2020-06-25 00:00:00+00:00,7136577.035783237
2020-06-26 00:00:00+00:00,6915452.198928646
2020-06-27 00:00:00+00:00,6970670.221486785
2020-06-28 00:00:00+00:00,9286082.654878473
2020-06-29 00:00:00+00:00,9027549.89592899
2020-06-30 00:00:00+00:00,9554399.121036606
2020-07-01 00:00:00+00:00,11180189.940937443
2020-07-02 00:00:00+00:00,10789166.660145475
2020-07-03 00:00:00+00:00,10559022.422629831
2020-07-04 00:00:00+00:00,11455461.463065501
2020-07-05 00:00:00+00:00,10801927.592361495
2020-07-06 00:00:00+00:00,10668345.748949008
2020-07-07 00:00:00+00:00,11807300.677037926
2020-07-08 00:00:00+00:00,11898696.005147137
2020-07-09 00:00:00+00:00,11276909.85100304
2020-07-10 00:00:00+00:00,11576264.354958339
2020-07-11 00:00:00+00:00,12581147.28554247
2020-07-12 00:00:00+00:00,12022454.930587228
2020-07-13 00:00:00+00:00,12362507.025617423
2020-07-14 00:00:00+00:00,12738621.273940245
2020-07-15 00:00:00+00:00,12439035.795577662
2020-07-16 00:00:00+00:00,12515739.655383807
2020-07-17 00:00:00+00:00,13196934.537316423
2020-07-18 00:00:00+00:00,13025774.868793441
2020-07-19 00:00:00+00:00,13352348.535155455
2020-07-20 00:00:00+00:00,13215322.394188223
2020-07-21 00:00:00+00:00,14848637.33363086
2020-07-22 00:00:00+00:00,14753485.947160903
2020-07-23 00:00:00+00:00,15008792.323318161
2020-07-24 00:00:00+00:00,16068716.209269347
2020-07-25 00:00:00+00:00,16783195.71218687
2020-07-26 00:00:00+00:00,17043766.167037442
2020-07-27 00:00:00+00:00,17262833.467382558
2020-07-28 00:00:00+00:00,17463799.39797943
2020-07-29 00:00:00+00:00,17729556.534995478
2020-07-30 00:00:00+00:00,19136302.078611758
2020-07-31 00:00:00+00:00,19743561.206835248
2020-08-01 00:00:00+00:00,21683257.98604734
2020-08-02 00:00:00+00:00,19841292.87825028
2020-08-03 00:00:00+00:00,20112934.036719926
2020-08-04 00:00:00+00:00,20438155.474763602
2020-08-05 00:00:00+00:00,20252774.61253189
2020-08-06 00:00:00+00:00,21095552.735360343
2020-08-07 00:00:00+00:00,21466903.165251248
2020-08-08 00:00:00+00:00,22905819.383147255
2020-08-09 00:00:00+00:00,23251629.82198259
2020-08-10 00:00:00+00:00,25207319.290276248
2020-08-11 00:00:00+00:00,23109393.867625475
2020-08-12 00:00:00+00:00,25130279.84369727
2020-08-13 00:00:00+00:00,26689107.294551086
2020-08-14 00:00:00+00:00,27170737.69229458
2020-08-15 00:00:00+00:00,27888096.40420213
2020-08-16 00:00:00+00:00,28381423.13647255
2020-08-17 00:00:00+00:00,29685850.85655991
2020-08-18 00:00:00+00:00,28072652.282799523
2020-08-19 00:00:00+00:00,29049706.402111188
2020-08-20 00:00:00+00:00,29455927.71754003
2020-08-21 00:00:00+00:00,27223779.471227534
2020-08-22 00:00:00+00:00,29928217.429013614
2020-08-23 00:00:00+00:00,29538570.383196842
2020-08-24 00:00:00+00:00,29193297.256394744
2020-08-25 00:00:00+00:00,27653206.284644082
2020-08-26 00:00:00+00:00,29545286.179013778
2020-08-27 00:00:00+00:00,27975108.31521908
2020-08-28 00:00:00+00:00,29821724.237646732
2020-08-29 00:00:00+00:00,29521041.634275958
2020-08-30 00:00:00+00:00,31152926.66705258
2020-08-31 00:00:00+00:00,31969624.71946451
2020-09-01 00:00:00+00:00,32119777.697733037
2020-09-02 00:00:00+00:00,31283390.59956944
2020-09-03 00:00:00+00:00,27836107.947815966
2020-09-04 00:00:00+00:00,27852051.8278612
2020-09-05 00:00:00+00:00,26764088.960502606
2020-09-06 00:00:00+00:00,26949537.548568204
2020-09-07 00:00:00+00:00,26462447.978768777
2020-09-08 00:00:00+00:00,26440241.999418072
2020-09-09 00:00:00+00:00,25892683.84177436
2020-09-10 00:00:00+00:00,26517939.68795928
2020-09-11 00:00:00+00:00,28242449.850757066
2020-09-12 00:00:00+00:00,27942672.766403697
2020-09-13 00:00:00+00:00,27305025.731078513
2020-09-14 00:00:00+00:00,26700704.242672034
2020-09-15 00:00:00+00:00,28588760.777328797
2020-09-16 00:00:00+00:00,28299885.856467072
2020-09-17 00:00:00+00:00,27485633.62980419
2020-09-18 00:00:00+00:00,27870882.384259824
2020-09-19 00:00:00+00:00,27445774.588811304
2020-09-20 00:00:00+00:00,27578407.341308653
2020-09-21 00:00:00+00:00,26222620.605801687
2020-09-22 00:00:00+00:00,27037828.75632206
2020-09-23 00:00:00+00:00,26016107.8832698
2020-09-24 00:00:00+00:00,28309683.64990133
2020-09-25 00:00:00+00:00,28670300.84215273
2020-09-26 00:00:00+00:00,29097700.50537168
2020-09-27 00:00:00+00:00,27657316.93882704
2020-09-28 00:00:00+00:00,28122760.11876531
2020-09-29 00:00:00+00:00,27555111.72232398
2020-09-30 00:00:00+00:00,26765761.067478515
2020-10-01 00:00:00+00:00,26494073.333353642
2020-10-02 00:00:00+00:00,32409464.188794598
2020-10-03 00:00:00+00:00,33520334.66535966
2020-10-04 00:00:00+00:00,49774766.5596775
2020-10-05 00:00:00+00:00,48368917.0273083
2020-10-06 00:00:00+00:00,46272248.26218969
2020-10-07 00:00:00+00:00,46683758.54285789
2020-10-08 00:00:00+00:00,46649213.66550244
2020-10-09 00:00:00+00:00,51723486.86490473
2020-10-10 00:00:00+00:00,58977755.62984186
2020-10-11 00:00:00+00:00,58514297.65339553
2020-10-12 00:00:00+00:00,60870634.37970519
2020-10-13 00:00:00+00:00,61730177.52936023
2020-10-14 00:00:00+00:00,63627152.31626669
2020-10-15 00:00:00+00:00,69285579.98690337
2020-10-16 00:00:00+00:00,67800321.37282969
2020-10-17 00:00:00+00:00,68310523.67383367
2020-10-18 00:00:00+00:00,66815288.83678296
2020-10-19 00:00:00+00:00,76922642.02208146
2020-10-20 00:00:00+00:00,71395483.23740861
2020-10-21 00:00:00+00:00,76718723.01491818
2020-10-22 00:00:00+00:00,79680647.62579519
2020-10-23 00:00:00+00:00,88934610.07384032
2020-10-24 00:00:00+00:00,87664092.56224391
2020-10-25 00:00:00+00:00,82618000.95428118
2020-10-26 00:00:00+00:00,94603634.39268225
2020-10-27 00:00:00+00:00,97913788.13354853
2020-10-28 00:00:00+00:00,92194345.46458015
2020-10-29 00:00:00+00:00,92559920.36584884
2020-10-30 00:00:00+00:00,89489819.19720314
2020-10-31 00:00:00+00:00,91218843.52705476
2020-11-01 00:00:00+00:00,94534678.16853397
2020-11-02 00:00:00+00:00,91122730.64195089
2020-11-03 00:00:00+00:00,92325393.6311871
2020-11-04 00:00:00+00:00,87444371.162616
2020-11-05 00:00:00+00:00,105905975.73169047
2020-11-06 00:00:00+00:00,110822674.27848461
2020-11-07 00:00:00+00:00,107345899.03991815
2020-11-08 00:00:00+00:00,102391273.25430132
2020-11-09 00:00:00+00:00,103095298.76664865
2020-11-10 00:00:00+00:00,102007278.84184977
2020-11-11 00:00:00+00:00,107168293.07012405
2020-11-12 00:00:00+00:00,105766366.8012326
2020-11-13 00:00:00+00:00,109117776.7154624
2020-11-14 00:00:00+00:00,132319827.73329811
2020-11-15 00:00:00+00:00,128636561.96599528
2020-11-16 00:00:00+00:00,123641510.01578988
2020-11-17 00:00:00+00:00,127657659.47869839
2020-11-18 00:00:00+00:00,127501454.5647283
2020-11-19 00:00:00+00:00,127419740.55049193
2020-11-20 00:00:00+00:00,131623368.62685044
2020-11-21 00:00:00+00:00,131882846.30309057
2020-11-22 00:00:00+00:00,135183108.2441523
2020-11-23 00:00:00+00:00,146096354.51833686
2020-11-24 00:00:00+00:00,141399564.79345143
2020-11-25 00:00:00+00:00,153118400.39176852
2020-11-26 00:00:00+00:00,136431306.2014787
2020-11-27 00:00:00+00:00,138587842.6227239
2020-11-28 00:00:00+00:00,147549791.94896483
2020-11-29 00:00:00+00:00,151910024.23667744
2020-11-30 00:00:00+00:00,165349557.58784205
2020-12-01 00:00:00+00:00,162643751.03032988
2020-12-02 00:00:00+00:00,166813188.1528443
2020-12-03 00:00:00+00:00,172876157.1236431
2020-12-04 00:00:00+00:00,159507098.9953822
2020-12-05 00:00:00+00:00,167375122.8782993
2020-12-06 00:00:00+00:00,179603238.0752403
2020-12-07 00:00:00+00:00,197629473.08424354
2020-12-08 00:00:00+00:00,191701004.1308811
2020-12-09 00:00:00+00:00,190589869.48201138
2020-12-10 00:00:00+00:00,206525760.57522434
2020-12-11 00:00:00+00:00,212436053.90567595
2020-12-12 00:00:00+00:00,220136762.60255855
2020-12-13 00:00:00+00:00,210409226.63709068
2020-12-14 00:00:00+00:00,208656274.00020984
2020-12-15 00:00:00+00:00,204319895.95655122
2020-12-16 00:00:00+00:00,212389266.69489735
2020-12-17 00:00:00+00:00,226226108.00278214
2020-12-18 00:00:00+00:00,233278331.7507469
2020-12-19 00:00:00+00:00,272890726.81938887
2020-12-20 00:00:00+00:00,264651833.66321203
2020-12-21 00:00:00+00:00,254289219.36521
2020-12-22 00:00:00+00:00,270948543.7303834
2020-12-23 00:00:00+00:00,257303855.07936215
2020-12-24 00:00:00+00:00,262711349.1252294
2020-12-25 00:00:00+00:00,263343319.8763374
2020-12-26 00:00:00+00:00,265033582.2551843
2020-12-27 00:00:00+00:00,286253332.0158083
2020-12-28 00:00:00+00:00,277767920.4956606
2020-12-29 00:00:00+00:00,276568274.87183887
2020-12-30 00:00:00+00:00,293904610.2974743
2020-12-31 00:00:00+00:00,353606412.8852813
2021-01-01 00:00:00+00:00,350624123.2470586
2021-01-02 00:00:00+00:00,387458712.37148196
2021-01-03 00:00:00+00:00,408176209.5767244
2021-01-04 00:00:00+00:00,393963100.51910335
2021-01-05 00:00:00+00:00,497594120.087304
2021-01-06 00:00:00+00:00,575370227.8816447
2021-01-07 00:00:00+00:00,594523273.2554561
2021-01-08 00:00:00+00:00,556963664.4437983
2021-01-09 00:00:00+00:00,717893131.1645212
2021-01-10 00:00:00+00:00,670908047.4251714
2021-01-11 00:00:00+00:00,655849213.7702211
2021-01-12 00:00:00+00:00,602859891.4093267
2021-01-13 00:00:00+00:00,662257821.6649684
2021-01-14 00:00:00+00:00,667403969.6594716
2021-01-15 00:00:00+00:00,648465015.838323
2021-01-16 00:00:00+00:00,629516611.1554855
2021-01-17 00:00:00+00:00,771114827.6316268
2021-01-18 00:00:00+00:00,750845718.6253289
2021-01-19 00:00:00+00:00,736773829.7810969
2021-01-20 00:00:00+00:00,799598544.1587732
2021-01-21 00:00:00+00:00,728081831.8433027
2021-01-22 00:00:00+00:00,792315922.2997645
2021-01-23 00:00:00+00:00,851357780.8466104
2021-01-24 00:00:00+00:00,835457974.4119282
2021-01-25 00:00:00+00:00,821326995.2145658
2021-01-26 00:00:00+00:00,946944240.3051697
2021-01-27 00:00:00+00:00,852264067.7081826
2021-01-28 00:00:00+00:00,1010532708.3936179
2021-01-29 00:00:00+00:00,1202130503.3010979
2021-01-30 00:00:00+00:00,1244894361.2327168
2021-01-31 00:00:00+00:00,1314226870.0522957
2021-02-01 00:00:00+00:00,1920432002.9207864
2021-02-02 00:00:00+00:00,1827813981.5312357
2021-02-03 00:00:00+00:00,2002261008.1531265
2021-02-04 00:00:00+00:00,2366437313.107055
2021-02-05 00:00:00+00:00,2460920721.2920375
2021-02-06 00:00:00+00:00,2690670042.870061
2021-02-07 00:00:00+00:00,2759189543.558222
2021-02-08 00:00:00+00:00,2930346000.01073
2021-02-09 00:00:00+00:00,4117237572.1258693
2021-02-10 00:00:00+00:00,4156451861.275664
2021-02-11 00:00:00+00:00,4288992695.900399
2021-02-12 00:00:00+00:00,4526067500.156079
2021-02-13 00:00:00+00:00,4605499402.724978
2021-02-14 00:00:00+00:00,5665798403.401872
2021-02-15 00:00:00+00:00,5608125342.8506155
2021-02-16 00:00:00+00:00,5938605493.837671
2021-02-17 00:00:00+00:00,6144806807.594771
2021-02-18 00:00:00+00:00,6254693785.452908
2021-02-19 00:00:00+00:00,7120457721.730502
2021-02-20 00:00:00+00:00,8641504229.840511
2021-02-21 00:00:00+00:00,10327137431.624771
2021-02-22 00:00:00+00:00,9429397559.738417
2021-02-23 00:00:00+00:00,8828613181.397608
2021-02-24 00:00:00+00:00,8957676533.102448
2021-02-25 00:00:00+00:00,10162554344.29893
2021-02-26 00:00:00+00:00,10150054604.673368
2021-02-27 00:00:00+00:00,10361048802.269701
2021-02-28 00:00:00+00:00,9585058999.820698
2021-03-01 00:00:00+00:00,12691288324.76296
2021-03-02 00:00:00+00:00,13323342949.025942
2021-03-03 00:00:00+00:00,13716717954.565868
2021-03-04 00:00:00+00:00,12953910573.457945
2021-03-05 00:00:00+00:00,15499146005.483305
2021-03-06 00:00:00+00:00,18879805914.407204
2021-03-07 00:00:00+00:00,22231514111.06681
2021-03-08 00:00:00+00:00,20875551201.691513
2021-03-09 00:00:00+00:00,22212282125.061752
2021-03-10 00:00:00+00:00,21962660207.49958
2021-03-11 00:00:00+00:00,23985011430.765705
2021-03-12 00:00:00+00:00,24838364413.271828
2021-03-13 00:00:00+00:00,29386093335.67453
2021-03-14 00:00:00+00:00,28656416347.0877
2021-03-15 00:00:00+00:00,27670818061.26815
2021-03-16 00:00:00+00:00,28628347236.1063
2021-03-17 00:00:00+00:00,30216780533.381115
2021-03-18 00:00:00+00:00,30120838856.236214
2021-03-19 00:00:00+00:00,28979923496.469837
2021-03-20 00:00:00+00:00,29266597384.60205
2021-03-21 00:00:00+00:00,29974074220.557774
2021-03-22 00:00:00+00:00,28442841420.44858
2021-03-23 00:00:00+00:00,30517490838.5504
2021-03-24 00:00:00+00:00,31357267549.69741
2021-03-25 00:00:00+00:00,30187557778.774006
2021-03-26 00:00:00+00:00,32785061566.973625
2021-03-27 00:00:00+00:00,32734745908.56872
2021-03-28 00:00:00+00:00,32855554685.292976
2021-03-29 00:00:00+00:00,34061477726.972538
2021-03-30 00:00:00+00:00,35595732318.73606
2021-03-31 00:00:00+00:00,36124301272.74604
2021-04-01 00:00:00+00:00,38217109371.18366
2021-04-02 00:00:00+00:00,39072779954.29637
2021-04-03 00:00:00+00:00,36999823123.6298
2021-04-04 00:00:00+00:00,39114896712.901375
2021-04-05 00:00:00+00:00,42195059028.96639
2021-04-06 00:00:00+00:00,43047585425.342545
2021-04-07 00:00:00+00:00,42280169310.944
2021-04-08 00:00:00+00:00,44082687782.313354
2021-04-09 00:00:00+00:00,92066946149.58928
2021-04-10 00:00:00+00:00,85385695908.23805
2021-04-11 00:00:00+00:00,131156039991.29109
2021-04-12 00:00:00+00:00,120659601076.80537
2021-04-13 00:00:00+00:00,174011014300.25616
2021-04-14 00:00:00+00:00,170242478443.19617
2021-04-15 00:00:00+00:00,252124623327.3195
2021-04-16 00:00:00+00:00,265031899693.82666
2021-04-17 00:00:00+00:00,264029184636.26065
2021-04-18 00:00:00+00:00,321961441464.75134
2021-04-19 00:00:00+00:00,302924487283.5734
2021-04-20 00:00:00+00:00,439278906393.54755
2021-04-21 00:00:00+00:00,426489932064.1635
2021-04-22 00:00:00+00:00,415067309573.7428
2021-04-23 00:00:00+00:00,401610546950.57465
2021-04-24 00:00:00+00:00,412291811125.9485
2021-04-25 00:00:00+00:00,541218687639.31006
2021-04-26 00:00:00+00:00,573326493770.6283
2021-04-27 00:00:00+00:00,571353897719.8917
2021-04-28 00:00:00+00:00,556323993604.2261
2021-04-29 00:00:00+00:00,538953078144.1453
2021-04-30 00:00:00+00:00,686567233555.8788
2021-05-01 00:00:00+00:00,824585000519.1072
2021-05-02 00:00:00+00:00,961433783823.1842
2021-05-03 00:00:00+00:00,1028590214669.9398
2021-05-04 00:00:00+00:00,920861600935.9406
2021-05-05 00:00:00+00:00,1300042501302.3257
2021-05-06 00:00:00+00:00,1552640253923.6873
2021-05-07 00:00:00+00:00,1524815418715.347
2021-05-08 00:00:00+00:00,1515293475946.3862
2021-05-09 00:00:00+00:00,1503577931451.3782
2021-05-10 00:00:00+00:00,1468252742761.5413
2021-05-11 00:00:00+00:00,1905412484917.5645
2021-05-12 00:00:00+00:00,1666236347739.22
2021-05-13 00:00:00+00:00,1541271788115.956
2021-05-14 00:00:00+00:00,1547418371197.8035
2021-05-15 00:00:00+00:00,1405807295589.254
2021-05-16 00:00:00+00:00,1491109754855.3516
2021-05-17 00:00:00+00:00,1271493103222.678
2021-05-18 00:00:00+00:00,2101658007569.2205
2021-05-19 00:00:00+00:00,1607174479788.319
2021-05-20 00:00:00+00:00,1939751771974.8223
2021-05-21 00:00:00+00:00,1729656145350.288
2021-05-22 00:00:00+00:00,1788014731434.7568
2021-05-23 00:00:00+00:00,1530498226086.7888
2021-05-24 00:00:00+00:00,1803200713254.705
2021-05-25 00:00:00+00:00,1827381398009.4043
2021-05-26 00:00:00+00:00,1940264004168.303
2021-05-27 00:00:00+00:00,1921672086129.749
2021-05-28 00:00:00+00:00,1820217079132.2976
2021-05-29 00:00:00+00:00,1821030170755.1453
2021-05-30 00:00:00+00:00,1921725275231.9707
2021-05-31 00:00:00+00:00,1923065378848.78
2021-06-01 00:00:00+00:00,1856171741165.7437
2021-06-02 00:00:00+00:00,2041145259344.0137
2021-06-03 00:00:00+00:00,2169095354640.2175
2021-06-04 00:00:00+00:00,1911455786824.6228
2021-06-05 00:00:00+00:00,1921918054961.076
2021-06-06 00:00:00+00:00,2318121625435.1523
2021-06-07 00:00:00+00:00,2053807783316.2942
2021-06-08 00:00:00+00:00,2432732826113.4697
2021-06-09 00:00:00+00:00,2705685940444.186
2021-06-10 00:00:00+00:00,2604429923664.634
2021-06-11 00:00:00+00:00,2544153005321.618
2021-06-12 00:00:00+00:00,2418057137814.1646
2021-06-13 00:00:00+00:00,2929632299876.177
2021-06-14 00:00:00+00:00,3005404863537.9995
2021-06-15 00:00:00+00:00,2905567249773.769
2021-06-16 00:00:00+00:00,11095676267545.12
2021-06-17 00:00:00+00:00,10518571378804.889
2021-06-18 00:00:00+00:00,9673836472437.58
2021-06-19 00:00:00+00:00,10544257139624.04
2021-06-20 00:00:00+00:00,10593388018643.676
2021-06-21 00:00:00+00:00,16153839594856.84
2021-06-22 00:00:00+00:00,16585439414071.062
2021-06-23 00:00:00+00:00,24211156345325.242
2021-06-24 00:00:00+00:00,29376515193016.04
2021-06-25 00:00:00+00:00,26634551840331.95
2021-06-26 00:00:00+00:00,24017739496946.098
2021-06-27 00:00:00+00:00,25350971806742.047
2021-06-28 00:00:00+00:00,38134450179032.21
2021-06-29 00:00:00+00:00,37372911364993.12
2021-06-30 00:00:00+00:00,35870753525953.12
2021-07-01 00:00:00+00:00,53303571991481.984
2021-07-02 00:00:00+00:00,53044749937004.805
2021-07-03 00:00:00+00:00,52177880422672.56
2021-07-04 00:00:00+00:00,54408640099808.27
2021-07-05 00:00:00+00:00,52412751403197.03
2021-07-06 00:00:00+00:00,56613525379105.19
2021-07-07 00:00:00+00:00,61492682309607.77
2021-07-08 00:00:00+00:00,56718413087273.76
2021-07-09 00:00:00+00:00,60177659040644.47
2021-07-10 00:00:00+00:00,58605360071995.51
2021-07-11 00:00:00+00:00,77998166924960.84
2021-07-12 00:00:00+00:00,73860740958345.78
2021-07-13 00:00:00+00:00,73452270113974.0
2021-07-14 00:00:00+00:00,73461365750448.36
2021-07-15 00:00:00+00:00,98579922689875.27
2021-07-16 00:00:00+00:00,87605788086602.25
2021-07-17 00:00:00+00:00,86438249825774.53
2021-07-18 00:00:00+00:00,82107851934067.48
2021-07-19 00:00:00+00:00,94832826233230.14
2021-07-20 00:00:00+00:00,91211166145090.47
2021-07-21 00:00:00+00:00,96909332690738.2
2021-07-22 00:00:00+00:00,100204831318393.4
2021-07-23 00:00:00+00:00,94418460410449.19
2021-07-24 00:00:00+00:00,153216253183139.0
2021-07-25 00:00:00+00:00,152712962684133.25
2021-07-26 00:00:00+00:00,155404362319908.12
2021-07-27 00:00:00+00:00,168134116143759.25
2021-07-28 00:00:00+00:00,168470541384400.56
2021-07-29 00:00:00+00:00,165944251228147.22
2021-07-30 00:00:00+00:00,173519899745494.3
2021-07-31 00:00:00+00:00,192026705638309.66
2021-08-01 00:00:00+00:00,173505858102539.3
2021-08-02 00:00:00+00:00,195572761872478.88
2021-08-03 00:00:00+00:00,192534452186873.03
2021-08-04 00:00:00+00:00,192151806070138.9
2021-08-05 00:00:00+00:00,200333413779563.44
2021-08-06 00:00:00+00:00,319884048409822.1
2021-08-07 00:00:00+00:00,385341252910617.4
2021-08-08 00:00:00+00:00,411609242311972.2
2021-08-09 00:00:00+00:00,418813213573089.0
2021-08-10 00:00:00+00:00,452334941829364.06
2021-08-11 00:00:00+00:00,449040223552158.5
2021-08-12 00:00:00+00:00,454338064236099.7
2021-08-13 00:00:00+00:00,512419073507063.75
2021-08-14 00:00:00+00:00,490256331582962.6
2021-08-15 00:00:00+00:00,530049798405371.2
2021-08-16 00:00:00+00:00,531237538840696.0
2021-08-17 00:00:00+00:00,518132881230514.6
2021-08-18 00:00:00+00:00,544497864874863.4
2021-08-19 00:00:00+00:00,540928196103898.06
2021-08-20 00:00:00+00:00,577336748574620.2
2021-08-21 00:00:00+00:00,620400183689045.8
2021-08-22 00:00:00+00:00,990007618160082.6
2021-08-23 00:00:00+00:00,884290207465834.0
2021-08-24 00:00:00+00:00,1067690942083841.2
2021-08-25 00:00:00+00:00,1033272955377694.5
2021-08-26 00:00:00+00:00,949592560507769.0
2021-08-27 00:00:00+00:00,1094103591421077.0
2021-08-28 00:00:00+00:00,1077251033888278.9
2021-08-29 00:00:00+00:00,1088763580576397.5
2021-08-30 00:00:00+00:00,1037573775995326.5
2021-08-31 00:00:00+00:00,1010554136342157.2
2021-09-01 00:00:00+00:00,1160695686124456.2
2021-09-02 00:00:00+00:00,1125932210712498.8
2021-09-03 00:00:00+00:00,1149863592028569.2
2021-09-04 00:00:00+00:00,1098959131681470.8
2021-09-05 00:00:00+00:00,1144006988153933.5
2021-09-06 00:00:00+00:00,1155308637840489.5
2021-09-07 00:00:00+00:00,1035767029129170.8
2021-09-08 00:00:00+00:00,982074226588914.5
2021-09-09 00:00:00+00:00,1178678503263679.0
2021-09-10 00:00:00+00:00,1094978828690566.6
2021-09-11 00:00:00+00:00,1240894520446113.0
2021-09-12 00:00:00+00:00,1196247193457876.0
2021-09-13 00:00:00+00:00,1476984930500689.8
2021-09-14 00:00:00+00:00,1494913372842206.0
2021-09-15 00:00:00+00:00,1617975052586252.8
2021-09-16 00:00:00+00:00,1506841946097791.0
2021-09-17 00:00:00+00:00,1562529572232569.0
2021-09-18 00:00:00+00:00,1674016650012342.8
2021-09-19 00:00:00+00:00,1707687633741717.0
2021-09-20 00:00:00+00:00,1469938347011746.2
2021-09-21 00:00:00+00:00,1340545990418771.0
2021-09-22 00:00:00+00:00,1805811904400195.8
2021-09-23 00:00:00+00:00,2025077238026838.2
2021-09-24 00:00:00+00:00,1824047226853487.0
2021-09-25 00:00:00+00:00,1810878722790814.0
2021-09-26 00:00:00+00:00,2737170947971364.5
2021-09-27 00:00:00+00:00,2829157537563804.5
2021-09-28 00:00:00+00:00,3022840217189753.0
2021-09-29 00:00:00+00:00,4303413223911268.0
2021-09-30 00:00:00+00:00,4372543020501251.5
2021-10-01 00:00:00+00:00,4486448941577081.0
2021-10-02 00:00:00+00:00,4575255187943322.0
2021-10-03 00:00:00+00:00,4386808942404941.5
2021-10-04 00:00:00+00:00,5559856033788916.0
2021-10-05 00:00:00+00:00,5635089330922461.0
2021-10-06 00:00:00+00:00,5905617163686927.0
2021-10-07 00:00:00+00:00,8066732586657445.0
2021-10-08 00:00:00+00:00,8169638878835048.0
2021-10-09 00:00:00+00:00,8172071642218983.0
2021-10-10 00:00:00+00:00,8006194045779527.0
2021-10-11 00:00:00+00:00,1.1535610579413318e+16
2021-10-12 00:00:00+00:00,1.0778529677948704e+16
2021-10-13 00:00:00+00:00,1.0913586986198996e+16
2021-10-14 00:00:00+00:00,1.6440904818795294e+16
2021-10-15 00:00:00+00:00,1.5454985832963072e+16
2021-10-16 00:00:00+00:00,1.4398314651784188e+16
2021-10-17 00:00:00+00:00,3.603458946662184e+16
2021-10-18 00:00:00+00:00,4.130569552031936e+16
2021-10-19 00:00:00+00:00,4.013457797139062e+16
2021-10-20 00:00:00+00:00,4.612134999598253e+16
2021-10-21 00:00:00+00:00,4.317423206075832e+16
2021-10-22 00:00:00+00:00,4.829626828490108e+16
2021-10-23 00:00:00+00:00,4.8448632140315704e+16
2021-10-24 00:00:00+00:00,4.577381339789701e+16
2021-10-25 00:00:00+00:00,4.6919296173323816e+16
2021-10-26 00:00:00+00:00,4.576338943847136e+16
2021-10-27 00:00:00+00:00,4.382515795915147e+16
2021-10-28 00:00:00+00:00,4.5388354744499224e+16
2021-10-29 00:00:00+00:00,4.649099864539649e+16
2021-10-30 00:00:00+00:00,4.55860495271652e+16
2021-10-31 00:00:00+00:00,5.262747536554108e+16
2021-11-01 00:00:00+00:00,5.042933459561213e+16
2021-11-02 00:00:00+00:00,8.058175165809989e+16
2021-11-03 00:00:00+00:00,8.683883268586104e+16
